5/16/2025, 8:33:39 PM EDT [Modules] Modules initializing
5/16/2025, 8:33:39 PM EDT [Modules] Distribution: remote
5/16/2025, 8:33:39 PM EDT [Modules] Host updates: enabled
5/16/2025, 8:33:39 PM EDT [Modules] Module updates: enabled
5/16/2025, 8:33:39 PM EDT [Modules] Module install path: /home/steven/.config/discord/0.0.94/modules
5/16/2025, 8:33:39 PM EDT [Modules] Module installed file path: /home/steven/.config/discord/0.0.94/modules/installed.json
5/16/2025, 8:33:39 PM EDT [Modules] Module download path: /home/steven/.config/discord/0.0.94/modules/pending
5/16/2025, 8:33:39 PM EDT [Modules] Bootstrapping...
5/16/2025, 8:33:39 PM EDT [Modules] Installing discord_desktop_core@0 from /opt/discord/resources/bootstrap/discord_desktop_core.zip
5/16/2025, 8:33:39 PM EDT [Modules] Failed installing discord_desktop_core@0: Error: ENOENT: no such file or directory, open '/opt/discord/resources/bootstrap/discord_desktop_core.zip'
5/16/2025, 8:33:39 PM EDT [Modules] Installing discord_erlpack@0 from /opt/discord/resources/bootstrap/discord_erlpack.zip
5/16/2025, 8:33:39 PM EDT [Modules] Failed installing discord_erlpack@0: Error: ENOENT: no such file or directory, open '/opt/discord/resources/bootstrap/discord_erlpack.zip'
5/16/2025, 8:33:39 PM EDT [Modules] Installing discord_spellcheck@0 from /opt/discord/resources/bootstrap/discord_spellcheck.zip
5/16/2025, 8:33:39 PM EDT [Modules] Failed installing discord_spellcheck@0: Error: ENOENT: no such file or directory, open '/opt/discord/resources/bootstrap/discord_spellcheck.zip'
5/16/2025, 8:33:39 PM EDT [Modules] Installing discord_utils@0 from /opt/discord/resources/bootstrap/discord_utils.zip
5/16/2025, 8:33:39 PM EDT [Modules] Failed installing discord_utils@0: Error: ENOENT: no such file or directory, open '/opt/discord/resources/bootstrap/discord_utils.zip'
5/16/2025, 8:33:39 PM EDT [Modules] Installing discord_voice@0 from /opt/discord/resources/bootstrap/discord_voice.zip
5/16/2025, 8:33:39 PM EDT [Modules] Failed installing discord_voice@0: Error: ENOENT: no such file or directory, open '/opt/discord/resources/bootstrap/discord_voice.zip'
5/16/2025, 8:33:39 PM EDT [Modules] Installing discord_zstd@0 from /opt/discord/resources/bootstrap/discord_zstd.zip
5/16/2025, 8:33:39 PM EDT [Modules] Failed installing discord_zstd@0: Error: ENOENT: no such file or directory, open '/opt/discord/resources/bootstrap/discord_zstd.zip'
5/16/2025, 8:33:39 PM EDT [Modules] Finished module installations. [success: 0] [failure: 6]
5/16/2025, 8:33:39 PM EDT [Modules] Checking for host updates.
5/16/2025, 8:33:40 PM EDT [Modules] Host is up to date.
5/16/2025, 8:33:40 PM EDT [Modules] Checking for module updates at https://discord.com/api/modules/stable/versions.json
5/16/2025, 8:33:40 PM EDT [Modules] Module update available: discord_desktop_core@1 [installed: 0]
5/16/2025, 8:33:40 PM EDT [Modules] Module update available: discord_erlpack@1 [installed: 0]
5/16/2025, 8:33:40 PM EDT [Modules] Module update available: discord_spellcheck@1 [installed: 0]
5/16/2025, 8:33:40 PM EDT [Modules] Module update available: discord_utils@1 [installed: 0]
5/16/2025, 8:33:40 PM EDT [Modules] Module update available: discord_voice@2 [installed: 0]
5/16/2025, 8:33:40 PM EDT [Modules] Module update available: discord_zstd@1 [installed: 0]
5/16/2025, 8:33:40 PM EDT [Modules] Fetching discord_desktop_core@1 from https://discord.com/api/modules/stable/discord_desktop_core/1
5/16/2025, 8:33:40 PM EDT [Modules] Streaming discord_desktop_core@1 to /home/steven/.config/discord/0.0.94/modules/pending/discord_desktop_core-1.zip
5/16/2025, 8:33:41 PM EDT [Modules] Streaming discord_desktop_core@1 to /home/steven/.config/discord/0.0.94/modules/pending/discord_desktop_core-1.zip: 1%
5/16/2025, 8:33:41 PM EDT [Modules] Streaming discord_desktop_core@1 to /home/steven/.config/discord/0.0.94/modules/pending/discord_desktop_core-1.zip: 2%
5/16/2025, 8:33:42 PM EDT [Modules] Streaming discord_desktop_core@1 to /home/steven/.config/discord/0.0.94/modules/pending/discord_desktop_core-1.zip: 4%
5/16/2025, 8:33:42 PM EDT [Modules] Streaming discord_desktop_core@1 to /home/steven/.config/discord/0.0.94/modules/pending/discord_desktop_core-1.zip: 5%
5/16/2025, 8:33:42 PM EDT [Modules] Streaming discord_desktop_core@1 to /home/steven/.config/discord/0.0.94/modules/pending/discord_desktop_core-1.zip: 6%
5/16/2025, 8:33:42 PM EDT [Modules] Streaming discord_desktop_core@1 to /home/steven/.config/discord/0.0.94/modules/pending/discord_desktop_core-1.zip: 7%
5/16/2025, 8:33:42 PM EDT [Modules] Streaming discord_desktop_core@1 to /home/steven/.config/discord/0.0.94/modules/pending/discord_desktop_core-1.zip: 9%
5/16/2025, 8:33:42 PM EDT [Modules] Streaming discord_desktop_core@1 to /home/steven/.config/discord/0.0.94/modules/pending/discord_desktop_core-1.zip: 10%
5/16/2025, 8:33:42 PM EDT [Modules] Streaming discord_desktop_core@1 to /home/steven/.config/discord/0.0.94/modules/pending/discord_desktop_core-1.zip: 12%
5/16/2025, 8:33:42 PM EDT [Modules] Streaming discord_desktop_core@1 to /home/steven/.config/discord/0.0.94/modules/pending/discord_desktop_core-1.zip: 13%
5/16/2025, 8:33:43 PM EDT [Modules] Streaming discord_desktop_core@1 to /home/steven/.config/discord/0.0.94/modules/pending/discord_desktop_core-1.zip: 14%
5/16/2025, 8:33:43 PM EDT [Modules] Streaming discord_desktop_core@1 to /home/steven/.config/discord/0.0.94/modules/pending/discord_desktop_core-1.zip: 15%
5/16/2025, 8:33:43 PM EDT [Modules] Streaming discord_desktop_core@1 to /home/steven/.config/discord/0.0.94/modules/pending/discord_desktop_core-1.zip: 16%
5/16/2025, 8:33:43 PM EDT [Modules] Streaming discord_desktop_core@1 to /home/steven/.config/discord/0.0.94/modules/pending/discord_desktop_core-1.zip: 17%
5/16/2025, 8:33:43 PM EDT [Modules] Streaming discord_desktop_core@1 to /home/steven/.config/discord/0.0.94/modules/pending/discord_desktop_core-1.zip: 18%
5/16/2025, 8:33:43 PM EDT [Modules] Streaming discord_desktop_core@1 to /home/steven/.config/discord/0.0.94/modules/pending/discord_desktop_core-1.zip: 19%
5/16/2025, 8:33:43 PM EDT [Modules] Streaming discord_desktop_core@1 to /home/steven/.config/discord/0.0.94/modules/pending/discord_desktop_core-1.zip: 20%
5/16/2025, 8:33:43 PM EDT [Modules] Streaming discord_desktop_core@1 to /home/steven/.config/discord/0.0.94/modules/pending/discord_desktop_core-1.zip: 21%
5/16/2025, 8:33:43 PM EDT [Modules] Streaming discord_desktop_core@1 to /home/steven/.config/discord/0.0.94/modules/pending/discord_desktop_core-1.zip: 22%
5/16/2025, 8:33:43 PM EDT [Modules] Streaming discord_desktop_core@1 to /home/steven/.config/discord/0.0.94/modules/pending/discord_desktop_core-1.zip: 23%
5/16/2025, 8:33:44 PM EDT [Modules] Streaming discord_desktop_core@1 to /home/steven/.config/discord/0.0.94/modules/pending/discord_desktop_core-1.zip: 24%
5/16/2025, 8:33:44 PM EDT [Modules] Streaming discord_desktop_core@1 to /home/steven/.config/discord/0.0.94/modules/pending/discord_desktop_core-1.zip: 25%
5/16/2025, 8:33:44 PM EDT [Modules] Streaming discord_desktop_core@1 to /home/steven/.config/discord/0.0.94/modules/pending/discord_desktop_core-1.zip: 26%
5/16/2025, 8:33:44 PM EDT [Modules] Streaming discord_desktop_core@1 to /home/steven/.config/discord/0.0.94/modules/pending/discord_desktop_core-1.zip: 27%
5/16/2025, 8:33:44 PM EDT [Modules] Streaming discord_desktop_core@1 to /home/steven/.config/discord/0.0.94/modules/pending/discord_desktop_core-1.zip: 28%
5/16/2025, 8:33:44 PM EDT [Modules] Streaming discord_desktop_core@1 to /home/steven/.config/discord/0.0.94/modules/pending/discord_desktop_core-1.zip: 29%
5/16/2025, 8:33:44 PM EDT [Modules] Streaming discord_desktop_core@1 to /home/steven/.config/discord/0.0.94/modules/pending/discord_desktop_core-1.zip: 30%
5/16/2025, 8:33:44 PM EDT [Modules] Streaming discord_desktop_core@1 to /home/steven/.config/discord/0.0.94/modules/pending/discord_desktop_core-1.zip: 31%
5/16/2025, 8:33:44 PM EDT [Modules] Streaming discord_desktop_core@1 to /home/steven/.config/discord/0.0.94/modules/pending/discord_desktop_core-1.zip: 32%
5/16/2025, 8:33:44 PM EDT [Modules] Streaming discord_desktop_core@1 to /home/steven/.config/discord/0.0.94/modules/pending/discord_desktop_core-1.zip: 33%
5/16/2025, 8:33:45 PM EDT [Modules] Streaming discord_desktop_core@1 to /home/steven/.config/discord/0.0.94/modules/pending/discord_desktop_core-1.zip: 35%
5/16/2025, 8:33:45 PM EDT [Modules] Streaming discord_desktop_core@1 to /home/steven/.config/discord/0.0.94/modules/pending/discord_desktop_core-1.zip: 36%
5/16/2025, 8:33:45 PM EDT [Modules] Streaming discord_desktop_core@1 to /home/steven/.config/discord/0.0.94/modules/pending/discord_desktop_core-1.zip: 37%
5/16/2025, 8:33:45 PM EDT [Modules] Streaming discord_desktop_core@1 to /home/steven/.config/discord/0.0.94/modules/pending/discord_desktop_core-1.zip: 38%
5/16/2025, 8:33:45 PM EDT [Modules] Streaming discord_desktop_core@1 to /home/steven/.config/discord/0.0.94/modules/pending/discord_desktop_core-1.zip: 39%
5/16/2025, 8:33:45 PM EDT [Modules] Streaming discord_desktop_core@1 to /home/steven/.config/discord/0.0.94/modules/pending/discord_desktop_core-1.zip: 40%
5/16/2025, 8:33:45 PM EDT [Modules] Streaming discord_desktop_core@1 to /home/steven/.config/discord/0.0.94/modules/pending/discord_desktop_core-1.zip: 41%
5/16/2025, 8:33:46 PM EDT [Modules] Streaming discord_desktop_core@1 to /home/steven/.config/discord/0.0.94/modules/pending/discord_desktop_core-1.zip: 42%
5/16/2025, 8:33:46 PM EDT [Modules] Streaming discord_desktop_core@1 to /home/steven/.config/discord/0.0.94/modules/pending/discord_desktop_core-1.zip: 43%
5/16/2025, 8:33:46 PM EDT [Modules] Streaming discord_desktop_core@1 to /home/steven/.config/discord/0.0.94/modules/pending/discord_desktop_core-1.zip: 44%
5/16/2025, 8:33:46 PM EDT [Modules] Streaming discord_desktop_core@1 to /home/steven/.config/discord/0.0.94/modules/pending/discord_desktop_core-1.zip: 45%
5/16/2025, 8:33:46 PM EDT [Modules] Streaming discord_desktop_core@1 to /home/steven/.config/discord/0.0.94/modules/pending/discord_desktop_core-1.zip: 46%
5/16/2025, 8:33:46 PM EDT [Modules] Streaming discord_desktop_core@1 to /home/steven/.config/discord/0.0.94/modules/pending/discord_desktop_core-1.zip: 47%
5/16/2025, 8:33:46 PM EDT [Modules] Streaming discord_desktop_core@1 to /home/steven/.config/discord/0.0.94/modules/pending/discord_desktop_core-1.zip: 48%
5/16/2025, 8:33:46 PM EDT [Modules] Streaming discord_desktop_core@1 to /home/steven/.config/discord/0.0.94/modules/pending/discord_desktop_core-1.zip: 49%
5/16/2025, 8:33:46 PM EDT [Modules] Streaming discord_desktop_core@1 to /home/steven/.config/discord/0.0.94/modules/pending/discord_desktop_core-1.zip: 50%
5/16/2025, 8:33:47 PM EDT [Modules] Streaming discord_desktop_core@1 to /home/steven/.config/discord/0.0.94/modules/pending/discord_desktop_core-1.zip: 51%
5/16/2025, 8:33:47 PM EDT [Modules] Streaming discord_desktop_core@1 to /home/steven/.config/discord/0.0.94/modules/pending/discord_desktop_core-1.zip: 52%
5/16/2025, 8:33:47 PM EDT [Modules] Streaming discord_desktop_core@1 to /home/steven/.config/discord/0.0.94/modules/pending/discord_desktop_core-1.zip: 53%
5/16/2025, 8:33:47 PM EDT [Modules] Streaming discord_desktop_core@1 to /home/steven/.config/discord/0.0.94/modules/pending/discord_desktop_core-1.zip: 54%
5/16/2025, 8:33:47 PM EDT [Modules] Streaming discord_desktop_core@1 to /home/steven/.config/discord/0.0.94/modules/pending/discord_desktop_core-1.zip: 55%
5/16/2025, 8:33:47 PM EDT [Modules] Streaming discord_desktop_core@1 to /home/steven/.config/discord/0.0.94/modules/pending/discord_desktop_core-1.zip: 56%
5/16/2025, 8:33:49 PM EDT [Modules] Streaming discord_desktop_core@1 to /home/steven/.config/discord/0.0.94/modules/pending/discord_desktop_core-1.zip: 57%
5/16/2025, 8:33:50 PM EDT [Modules] Streaming discord_desktop_core@1 to /home/steven/.config/discord/0.0.94/modules/pending/discord_desktop_core-1.zip: 58%
5/16/2025, 8:33:50 PM EDT [Modules] Streaming discord_desktop_core@1 to /home/steven/.config/discord/0.0.94/modules/pending/discord_desktop_core-1.zip: 59%
5/16/2025, 8:33:50 PM EDT [Modules] Streaming discord_desktop_core@1 to /home/steven/.config/discord/0.0.94/modules/pending/discord_desktop_core-1.zip: 60%
5/16/2025, 8:33:51 PM EDT [Modules] Streaming discord_desktop_core@1 to /home/steven/.config/discord/0.0.94/modules/pending/discord_desktop_core-1.zip: 61%
5/16/2025, 8:33:51 PM EDT [Modules] Streaming discord_desktop_core@1 to /home/steven/.config/discord/0.0.94/modules/pending/discord_desktop_core-1.zip: 62%
5/16/2025, 8:33:51 PM EDT [Modules] Streaming discord_desktop_core@1 to /home/steven/.config/discord/0.0.94/modules/pending/discord_desktop_core-1.zip: 63%
5/16/2025, 8:33:51 PM EDT [Modules] Streaming discord_desktop_core@1 to /home/steven/.config/discord/0.0.94/modules/pending/discord_desktop_core-1.zip: 64%
5/16/2025, 8:33:51 PM EDT [Modules] Streaming discord_desktop_core@1 to /home/steven/.config/discord/0.0.94/modules/pending/discord_desktop_core-1.zip: 65%
5/16/2025, 8:33:51 PM EDT [Modules] Streaming discord_desktop_core@1 to /home/steven/.config/discord/0.0.94/modules/pending/discord_desktop_core-1.zip: 66%
5/16/2025, 8:33:51 PM EDT [Modules] Streaming discord_desktop_core@1 to /home/steven/.config/discord/0.0.94/modules/pending/discord_desktop_core-1.zip: 67%
5/16/2025, 8:33:52 PM EDT [Modules] Streaming discord_desktop_core@1 to /home/steven/.config/discord/0.0.94/modules/pending/discord_desktop_core-1.zip: 68%
5/16/2025, 8:33:52 PM EDT [Modules] Streaming discord_desktop_core@1 to /home/steven/.config/discord/0.0.94/modules/pending/discord_desktop_core-1.zip: 69%
5/16/2025, 8:33:52 PM EDT [Modules] Streaming discord_desktop_core@1 to /home/steven/.config/discord/0.0.94/modules/pending/discord_desktop_core-1.zip: 70%
5/16/2025, 8:33:52 PM EDT [Modules] Streaming discord_desktop_core@1 to /home/steven/.config/discord/0.0.94/modules/pending/discord_desktop_core-1.zip: 72%
5/16/2025, 8:33:53 PM EDT [Modules] Streaming discord_desktop_core@1 to /home/steven/.config/discord/0.0.94/modules/pending/discord_desktop_core-1.zip: 73%
5/16/2025, 8:33:53 PM EDT [Modules] Streaming discord_desktop_core@1 to /home/steven/.config/discord/0.0.94/modules/pending/discord_desktop_core-1.zip: 74%
5/16/2025, 8:33:53 PM EDT [Modules] Streaming discord_desktop_core@1 to /home/steven/.config/discord/0.0.94/modules/pending/discord_desktop_core-1.zip: 75%
5/16/2025, 8:33:53 PM EDT [Modules] Streaming discord_desktop_core@1 to /home/steven/.config/discord/0.0.94/modules/pending/discord_desktop_core-1.zip: 76%
5/16/2025, 8:33:53 PM EDT [Modules] Streaming discord_desktop_core@1 to /home/steven/.config/discord/0.0.94/modules/pending/discord_desktop_core-1.zip: 77%
5/16/2025, 8:33:53 PM EDT [Modules] Streaming discord_desktop_core@1 to /home/steven/.config/discord/0.0.94/modules/pending/discord_desktop_core-1.zip: 78%
5/16/2025, 8:33:53 PM EDT [Modules] Streaming discord_desktop_core@1 to /home/steven/.config/discord/0.0.94/modules/pending/discord_desktop_core-1.zip: 79%
5/16/2025, 8:33:54 PM EDT [Modules] Streaming discord_desktop_core@1 to /home/steven/.config/discord/0.0.94/modules/pending/discord_desktop_core-1.zip: 80%
5/16/2025, 8:33:54 PM EDT [Modules] Streaming discord_desktop_core@1 to /home/steven/.config/discord/0.0.94/modules/pending/discord_desktop_core-1.zip: 81%
5/16/2025, 8:33:54 PM EDT [Modules] Streaming discord_desktop_core@1 to /home/steven/.config/discord/0.0.94/modules/pending/discord_desktop_core-1.zip: 83%
5/16/2025, 8:33:54 PM EDT [Modules] Streaming discord_desktop_core@1 to /home/steven/.config/discord/0.0.94/modules/pending/discord_desktop_core-1.zip: 84%
5/16/2025, 8:33:55 PM EDT [Modules] Streaming discord_desktop_core@1 to /home/steven/.config/discord/0.0.94/modules/pending/discord_desktop_core-1.zip: 86%
5/16/2025, 8:33:55 PM EDT [Modules] Streaming discord_desktop_core@1 to /home/steven/.config/discord/0.0.94/modules/pending/discord_desktop_core-1.zip: 88%
5/16/2025, 8:33:55 PM EDT [Modules] Streaming discord_desktop_core@1 to /home/steven/.config/discord/0.0.94/modules/pending/discord_desktop_core-1.zip: 89%
5/16/2025, 8:33:55 PM EDT [Modules] Streaming discord_desktop_core@1 to /home/steven/.config/discord/0.0.94/modules/pending/discord_desktop_core-1.zip: 90%
5/16/2025, 8:33:56 PM EDT [Modules] Streaming discord_desktop_core@1 to /home/steven/.config/discord/0.0.94/modules/pending/discord_desktop_core-1.zip: 91%
5/16/2025, 8:33:56 PM EDT [Modules] Streaming discord_desktop_core@1 to /home/steven/.config/discord/0.0.94/modules/pending/discord_desktop_core-1.zip: 92%
5/16/2025, 8:33:56 PM EDT [Modules] Streaming discord_desktop_core@1 to /home/steven/.config/discord/0.0.94/modules/pending/discord_desktop_core-1.zip: 93%
5/16/2025, 8:33:56 PM EDT [Modules] Streaming discord_desktop_core@1 to /home/steven/.config/discord/0.0.94/modules/pending/discord_desktop_core-1.zip: 94%
5/16/2025, 8:33:56 PM EDT [Modules] Streaming discord_desktop_core@1 to /home/steven/.config/discord/0.0.94/modules/pending/discord_desktop_core-1.zip: 95%
5/16/2025, 8:33:56 PM EDT [Modules] Streaming discord_desktop_core@1 to /home/steven/.config/discord/0.0.94/modules/pending/discord_desktop_core-1.zip: 96%
5/16/2025, 8:33:56 PM EDT [Modules] Streaming discord_desktop_core@1 to /home/steven/.config/discord/0.0.94/modules/pending/discord_desktop_core-1.zip: 97%
5/16/2025, 8:33:57 PM EDT [Modules] Streaming discord_desktop_core@1 to /home/steven/.config/discord/0.0.94/modules/pending/discord_desktop_core-1.zip: 98%
5/16/2025, 8:33:57 PM EDT [Modules] Streaming discord_desktop_core@1 to /home/steven/.config/discord/0.0.94/modules/pending/discord_desktop_core-1.zip: 99%
5/16/2025, 8:33:57 PM EDT [Modules] Streaming discord_desktop_core@1 to /home/steven/.config/discord/0.0.94/modules/pending/discord_desktop_core-1.zip: 100%
5/16/2025, 8:33:57 PM EDT [Modules] Fetching discord_erlpack@1 from https://discord.com/api/modules/stable/discord_erlpack/1
5/16/2025, 8:33:57 PM EDT [Modules] Streaming discord_erlpack@1 to /home/steven/.config/discord/0.0.94/modules/pending/discord_erlpack-1.zip
5/16/2025, 8:33:58 PM EDT [Modules] Streaming discord_erlpack@1 to /home/steven/.config/discord/0.0.94/modules/pending/discord_erlpack-1.zip: 1%
5/16/2025, 8:33:58 PM EDT [Modules] Streaming discord_erlpack@1 to /home/steven/.config/discord/0.0.94/modules/pending/discord_erlpack-1.zip: 2%
5/16/2025, 8:33:58 PM EDT [Modules] Streaming discord_erlpack@1 to /home/steven/.config/discord/0.0.94/modules/pending/discord_erlpack-1.zip: 3%
5/16/2025, 8:33:58 PM EDT [Modules] Streaming discord_erlpack@1 to /home/steven/.config/discord/0.0.94/modules/pending/discord_erlpack-1.zip: 4%
5/16/2025, 8:33:58 PM EDT [Modules] Streaming discord_erlpack@1 to /home/steven/.config/discord/0.0.94/modules/pending/discord_erlpack-1.zip: 5%
5/16/2025, 8:33:58 PM EDT [Modules] Streaming discord_erlpack@1 to /home/steven/.config/discord/0.0.94/modules/pending/discord_erlpack-1.zip: 6%
5/16/2025, 8:33:58 PM EDT [Modules] Streaming discord_erlpack@1 to /home/steven/.config/discord/0.0.94/modules/pending/discord_erlpack-1.zip: 7%
5/16/2025, 8:33:58 PM EDT [Modules] Streaming discord_erlpack@1 to /home/steven/.config/discord/0.0.94/modules/pending/discord_erlpack-1.zip: 8%
5/16/2025, 8:33:59 PM EDT [Modules] Streaming discord_erlpack@1 to /home/steven/.config/discord/0.0.94/modules/pending/discord_erlpack-1.zip: 10%
5/16/2025, 8:33:59 PM EDT [Modules] Streaming discord_erlpack@1 to /home/steven/.config/discord/0.0.94/modules/pending/discord_erlpack-1.zip: 11%
5/16/2025, 8:33:59 PM EDT [Modules] Streaming discord_erlpack@1 to /home/steven/.config/discord/0.0.94/modules/pending/discord_erlpack-1.zip: 12%
5/16/2025, 8:33:59 PM EDT [Modules] Streaming discord_erlpack@1 to /home/steven/.config/discord/0.0.94/modules/pending/discord_erlpack-1.zip: 13%
5/16/2025, 8:33:59 PM EDT [Modules] Streaming discord_erlpack@1 to /home/steven/.config/discord/0.0.94/modules/pending/discord_erlpack-1.zip: 14%
5/16/2025, 8:34:00 PM EDT [Modules] Streaming discord_erlpack@1 to /home/steven/.config/discord/0.0.94/modules/pending/discord_erlpack-1.zip: 15%
5/16/2025, 8:34:00 PM EDT [Modules] Streaming discord_erlpack@1 to /home/steven/.config/discord/0.0.94/modules/pending/discord_erlpack-1.zip: 16%
5/16/2025, 8:34:00 PM EDT [Modules] Streaming discord_erlpack@1 to /home/steven/.config/discord/0.0.94/modules/pending/discord_erlpack-1.zip: 17%
5/16/2025, 8:34:00 PM EDT [Modules] Streaming discord_erlpack@1 to /home/steven/.config/discord/0.0.94/modules/pending/discord_erlpack-1.zip: 18%
5/16/2025, 8:34:00 PM EDT [Modules] Streaming discord_erlpack@1 to /home/steven/.config/discord/0.0.94/modules/pending/discord_erlpack-1.zip: 19%
5/16/2025, 8:34:00 PM EDT [Modules] Streaming discord_erlpack@1 to /home/steven/.config/discord/0.0.94/modules/pending/discord_erlpack-1.zip: 20%
5/16/2025, 8:34:00 PM EDT [Modules] Streaming discord_erlpack@1 to /home/steven/.config/discord/0.0.94/modules/pending/discord_erlpack-1.zip: 21%
5/16/2025, 8:34:00 PM EDT [Modules] Streaming discord_erlpack@1 to /home/steven/.config/discord/0.0.94/modules/pending/discord_erlpack-1.zip: 22%
5/16/2025, 8:34:01 PM EDT [Modules] Streaming discord_erlpack@1 to /home/steven/.config/discord/0.0.94/modules/pending/discord_erlpack-1.zip: 23%
5/16/2025, 8:34:01 PM EDT [Modules] Streaming discord_erlpack@1 to /home/steven/.config/discord/0.0.94/modules/pending/discord_erlpack-1.zip: 24%
5/16/2025, 8:34:01 PM EDT [Modules] Streaming discord_erlpack@1 to /home/steven/.config/discord/0.0.94/modules/pending/discord_erlpack-1.zip: 25%
5/16/2025, 8:34:01 PM EDT [Modules] Streaming discord_erlpack@1 to /home/steven/.config/discord/0.0.94/modules/pending/discord_erlpack-1.zip: 26%
5/16/2025, 8:34:01 PM EDT [Modules] Streaming discord_erlpack@1 to /home/steven/.config/discord/0.0.94/modules/pending/discord_erlpack-1.zip: 27%
5/16/2025, 8:34:01 PM EDT [Modules] Streaming discord_erlpack@1 to /home/steven/.config/discord/0.0.94/modules/pending/discord_erlpack-1.zip: 28%
5/16/2025, 8:34:01 PM EDT [Modules] Streaming discord_erlpack@1 to /home/steven/.config/discord/0.0.94/modules/pending/discord_erlpack-1.zip: 29%
5/16/2025, 8:34:01 PM EDT [Modules] Streaming discord_erlpack@1 to /home/steven/.config/discord/0.0.94/modules/pending/discord_erlpack-1.zip: 30%
5/16/2025, 8:34:02 PM EDT [Modules] Streaming discord_erlpack@1 to /home/steven/.config/discord/0.0.94/modules/pending/discord_erlpack-1.zip: 31%
5/16/2025, 8:34:02 PM EDT [Modules] Streaming discord_erlpack@1 to /home/steven/.config/discord/0.0.94/modules/pending/discord_erlpack-1.zip: 32%
5/16/2025, 8:34:02 PM EDT [Modules] Streaming discord_erlpack@1 to /home/steven/.config/discord/0.0.94/modules/pending/discord_erlpack-1.zip: 33%
5/16/2025, 8:34:02 PM EDT [Modules] Streaming discord_erlpack@1 to /home/steven/.config/discord/0.0.94/modules/pending/discord_erlpack-1.zip: 34%
5/16/2025, 8:34:02 PM EDT [Modules] Streaming discord_erlpack@1 to /home/steven/.config/discord/0.0.94/modules/pending/discord_erlpack-1.zip: 35%
5/16/2025, 8:34:03 PM EDT [Modules] Streaming discord_erlpack@1 to /home/steven/.config/discord/0.0.94/modules/pending/discord_erlpack-1.zip: 36%
5/16/2025, 8:34:03 PM EDT [Modules] Streaming discord_erlpack@1 to /home/steven/.config/discord/0.0.94/modules/pending/discord_erlpack-1.zip: 37%
5/16/2025, 8:34:03 PM EDT [Modules] Streaming discord_erlpack@1 to /home/steven/.config/discord/0.0.94/modules/pending/discord_erlpack-1.zip: 38%
5/16/2025, 8:34:03 PM EDT [Modules] Streaming discord_erlpack@1 to /home/steven/.config/discord/0.0.94/modules/pending/discord_erlpack-1.zip: 39%
5/16/2025, 8:34:03 PM EDT [Modules] Streaming discord_erlpack@1 to /home/steven/.config/discord/0.0.94/modules/pending/discord_erlpack-1.zip: 40%
5/16/2025, 8:34:03 PM EDT [Modules] Streaming discord_erlpack@1 to /home/steven/.config/discord/0.0.94/modules/pending/discord_erlpack-1.zip: 41%
5/16/2025, 8:34:03 PM EDT [Modules] Streaming discord_erlpack@1 to /home/steven/.config/discord/0.0.94/modules/pending/discord_erlpack-1.zip: 43%
5/16/2025, 8:34:04 PM EDT [Modules] Streaming discord_erlpack@1 to /home/steven/.config/discord/0.0.94/modules/pending/discord_erlpack-1.zip: 44%
5/16/2025, 8:34:04 PM EDT [Modules] Streaming discord_erlpack@1 to /home/steven/.config/discord/0.0.94/modules/pending/discord_erlpack-1.zip: 45%
5/16/2025, 8:34:04 PM EDT [Modules] Streaming discord_erlpack@1 to /home/steven/.config/discord/0.0.94/modules/pending/discord_erlpack-1.zip: 46%
5/16/2025, 8:34:04 PM EDT [Modules] Streaming discord_erlpack@1 to /home/steven/.config/discord/0.0.94/modules/pending/discord_erlpack-1.zip: 47%
5/16/2025, 8:34:04 PM EDT [Modules] Streaming discord_erlpack@1 to /home/steven/.config/discord/0.0.94/modules/pending/discord_erlpack-1.zip: 48%
5/16/2025, 8:34:04 PM EDT [Modules] Streaming discord_erlpack@1 to /home/steven/.config/discord/0.0.94/modules/pending/discord_erlpack-1.zip: 49%
5/16/2025, 8:34:05 PM EDT [Modules] Streaming discord_erlpack@1 to /home/steven/.config/discord/0.0.94/modules/pending/discord_erlpack-1.zip: 50%
5/16/2025, 8:34:05 PM EDT [Modules] Streaming discord_erlpack@1 to /home/steven/.config/discord/0.0.94/modules/pending/discord_erlpack-1.zip: 51%
5/16/2025, 8:34:05 PM EDT [Modules] Streaming discord_erlpack@1 to /home/steven/.config/discord/0.0.94/modules/pending/discord_erlpack-1.zip: 52%
5/16/2025, 8:34:05 PM EDT [Modules] Streaming discord_erlpack@1 to /home/steven/.config/discord/0.0.94/modules/pending/discord_erlpack-1.zip: 53%
5/16/2025, 8:34:05 PM EDT [Modules] Streaming discord_erlpack@1 to /home/steven/.config/discord/0.0.94/modules/pending/discord_erlpack-1.zip: 54%
5/16/2025, 8:34:05 PM EDT [Modules] Streaming discord_erlpack@1 to /home/steven/.config/discord/0.0.94/modules/pending/discord_erlpack-1.zip: 55%
5/16/2025, 8:34:05 PM EDT [Modules] Streaming discord_erlpack@1 to /home/steven/.config/discord/0.0.94/modules/pending/discord_erlpack-1.zip: 56%
5/16/2025, 8:34:06 PM EDT [Modules] Streaming discord_erlpack@1 to /home/steven/.config/discord/0.0.94/modules/pending/discord_erlpack-1.zip: 57%
5/16/2025, 8:34:06 PM EDT [Modules] Streaming discord_erlpack@1 to /home/steven/.config/discord/0.0.94/modules/pending/discord_erlpack-1.zip: 58%
5/16/2025, 8:34:06 PM EDT [Modules] Streaming discord_erlpack@1 to /home/steven/.config/discord/0.0.94/modules/pending/discord_erlpack-1.zip: 59%
5/16/2025, 8:34:06 PM EDT [Modules] Streaming discord_erlpack@1 to /home/steven/.config/discord/0.0.94/modules/pending/discord_erlpack-1.zip: 60%
5/16/2025, 8:34:06 PM EDT [Modules] Streaming discord_erlpack@1 to /home/steven/.config/discord/0.0.94/modules/pending/discord_erlpack-1.zip: 61%
5/16/2025, 8:34:07 PM EDT [Modules] Streaming discord_erlpack@1 to /home/steven/.config/discord/0.0.94/modules/pending/discord_erlpack-1.zip: 62%
5/16/2025, 8:34:07 PM EDT [Modules] Streaming discord_erlpack@1 to /home/steven/.config/discord/0.0.94/modules/pending/discord_erlpack-1.zip: 63%
5/16/2025, 8:34:07 PM EDT [Modules] Streaming discord_erlpack@1 to /home/steven/.config/discord/0.0.94/modules/pending/discord_erlpack-1.zip: 64%
5/16/2025, 8:34:08 PM EDT [Modules] Streaming discord_erlpack@1 to /home/steven/.config/discord/0.0.94/modules/pending/discord_erlpack-1.zip: 65%
5/16/2025, 8:34:08 PM EDT [Modules] Streaming discord_erlpack@1 to /home/steven/.config/discord/0.0.94/modules/pending/discord_erlpack-1.zip: 66%
5/16/2025, 8:34:08 PM EDT [Modules] Streaming discord_erlpack@1 to /home/steven/.config/discord/0.0.94/modules/pending/discord_erlpack-1.zip: 67%
5/16/2025, 8:34:08 PM EDT [Modules] Streaming discord_erlpack@1 to /home/steven/.config/discord/0.0.94/modules/pending/discord_erlpack-1.zip: 68%
5/16/2025, 8:34:08 PM EDT [Modules] Streaming discord_erlpack@1 to /home/steven/.config/discord/0.0.94/modules/pending/discord_erlpack-1.zip: 69%
5/16/2025, 8:34:08 PM EDT [Modules] Streaming discord_erlpack@1 to /home/steven/.config/discord/0.0.94/modules/pending/discord_erlpack-1.zip: 70%
5/16/2025, 8:34:09 PM EDT [Modules] Streaming discord_erlpack@1 to /home/steven/.config/discord/0.0.94/modules/pending/discord_erlpack-1.zip: 71%
5/16/2025, 8:34:09 PM EDT [Modules] Streaming discord_erlpack@1 to /home/steven/.config/discord/0.0.94/modules/pending/discord_erlpack-1.zip: 72%
5/16/2025, 8:34:09 PM EDT [Modules] Streaming discord_erlpack@1 to /home/steven/.config/discord/0.0.94/modules/pending/discord_erlpack-1.zip: 73%
5/16/2025, 8:34:09 PM EDT [Modules] Streaming discord_erlpack@1 to /home/steven/.config/discord/0.0.94/modules/pending/discord_erlpack-1.zip: 74%
5/16/2025, 8:34:09 PM EDT [Modules] Streaming discord_erlpack@1 to /home/steven/.config/discord/0.0.94/modules/pending/discord_erlpack-1.zip: 75%
5/16/2025, 8:34:09 PM EDT [Modules] Streaming discord_erlpack@1 to /home/steven/.config/discord/0.0.94/modules/pending/discord_erlpack-1.zip: 76%
5/16/2025, 8:34:10 PM EDT [Modules] Streaming discord_erlpack@1 to /home/steven/.config/discord/0.0.94/modules/pending/discord_erlpack-1.zip: 77%
5/16/2025, 8:34:10 PM EDT [Modules] Streaming discord_erlpack@1 to /home/steven/.config/discord/0.0.94/modules/pending/discord_erlpack-1.zip: 78%
5/16/2025, 8:34:10 PM EDT [Modules] Streaming discord_erlpack@1 to /home/steven/.config/discord/0.0.94/modules/pending/discord_erlpack-1.zip: 79%
5/16/2025, 8:34:10 PM EDT [Modules] Streaming discord_erlpack@1 to /home/steven/.config/discord/0.0.94/modules/pending/discord_erlpack-1.zip: 80%
5/16/2025, 8:34:10 PM EDT [Modules] Streaming discord_erlpack@1 to /home/steven/.config/discord/0.0.94/modules/pending/discord_erlpack-1.zip: 81%
5/16/2025, 8:34:11 PM EDT [Modules] Streaming discord_erlpack@1 to /home/steven/.config/discord/0.0.94/modules/pending/discord_erlpack-1.zip: 82%
5/16/2025, 8:34:11 PM EDT [Modules] Streaming discord_erlpack@1 to /home/steven/.config/discord/0.0.94/modules/pending/discord_erlpack-1.zip: 83%
5/16/2025, 8:34:11 PM EDT [Modules] Streaming discord_erlpack@1 to /home/steven/.config/discord/0.0.94/modules/pending/discord_erlpack-1.zip: 84%
5/16/2025, 8:34:11 PM EDT [Modules] Streaming discord_erlpack@1 to /home/steven/.config/discord/0.0.94/modules/pending/discord_erlpack-1.zip: 85%
5/16/2025, 8:34:11 PM EDT [Modules] Streaming discord_erlpack@1 to /home/steven/.config/discord/0.0.94/modules/pending/discord_erlpack-1.zip: 86%
5/16/2025, 8:34:11 PM EDT [Modules] Streaming discord_erlpack@1 to /home/steven/.config/discord/0.0.94/modules/pending/discord_erlpack-1.zip: 87%
5/16/2025, 8:34:12 PM EDT [Modules] Streaming discord_erlpack@1 to /home/steven/.config/discord/0.0.94/modules/pending/discord_erlpack-1.zip: 88%
5/16/2025, 8:34:12 PM EDT [Modules] Streaming discord_erlpack@1 to /home/steven/.config/discord/0.0.94/modules/pending/discord_erlpack-1.zip: 89%
5/16/2025, 8:34:12 PM EDT [Modules] Streaming discord_erlpack@1 to /home/steven/.config/discord/0.0.94/modules/pending/discord_erlpack-1.zip: 90%
5/16/2025, 8:34:12 PM EDT [Modules] Streaming discord_erlpack@1 to /home/steven/.config/discord/0.0.94/modules/pending/discord_erlpack-1.zip: 91%
5/16/2025, 8:34:12 PM EDT [Modules] Streaming discord_erlpack@1 to /home/steven/.config/discord/0.0.94/modules/pending/discord_erlpack-1.zip: 92%
5/16/2025, 8:34:13 PM EDT [Modules] Streaming discord_erlpack@1 to /home/steven/.config/discord/0.0.94/modules/pending/discord_erlpack-1.zip: 93%
5/16/2025, 8:34:13 PM EDT [Modules] Streaming discord_erlpack@1 to /home/steven/.config/discord/0.0.94/modules/pending/discord_erlpack-1.zip: 94%
5/16/2025, 8:34:13 PM EDT [Modules] Streaming discord_erlpack@1 to /home/steven/.config/discord/0.0.94/modules/pending/discord_erlpack-1.zip: 95%
5/16/2025, 8:34:13 PM EDT [Modules] Streaming discord_erlpack@1 to /home/steven/.config/discord/0.0.94/modules/pending/discord_erlpack-1.zip: 96%
5/16/2025, 8:34:13 PM EDT [Modules] Streaming discord_erlpack@1 to /home/steven/.config/discord/0.0.94/modules/pending/discord_erlpack-1.zip: 97%
5/16/2025, 8:34:13 PM EDT [Modules] Streaming discord_erlpack@1 to /home/steven/.config/discord/0.0.94/modules/pending/discord_erlpack-1.zip: 98%
5/16/2025, 8:34:13 PM EDT [Modules] Streaming discord_erlpack@1 to /home/steven/.config/discord/0.0.94/modules/pending/discord_erlpack-1.zip: 99%
5/16/2025, 8:34:14 PM EDT [Modules] Streaming discord_erlpack@1 to /home/steven/.config/discord/0.0.94/modules/pending/discord_erlpack-1.zip: 100%
5/16/2025, 8:34:14 PM EDT [Modules] Fetching discord_spellcheck@1 from https://discord.com/api/modules/stable/discord_spellcheck/1
5/16/2025, 8:34:14 PM EDT [Modules] Streaming discord_spellcheck@1 to /home/steven/.config/discord/0.0.94/modules/pending/discord_spellcheck-1.zip
5/16/2025, 8:34:14 PM EDT [Modules] Streaming discord_spellcheck@1 to /home/steven/.config/discord/0.0.94/modules/pending/discord_spellcheck-1.zip: 1%
5/16/2025, 8:34:14 PM EDT [Modules] Streaming discord_spellcheck@1 to /home/steven/.config/discord/0.0.94/modules/pending/discord_spellcheck-1.zip: 2%
5/16/2025, 8:34:14 PM EDT [Modules] Streaming discord_spellcheck@1 to /home/steven/.config/discord/0.0.94/modules/pending/discord_spellcheck-1.zip: 3%
5/16/2025, 8:34:14 PM EDT [Modules] Streaming discord_spellcheck@1 to /home/steven/.config/discord/0.0.94/modules/pending/discord_spellcheck-1.zip: 4%
5/16/2025, 8:34:14 PM EDT [Modules] Streaming discord_spellcheck@1 to /home/steven/.config/discord/0.0.94/modules/pending/discord_spellcheck-1.zip: 5%
5/16/2025, 8:34:14 PM EDT [Modules] Streaming discord_spellcheck@1 to /home/steven/.config/discord/0.0.94/modules/pending/discord_spellcheck-1.zip: 6%
5/16/2025, 8:34:14 PM EDT [Modules] Streaming discord_spellcheck@1 to /home/steven/.config/discord/0.0.94/modules/pending/discord_spellcheck-1.zip: 7%
5/16/2025, 8:34:14 PM EDT [Modules] Streaming discord_spellcheck@1 to /home/steven/.config/discord/0.0.94/modules/pending/discord_spellcheck-1.zip: 8%
5/16/2025, 8:34:14 PM EDT [Modules] Streaming discord_spellcheck@1 to /home/steven/.config/discord/0.0.94/modules/pending/discord_spellcheck-1.zip: 9%
5/16/2025, 8:34:14 PM EDT [Modules] Streaming discord_spellcheck@1 to /home/steven/.config/discord/0.0.94/modules/pending/discord_spellcheck-1.zip: 10%
5/16/2025, 8:34:14 PM EDT [Modules] Streaming discord_spellcheck@1 to /home/steven/.config/discord/0.0.94/modules/pending/discord_spellcheck-1.zip: 11%
5/16/2025, 8:34:15 PM EDT [Modules] Streaming discord_spellcheck@1 to /home/steven/.config/discord/0.0.94/modules/pending/discord_spellcheck-1.zip: 12%
5/16/2025, 8:34:15 PM EDT [Modules] Streaming discord_spellcheck@1 to /home/steven/.config/discord/0.0.94/modules/pending/discord_spellcheck-1.zip: 13%
5/16/2025, 8:34:15 PM EDT [Modules] Streaming discord_spellcheck@1 to /home/steven/.config/discord/0.0.94/modules/pending/discord_spellcheck-1.zip: 14%
5/16/2025, 8:34:15 PM EDT [Modules] Streaming discord_spellcheck@1 to /home/steven/.config/discord/0.0.94/modules/pending/discord_spellcheck-1.zip: 15%
5/16/2025, 8:34:15 PM EDT [Modules] Streaming discord_spellcheck@1 to /home/steven/.config/discord/0.0.94/modules/pending/discord_spellcheck-1.zip: 16%
5/16/2025, 8:34:15 PM EDT [Modules] Streaming discord_spellcheck@1 to /home/steven/.config/discord/0.0.94/modules/pending/discord_spellcheck-1.zip: 17%
5/16/2025, 8:34:15 PM EDT [Modules] Streaming discord_spellcheck@1 to /home/steven/.config/discord/0.0.94/modules/pending/discord_spellcheck-1.zip: 18%
5/16/2025, 8:34:15 PM EDT [Modules] Streaming discord_spellcheck@1 to /home/steven/.config/discord/0.0.94/modules/pending/discord_spellcheck-1.zip: 20%
5/16/2025, 8:34:15 PM EDT [Modules] Streaming discord_spellcheck@1 to /home/steven/.config/discord/0.0.94/modules/pending/discord_spellcheck-1.zip: 21%
5/16/2025, 8:34:15 PM EDT [Modules] Streaming discord_spellcheck@1 to /home/steven/.config/discord/0.0.94/modules/pending/discord_spellcheck-1.zip: 22%
5/16/2025, 8:34:16 PM EDT [Modules] Streaming discord_spellcheck@1 to /home/steven/.config/discord/0.0.94/modules/pending/discord_spellcheck-1.zip: 23%
5/16/2025, 8:34:16 PM EDT [Modules] Streaming discord_spellcheck@1 to /home/steven/.config/discord/0.0.94/modules/pending/discord_spellcheck-1.zip: 24%
5/16/2025, 8:34:16 PM EDT [Modules] Streaming discord_spellcheck@1 to /home/steven/.config/discord/0.0.94/modules/pending/discord_spellcheck-1.zip: 25%
5/16/2025, 8:34:16 PM EDT [Modules] Streaming discord_spellcheck@1 to /home/steven/.config/discord/0.0.94/modules/pending/discord_spellcheck-1.zip: 26%
5/16/2025, 8:34:16 PM EDT [Modules] Streaming discord_spellcheck@1 to /home/steven/.config/discord/0.0.94/modules/pending/discord_spellcheck-1.zip: 27%
5/16/2025, 8:34:16 PM EDT [Modules] Streaming discord_spellcheck@1 to /home/steven/.config/discord/0.0.94/modules/pending/discord_spellcheck-1.zip: 28%
5/16/2025, 8:34:16 PM EDT [Modules] Streaming discord_spellcheck@1 to /home/steven/.config/discord/0.0.94/modules/pending/discord_spellcheck-1.zip: 29%
5/16/2025, 8:34:17 PM EDT [Modules] Streaming discord_spellcheck@1 to /home/steven/.config/discord/0.0.94/modules/pending/discord_spellcheck-1.zip: 30%
5/16/2025, 8:34:17 PM EDT [Modules] Streaming discord_spellcheck@1 to /home/steven/.config/discord/0.0.94/modules/pending/discord_spellcheck-1.zip: 31%
5/16/2025, 8:34:17 PM EDT [Modules] Streaming discord_spellcheck@1 to /home/steven/.config/discord/0.0.94/modules/pending/discord_spellcheck-1.zip: 32%
5/16/2025, 8:34:17 PM EDT [Modules] Streaming discord_spellcheck@1 to /home/steven/.config/discord/0.0.94/modules/pending/discord_spellcheck-1.zip: 33%
5/16/2025, 8:34:17 PM EDT [Modules] Streaming discord_spellcheck@1 to /home/steven/.config/discord/0.0.94/modules/pending/discord_spellcheck-1.zip: 34%
5/16/2025, 8:34:17 PM EDT [Modules] Streaming discord_spellcheck@1 to /home/steven/.config/discord/0.0.94/modules/pending/discord_spellcheck-1.zip: 35%
5/16/2025, 8:34:17 PM EDT [Modules] Streaming discord_spellcheck@1 to /home/steven/.config/discord/0.0.94/modules/pending/discord_spellcheck-1.zip: 36%
5/16/2025, 8:34:17 PM EDT [Modules] Streaming discord_spellcheck@1 to /home/steven/.config/discord/0.0.94/modules/pending/discord_spellcheck-1.zip: 37%
5/16/2025, 8:34:17 PM EDT [Modules] Streaming discord_spellcheck@1 to /home/steven/.config/discord/0.0.94/modules/pending/discord_spellcheck-1.zip: 38%
5/16/2025, 8:34:18 PM EDT [Modules] Streaming discord_spellcheck@1 to /home/steven/.config/discord/0.0.94/modules/pending/discord_spellcheck-1.zip: 39%
5/16/2025, 8:34:19 PM EDT [Modules] Streaming discord_spellcheck@1 to /home/steven/.config/discord/0.0.94/modules/pending/discord_spellcheck-1.zip: 40%
5/16/2025, 8:34:19 PM EDT [Modules] Streaming discord_spellcheck@1 to /home/steven/.config/discord/0.0.94/modules/pending/discord_spellcheck-1.zip: 41%
5/16/2025, 8:34:19 PM EDT [Modules] Streaming discord_spellcheck@1 to /home/steven/.config/discord/0.0.94/modules/pending/discord_spellcheck-1.zip: 42%
5/16/2025, 8:34:19 PM EDT [Modules] Streaming discord_spellcheck@1 to /home/steven/.config/discord/0.0.94/modules/pending/discord_spellcheck-1.zip: 43%
5/16/2025, 8:34:19 PM EDT [Modules] Streaming discord_spellcheck@1 to /home/steven/.config/discord/0.0.94/modules/pending/discord_spellcheck-1.zip: 44%
5/16/2025, 8:34:19 PM EDT [Modules] Streaming discord_spellcheck@1 to /home/steven/.config/discord/0.0.94/modules/pending/discord_spellcheck-1.zip: 45%
5/16/2025, 8:34:19 PM EDT [Modules] Streaming discord_spellcheck@1 to /home/steven/.config/discord/0.0.94/modules/pending/discord_spellcheck-1.zip: 46%
5/16/2025, 8:34:19 PM EDT [Modules] Streaming discord_spellcheck@1 to /home/steven/.config/discord/0.0.94/modules/pending/discord_spellcheck-1.zip: 47%
5/16/2025, 8:34:20 PM EDT [Modules] Streaming discord_spellcheck@1 to /home/steven/.config/discord/0.0.94/modules/pending/discord_spellcheck-1.zip: 48%
5/16/2025, 8:34:20 PM EDT [Modules] Streaming discord_spellcheck@1 to /home/steven/.config/discord/0.0.94/modules/pending/discord_spellcheck-1.zip: 49%
5/16/2025, 8:34:20 PM EDT [Modules] Streaming discord_spellcheck@1 to /home/steven/.config/discord/0.0.94/modules/pending/discord_spellcheck-1.zip: 50%
5/16/2025, 8:34:20 PM EDT [Modules] Streaming discord_spellcheck@1 to /home/steven/.config/discord/0.0.94/modules/pending/discord_spellcheck-1.zip: 51%
5/16/2025, 8:34:20 PM EDT [Modules] Streaming discord_spellcheck@1 to /home/steven/.config/discord/0.0.94/modules/pending/discord_spellcheck-1.zip: 52%
5/16/2025, 8:34:21 PM EDT [Modules] Streaming discord_spellcheck@1 to /home/steven/.config/discord/0.0.94/modules/pending/discord_spellcheck-1.zip: 53%
5/16/2025, 8:34:21 PM EDT [Modules] Streaming discord_spellcheck@1 to /home/steven/.config/discord/0.0.94/modules/pending/discord_spellcheck-1.zip: 54%
5/16/2025, 8:34:21 PM EDT [Modules] Streaming discord_spellcheck@1 to /home/steven/.config/discord/0.0.94/modules/pending/discord_spellcheck-1.zip: 55%
5/16/2025, 8:34:21 PM EDT [Modules] Streaming discord_spellcheck@1 to /home/steven/.config/discord/0.0.94/modules/pending/discord_spellcheck-1.zip: 56%
5/16/2025, 8:34:21 PM EDT [Modules] Streaming discord_spellcheck@1 to /home/steven/.config/discord/0.0.94/modules/pending/discord_spellcheck-1.zip: 57%
5/16/2025, 8:34:21 PM EDT [Modules] Streaming discord_spellcheck@1 to /home/steven/.config/discord/0.0.94/modules/pending/discord_spellcheck-1.zip: 58%
5/16/2025, 8:34:21 PM EDT [Modules] Streaming discord_spellcheck@1 to /home/steven/.config/discord/0.0.94/modules/pending/discord_spellcheck-1.zip: 59%
5/16/2025, 8:34:21 PM EDT [Modules] Streaming discord_spellcheck@1 to /home/steven/.config/discord/0.0.94/modules/pending/discord_spellcheck-1.zip: 60%
5/16/2025, 8:34:21 PM EDT [Modules] Streaming discord_spellcheck@1 to /home/steven/.config/discord/0.0.94/modules/pending/discord_spellcheck-1.zip: 61%
5/16/2025, 8:34:21 PM EDT [Modules] Streaming discord_spellcheck@1 to /home/steven/.config/discord/0.0.94/modules/pending/discord_spellcheck-1.zip: 62%
5/16/2025, 8:34:22 PM EDT [Modules] Streaming discord_spellcheck@1 to /home/steven/.config/discord/0.0.94/modules/pending/discord_spellcheck-1.zip: 63%
5/16/2025, 8:34:23 PM EDT [Modules] Streaming discord_spellcheck@1 to /home/steven/.config/discord/0.0.94/modules/pending/discord_spellcheck-1.zip: 64%
5/16/2025, 8:34:23 PM EDT [Modules] Streaming discord_spellcheck@1 to /home/steven/.config/discord/0.0.94/modules/pending/discord_spellcheck-1.zip: 65%
5/16/2025, 8:34:23 PM EDT [Modules] Streaming discord_spellcheck@1 to /home/steven/.config/discord/0.0.94/modules/pending/discord_spellcheck-1.zip: 66%
5/16/2025, 8:34:23 PM EDT [Modules] Streaming discord_spellcheck@1 to /home/steven/.config/discord/0.0.94/modules/pending/discord_spellcheck-1.zip: 67%
5/16/2025, 8:34:23 PM EDT [Modules] Streaming discord_spellcheck@1 to /home/steven/.config/discord/0.0.94/modules/pending/discord_spellcheck-1.zip: 68%
5/16/2025, 8:34:23 PM EDT [Modules] Streaming discord_spellcheck@1 to /home/steven/.config/discord/0.0.94/modules/pending/discord_spellcheck-1.zip: 69%
5/16/2025, 8:34:23 PM EDT [Modules] Streaming discord_spellcheck@1 to /home/steven/.config/discord/0.0.94/modules/pending/discord_spellcheck-1.zip: 70%
5/16/2025, 8:34:23 PM EDT [Modules] Streaming discord_spellcheck@1 to /home/steven/.config/discord/0.0.94/modules/pending/discord_spellcheck-1.zip: 71%
5/16/2025, 8:34:24 PM EDT [Modules] Streaming discord_spellcheck@1 to /home/steven/.config/discord/0.0.94/modules/pending/discord_spellcheck-1.zip: 72%
5/16/2025, 8:34:24 PM EDT [Modules] Streaming discord_spellcheck@1 to /home/steven/.config/discord/0.0.94/modules/pending/discord_spellcheck-1.zip: 73%
5/16/2025, 8:34:24 PM EDT [Modules] Streaming discord_spellcheck@1 to /home/steven/.config/discord/0.0.94/modules/pending/discord_spellcheck-1.zip: 74%
5/16/2025, 8:34:24 PM EDT [Modules] Streaming discord_spellcheck@1 to /home/steven/.config/discord/0.0.94/modules/pending/discord_spellcheck-1.zip: 75%
5/16/2025, 8:34:24 PM EDT [Modules] Streaming discord_spellcheck@1 to /home/steven/.config/discord/0.0.94/modules/pending/discord_spellcheck-1.zip: 76%
5/16/2025, 8:34:24 PM EDT [Modules] Streaming discord_spellcheck@1 to /home/steven/.config/discord/0.0.94/modules/pending/discord_spellcheck-1.zip: 77%
5/16/2025, 8:34:24 PM EDT [Modules] Streaming discord_spellcheck@1 to /home/steven/.config/discord/0.0.94/modules/pending/discord_spellcheck-1.zip: 78%
5/16/2025, 8:34:25 PM EDT [Modules] Streaming discord_spellcheck@1 to /home/steven/.config/discord/0.0.94/modules/pending/discord_spellcheck-1.zip: 79%
5/16/2025, 8:34:25 PM EDT [Modules] Streaming discord_spellcheck@1 to /home/steven/.config/discord/0.0.94/modules/pending/discord_spellcheck-1.zip: 80%
5/16/2025, 8:34:25 PM EDT [Modules] Streaming discord_spellcheck@1 to /home/steven/.config/discord/0.0.94/modules/pending/discord_spellcheck-1.zip: 82%
5/16/2025, 8:34:25 PM EDT [Modules] Streaming discord_spellcheck@1 to /home/steven/.config/discord/0.0.94/modules/pending/discord_spellcheck-1.zip: 83%
5/16/2025, 8:34:25 PM EDT [Modules] Streaming discord_spellcheck@1 to /home/steven/.config/discord/0.0.94/modules/pending/discord_spellcheck-1.zip: 84%
5/16/2025, 8:34:26 PM EDT [Modules] Streaming discord_spellcheck@1 to /home/steven/.config/discord/0.0.94/modules/pending/discord_spellcheck-1.zip: 85%
5/16/2025, 8:34:26 PM EDT [Modules] Streaming discord_spellcheck@1 to /home/steven/.config/discord/0.0.94/modules/pending/discord_spellcheck-1.zip: 86%
5/16/2025, 8:34:26 PM EDT [Modules] Streaming discord_spellcheck@1 to /home/steven/.config/discord/0.0.94/modules/pending/discord_spellcheck-1.zip: 87%
5/16/2025, 8:34:26 PM EDT [Modules] Streaming discord_spellcheck@1 to /home/steven/.config/discord/0.0.94/modules/pending/discord_spellcheck-1.zip: 88%
5/16/2025, 8:34:26 PM EDT [Modules] Streaming discord_spellcheck@1 to /home/steven/.config/discord/0.0.94/modules/pending/discord_spellcheck-1.zip: 89%
5/16/2025, 8:34:26 PM EDT [Modules] Streaming discord_spellcheck@1 to /home/steven/.config/discord/0.0.94/modules/pending/discord_spellcheck-1.zip: 90%
5/16/2025, 8:34:27 PM EDT [Modules] Streaming discord_spellcheck@1 to /home/steven/.config/discord/0.0.94/modules/pending/discord_spellcheck-1.zip: 91%
5/16/2025, 8:34:27 PM EDT [Modules] Streaming discord_spellcheck@1 to /home/steven/.config/discord/0.0.94/modules/pending/discord_spellcheck-1.zip: 92%
5/16/2025, 8:34:27 PM EDT [Modules] Streaming discord_spellcheck@1 to /home/steven/.config/discord/0.0.94/modules/pending/discord_spellcheck-1.zip: 93%
5/16/2025, 8:34:27 PM EDT [Modules] Streaming discord_spellcheck@1 to /home/steven/.config/discord/0.0.94/modules/pending/discord_spellcheck-1.zip: 94%
5/16/2025, 8:34:27 PM EDT [Modules] Streaming discord_spellcheck@1 to /home/steven/.config/discord/0.0.94/modules/pending/discord_spellcheck-1.zip: 95%
5/16/2025, 8:34:27 PM EDT [Modules] Streaming discord_spellcheck@1 to /home/steven/.config/discord/0.0.94/modules/pending/discord_spellcheck-1.zip: 96%
5/16/2025, 8:34:27 PM EDT [Modules] Streaming discord_spellcheck@1 to /home/steven/.config/discord/0.0.94/modules/pending/discord_spellcheck-1.zip: 97%
5/16/2025, 8:34:28 PM EDT [Modules] Streaming discord_spellcheck@1 to /home/steven/.config/discord/0.0.94/modules/pending/discord_spellcheck-1.zip: 98%
5/16/2025, 8:34:28 PM EDT [Modules] Streaming discord_spellcheck@1 to /home/steven/.config/discord/0.0.94/modules/pending/discord_spellcheck-1.zip: 99%
5/16/2025, 8:34:28 PM EDT [Modules] Streaming discord_spellcheck@1 to /home/steven/.config/discord/0.0.94/modules/pending/discord_spellcheck-1.zip: 100%
5/16/2025, 8:34:28 PM EDT [Modules] Fetching discord_utils@1 from https://discord.com/api/modules/stable/discord_utils/1
5/16/2025, 8:34:28 PM EDT [Modules] Streaming discord_utils@1 to /home/steven/.config/discord/0.0.94/modules/pending/discord_utils-1.zip
5/16/2025, 8:34:28 PM EDT [Modules] Streaming discord_utils@1 to /home/steven/.config/discord/0.0.94/modules/pending/discord_utils-1.zip: 1%
5/16/2025, 8:34:28 PM EDT [Modules] Streaming discord_utils@1 to /home/steven/.config/discord/0.0.94/modules/pending/discord_utils-1.zip: 2%
5/16/2025, 8:34:28 PM EDT [Modules] Streaming discord_utils@1 to /home/steven/.config/discord/0.0.94/modules/pending/discord_utils-1.zip: 3%
5/16/2025, 8:34:28 PM EDT [Modules] Streaming discord_utils@1 to /home/steven/.config/discord/0.0.94/modules/pending/discord_utils-1.zip: 4%
5/16/2025, 8:34:28 PM EDT [Modules] Streaming discord_utils@1 to /home/steven/.config/discord/0.0.94/modules/pending/discord_utils-1.zip: 5%
5/16/2025, 8:34:28 PM EDT [Modules] Streaming discord_utils@1 to /home/steven/.config/discord/0.0.94/modules/pending/discord_utils-1.zip: 6%
5/16/2025, 8:34:28 PM EDT [Modules] Streaming discord_utils@1 to /home/steven/.config/discord/0.0.94/modules/pending/discord_utils-1.zip: 7%
5/16/2025, 8:34:29 PM EDT [Modules] Streaming discord_utils@1 to /home/steven/.config/discord/0.0.94/modules/pending/discord_utils-1.zip: 8%
5/16/2025, 8:34:29 PM EDT [Modules] Streaming discord_utils@1 to /home/steven/.config/discord/0.0.94/modules/pending/discord_utils-1.zip: 9%
5/16/2025, 8:34:29 PM EDT [Modules] Streaming discord_utils@1 to /home/steven/.config/discord/0.0.94/modules/pending/discord_utils-1.zip: 10%
5/16/2025, 8:34:29 PM EDT [Modules] Streaming discord_utils@1 to /home/steven/.config/discord/0.0.94/modules/pending/discord_utils-1.zip: 11%
5/16/2025, 8:34:29 PM EDT [Modules] Streaming discord_utils@1 to /home/steven/.config/discord/0.0.94/modules/pending/discord_utils-1.zip: 12%
5/16/2025, 8:34:29 PM EDT [Modules] Streaming discord_utils@1 to /home/steven/.config/discord/0.0.94/modules/pending/discord_utils-1.zip: 13%
5/16/2025, 8:34:29 PM EDT [Modules] Streaming discord_utils@1 to /home/steven/.config/discord/0.0.94/modules/pending/discord_utils-1.zip: 14%
5/16/2025, 8:34:29 PM EDT [Modules] Streaming discord_utils@1 to /home/steven/.config/discord/0.0.94/modules/pending/discord_utils-1.zip: 15%
5/16/2025, 8:34:29 PM EDT [Modules] Streaming discord_utils@1 to /home/steven/.config/discord/0.0.94/modules/pending/discord_utils-1.zip: 16%
5/16/2025, 8:34:29 PM EDT [Modules] Streaming discord_utils@1 to /home/steven/.config/discord/0.0.94/modules/pending/discord_utils-1.zip: 17%
5/16/2025, 8:34:30 PM EDT [Modules] Streaming discord_utils@1 to /home/steven/.config/discord/0.0.94/modules/pending/discord_utils-1.zip: 18%
5/16/2025, 8:34:30 PM EDT [Modules] Streaming discord_utils@1 to /home/steven/.config/discord/0.0.94/modules/pending/discord_utils-1.zip: 19%
5/16/2025, 8:34:30 PM EDT [Modules] Streaming discord_utils@1 to /home/steven/.config/discord/0.0.94/modules/pending/discord_utils-1.zip: 20%
5/16/2025, 8:34:30 PM EDT [Modules] Streaming discord_utils@1 to /home/steven/.config/discord/0.0.94/modules/pending/discord_utils-1.zip: 21%
5/16/2025, 8:34:30 PM EDT [Modules] Streaming discord_utils@1 to /home/steven/.config/discord/0.0.94/modules/pending/discord_utils-1.zip: 24%
5/16/2025, 8:34:30 PM EDT [Modules] Streaming discord_utils@1 to /home/steven/.config/discord/0.0.94/modules/pending/discord_utils-1.zip: 25%
5/16/2025, 8:34:30 PM EDT [Modules] Streaming discord_utils@1 to /home/steven/.config/discord/0.0.94/modules/pending/discord_utils-1.zip: 26%
5/16/2025, 8:34:30 PM EDT [Modules] Streaming discord_utils@1 to /home/steven/.config/discord/0.0.94/modules/pending/discord_utils-1.zip: 27%
5/16/2025, 8:34:30 PM EDT [Modules] Streaming discord_utils@1 to /home/steven/.config/discord/0.0.94/modules/pending/discord_utils-1.zip: 28%
5/16/2025, 8:34:30 PM EDT [Modules] Streaming discord_utils@1 to /home/steven/.config/discord/0.0.94/modules/pending/discord_utils-1.zip: 29%
5/16/2025, 8:34:30 PM EDT [Modules] Streaming discord_utils@1 to /home/steven/.config/discord/0.0.94/modules/pending/discord_utils-1.zip: 30%
5/16/2025, 8:34:31 PM EDT [Modules] Streaming discord_utils@1 to /home/steven/.config/discord/0.0.94/modules/pending/discord_utils-1.zip: 31%
5/16/2025, 8:34:31 PM EDT [Modules] Streaming discord_utils@1 to /home/steven/.config/discord/0.0.94/modules/pending/discord_utils-1.zip: 32%
5/16/2025, 8:34:31 PM EDT [Modules] Streaming discord_utils@1 to /home/steven/.config/discord/0.0.94/modules/pending/discord_utils-1.zip: 33%
5/16/2025, 8:34:31 PM EDT [Modules] Streaming discord_utils@1 to /home/steven/.config/discord/0.0.94/modules/pending/discord_utils-1.zip: 34%
5/16/2025, 8:34:31 PM EDT [Modules] Streaming discord_utils@1 to /home/steven/.config/discord/0.0.94/modules/pending/discord_utils-1.zip: 35%
5/16/2025, 8:34:31 PM EDT [Modules] Streaming discord_utils@1 to /home/steven/.config/discord/0.0.94/modules/pending/discord_utils-1.zip: 36%
5/16/2025, 8:34:31 PM EDT [Modules] Streaming discord_utils@1 to /home/steven/.config/discord/0.0.94/modules/pending/discord_utils-1.zip: 37%
5/16/2025, 8:34:31 PM EDT [Modules] Streaming discord_utils@1 to /home/steven/.config/discord/0.0.94/modules/pending/discord_utils-1.zip: 38%
5/16/2025, 8:34:31 PM EDT [Modules] Streaming discord_utils@1 to /home/steven/.config/discord/0.0.94/modules/pending/discord_utils-1.zip: 39%
5/16/2025, 8:34:31 PM EDT [Modules] Streaming discord_utils@1 to /home/steven/.config/discord/0.0.94/modules/pending/discord_utils-1.zip: 40%
5/16/2025, 8:34:31 PM EDT [Modules] Streaming discord_utils@1 to /home/steven/.config/discord/0.0.94/modules/pending/discord_utils-1.zip: 41%
5/16/2025, 8:34:31 PM EDT [Modules] Streaming discord_utils@1 to /home/steven/.config/discord/0.0.94/modules/pending/discord_utils-1.zip: 42%
5/16/2025, 8:34:31 PM EDT [Modules] Streaming discord_utils@1 to /home/steven/.config/discord/0.0.94/modules/pending/discord_utils-1.zip: 43%
5/16/2025, 8:34:31 PM EDT [Modules] Streaming discord_utils@1 to /home/steven/.config/discord/0.0.94/modules/pending/discord_utils-1.zip: 44%
5/16/2025, 8:34:31 PM EDT [Modules] Streaming discord_utils@1 to /home/steven/.config/discord/0.0.94/modules/pending/discord_utils-1.zip: 45%
5/16/2025, 8:34:31 PM EDT [Modules] Streaming discord_utils@1 to /home/steven/.config/discord/0.0.94/modules/pending/discord_utils-1.zip: 46%
5/16/2025, 8:34:31 PM EDT [Modules] Streaming discord_utils@1 to /home/steven/.config/discord/0.0.94/modules/pending/discord_utils-1.zip: 47%
5/16/2025, 8:34:31 PM EDT [Modules] Streaming discord_utils@1 to /home/steven/.config/discord/0.0.94/modules/pending/discord_utils-1.zip: 48%
5/16/2025, 8:34:32 PM EDT [Modules] Streaming discord_utils@1 to /home/steven/.config/discord/0.0.94/modules/pending/discord_utils-1.zip: 49%
5/16/2025, 8:34:32 PM EDT [Modules] Streaming discord_utils@1 to /home/steven/.config/discord/0.0.94/modules/pending/discord_utils-1.zip: 50%
5/16/2025, 8:34:32 PM EDT [Modules] Streaming discord_utils@1 to /home/steven/.config/discord/0.0.94/modules/pending/discord_utils-1.zip: 51%
5/16/2025, 8:34:32 PM EDT [Modules] Streaming discord_utils@1 to /home/steven/.config/discord/0.0.94/modules/pending/discord_utils-1.zip: 52%
5/16/2025, 8:34:32 PM EDT [Modules] Streaming discord_utils@1 to /home/steven/.config/discord/0.0.94/modules/pending/discord_utils-1.zip: 53%
5/16/2025, 8:34:32 PM EDT [Modules] Streaming discord_utils@1 to /home/steven/.config/discord/0.0.94/modules/pending/discord_utils-1.zip: 54%
5/16/2025, 8:34:32 PM EDT [Modules] Streaming discord_utils@1 to /home/steven/.config/discord/0.0.94/modules/pending/discord_utils-1.zip: 55%
5/16/2025, 8:34:32 PM EDT [Modules] Streaming discord_utils@1 to /home/steven/.config/discord/0.0.94/modules/pending/discord_utils-1.zip: 56%
5/16/2025, 8:34:32 PM EDT [Modules] Streaming discord_utils@1 to /home/steven/.config/discord/0.0.94/modules/pending/discord_utils-1.zip: 57%
5/16/2025, 8:34:32 PM EDT [Modules] Streaming discord_utils@1 to /home/steven/.config/discord/0.0.94/modules/pending/discord_utils-1.zip: 58%
5/16/2025, 8:34:32 PM EDT [Modules] Streaming discord_utils@1 to /home/steven/.config/discord/0.0.94/modules/pending/discord_utils-1.zip: 59%
5/16/2025, 8:34:32 PM EDT [Modules] Streaming discord_utils@1 to /home/steven/.config/discord/0.0.94/modules/pending/discord_utils-1.zip: 60%
5/16/2025, 8:34:32 PM EDT [Modules] Streaming discord_utils@1 to /home/steven/.config/discord/0.0.94/modules/pending/discord_utils-1.zip: 61%
5/16/2025, 8:34:33 PM EDT [Modules] Streaming discord_utils@1 to /home/steven/.config/discord/0.0.94/modules/pending/discord_utils-1.zip: 62%
5/16/2025, 8:34:33 PM EDT [Modules] Streaming discord_utils@1 to /home/steven/.config/discord/0.0.94/modules/pending/discord_utils-1.zip: 63%
5/16/2025, 8:34:33 PM EDT [Modules] Streaming discord_utils@1 to /home/steven/.config/discord/0.0.94/modules/pending/discord_utils-1.zip: 64%
5/16/2025, 8:34:33 PM EDT [Modules] Streaming discord_utils@1 to /home/steven/.config/discord/0.0.94/modules/pending/discord_utils-1.zip: 66%
5/16/2025, 8:34:33 PM EDT [Modules] Streaming discord_utils@1 to /home/steven/.config/discord/0.0.94/modules/pending/discord_utils-1.zip: 67%
5/16/2025, 8:34:33 PM EDT [Modules] Streaming discord_utils@1 to /home/steven/.config/discord/0.0.94/modules/pending/discord_utils-1.zip: 68%
5/16/2025, 8:34:33 PM EDT [Modules] Streaming discord_utils@1 to /home/steven/.config/discord/0.0.94/modules/pending/discord_utils-1.zip: 71%
5/16/2025, 8:34:33 PM EDT [Modules] Streaming discord_utils@1 to /home/steven/.config/discord/0.0.94/modules/pending/discord_utils-1.zip: 72%
5/16/2025, 8:34:33 PM EDT [Modules] Streaming discord_utils@1 to /home/steven/.config/discord/0.0.94/modules/pending/discord_utils-1.zip: 73%
5/16/2025, 8:34:33 PM EDT [Modules] Streaming discord_utils@1 to /home/steven/.config/discord/0.0.94/modules/pending/discord_utils-1.zip: 74%
5/16/2025, 8:34:33 PM EDT [Modules] Streaming discord_utils@1 to /home/steven/.config/discord/0.0.94/modules/pending/discord_utils-1.zip: 75%
5/16/2025, 8:34:33 PM EDT [Modules] Streaming discord_utils@1 to /home/steven/.config/discord/0.0.94/modules/pending/discord_utils-1.zip: 76%
5/16/2025, 8:34:33 PM EDT [Modules] Streaming discord_utils@1 to /home/steven/.config/discord/0.0.94/modules/pending/discord_utils-1.zip: 77%
5/16/2025, 8:34:33 PM EDT [Modules] Streaming discord_utils@1 to /home/steven/.config/discord/0.0.94/modules/pending/discord_utils-1.zip: 78%
5/16/2025, 8:34:34 PM EDT [Modules] Streaming discord_utils@1 to /home/steven/.config/discord/0.0.94/modules/pending/discord_utils-1.zip: 79%
5/16/2025, 8:34:34 PM EDT [Modules] Streaming discord_utils@1 to /home/steven/.config/discord/0.0.94/modules/pending/discord_utils-1.zip: 80%
5/16/2025, 8:34:34 PM EDT [Modules] Streaming discord_utils@1 to /home/steven/.config/discord/0.0.94/modules/pending/discord_utils-1.zip: 81%
5/16/2025, 8:34:34 PM EDT [Modules] Streaming discord_utils@1 to /home/steven/.config/discord/0.0.94/modules/pending/discord_utils-1.zip: 82%
5/16/2025, 8:34:34 PM EDT [Modules] Streaming discord_utils@1 to /home/steven/.config/discord/0.0.94/modules/pending/discord_utils-1.zip: 83%
5/16/2025, 8:34:34 PM EDT [Modules] Streaming discord_utils@1 to /home/steven/.config/discord/0.0.94/modules/pending/discord_utils-1.zip: 84%
5/16/2025, 8:34:34 PM EDT [Modules] Streaming discord_utils@1 to /home/steven/.config/discord/0.0.94/modules/pending/discord_utils-1.zip: 85%
5/16/2025, 8:34:34 PM EDT [Modules] Streaming discord_utils@1 to /home/steven/.config/discord/0.0.94/modules/pending/discord_utils-1.zip: 86%
5/16/2025, 8:34:34 PM EDT [Modules] Streaming discord_utils@1 to /home/steven/.config/discord/0.0.94/modules/pending/discord_utils-1.zip: 87%
5/16/2025, 8:34:34 PM EDT [Modules] Streaming discord_utils@1 to /home/steven/.config/discord/0.0.94/modules/pending/discord_utils-1.zip: 88%
5/16/2025, 8:34:34 PM EDT [Modules] Streaming discord_utils@1 to /home/steven/.config/discord/0.0.94/modules/pending/discord_utils-1.zip: 89%
5/16/2025, 8:34:35 PM EDT [Modules] Streaming discord_utils@1 to /home/steven/.config/discord/0.0.94/modules/pending/discord_utils-1.zip: 90%
5/16/2025, 8:34:35 PM EDT [Modules] Streaming discord_utils@1 to /home/steven/.config/discord/0.0.94/modules/pending/discord_utils-1.zip: 91%
5/16/2025, 8:34:35 PM EDT [Modules] Streaming discord_utils@1 to /home/steven/.config/discord/0.0.94/modules/pending/discord_utils-1.zip: 92%
5/16/2025, 8:34:35 PM EDT [Modules] Streaming discord_utils@1 to /home/steven/.config/discord/0.0.94/modules/pending/discord_utils-1.zip: 95%
5/16/2025, 8:34:35 PM EDT [Modules] Streaming discord_utils@1 to /home/steven/.config/discord/0.0.94/modules/pending/discord_utils-1.zip: 96%
5/16/2025, 8:34:35 PM EDT [Modules] Streaming discord_utils@1 to /home/steven/.config/discord/0.0.94/modules/pending/discord_utils-1.zip: 97%
5/16/2025, 8:34:35 PM EDT [Modules] Streaming discord_utils@1 to /home/steven/.config/discord/0.0.94/modules/pending/discord_utils-1.zip: 98%
5/16/2025, 8:34:35 PM EDT [Modules] Streaming discord_utils@1 to /home/steven/.config/discord/0.0.94/modules/pending/discord_utils-1.zip: 99%
5/16/2025, 8:34:35 PM EDT [Modules] Streaming discord_utils@1 to /home/steven/.config/discord/0.0.94/modules/pending/discord_utils-1.zip: 100%
5/16/2025, 8:34:35 PM EDT [Modules] Fetching discord_voice@2 from https://discord.com/api/modules/stable/discord_voice/2
5/16/2025, 8:34:35 PM EDT [Modules] Streaming discord_voice@2 to /home/steven/.config/discord/0.0.94/modules/pending/discord_voice-2.zip
5/16/2025, 8:34:36 PM EDT [Modules] Streaming discord_voice@2 to /home/steven/.config/discord/0.0.94/modules/pending/discord_voice-2.zip: 1%
5/16/2025, 8:34:36 PM EDT [Modules] Streaming discord_voice@2 to /home/steven/.config/discord/0.0.94/modules/pending/discord_voice-2.zip: 2%
5/16/2025, 8:34:37 PM EDT [Modules] Streaming discord_voice@2 to /home/steven/.config/discord/0.0.94/modules/pending/discord_voice-2.zip: 3%
5/16/2025, 8:34:37 PM EDT [Modules] Streaming discord_voice@2 to /home/steven/.config/discord/0.0.94/modules/pending/discord_voice-2.zip: 4%
5/16/2025, 8:34:37 PM EDT [Modules] Streaming discord_voice@2 to /home/steven/.config/discord/0.0.94/modules/pending/discord_voice-2.zip: 5%
5/16/2025, 8:34:37 PM EDT [Modules] Streaming discord_voice@2 to /home/steven/.config/discord/0.0.94/modules/pending/discord_voice-2.zip: 6%
5/16/2025, 8:34:38 PM EDT [Modules] Streaming discord_voice@2 to /home/steven/.config/discord/0.0.94/modules/pending/discord_voice-2.zip: 7%
5/16/2025, 8:34:39 PM EDT [Modules] Streaming discord_voice@2 to /home/steven/.config/discord/0.0.94/modules/pending/discord_voice-2.zip: 8%
5/16/2025, 8:34:39 PM EDT [Modules] Streaming discord_voice@2 to /home/steven/.config/discord/0.0.94/modules/pending/discord_voice-2.zip: 9%
5/16/2025, 8:34:39 PM EDT [Modules] Streaming discord_voice@2 to /home/steven/.config/discord/0.0.94/modules/pending/discord_voice-2.zip: 10%
5/16/2025, 8:34:40 PM EDT [Modules] Streaming discord_voice@2 to /home/steven/.config/discord/0.0.94/modules/pending/discord_voice-2.zip: 11%
5/16/2025, 8:34:40 PM EDT [Modules] Streaming discord_voice@2 to /home/steven/.config/discord/0.0.94/modules/pending/discord_voice-2.zip: 12%
5/16/2025, 8:34:40 PM EDT [Modules] Streaming discord_voice@2 to /home/steven/.config/discord/0.0.94/modules/pending/discord_voice-2.zip: 13%
5/16/2025, 8:34:41 PM EDT [Modules] Streaming discord_voice@2 to /home/steven/.config/discord/0.0.94/modules/pending/discord_voice-2.zip: 14%
5/16/2025, 8:34:41 PM EDT [Modules] Streaming discord_voice@2 to /home/steven/.config/discord/0.0.94/modules/pending/discord_voice-2.zip: 15%
5/16/2025, 8:34:42 PM EDT [Modules] Streaming discord_voice@2 to /home/steven/.config/discord/0.0.94/modules/pending/discord_voice-2.zip: 16%
5/16/2025, 8:34:42 PM EDT [Modules] Streaming discord_voice@2 to /home/steven/.config/discord/0.0.94/modules/pending/discord_voice-2.zip: 17%
5/16/2025, 8:34:43 PM EDT [Modules] Streaming discord_voice@2 to /home/steven/.config/discord/0.0.94/modules/pending/discord_voice-2.zip: 18%
5/16/2025, 8:34:43 PM EDT [Modules] Streaming discord_voice@2 to /home/steven/.config/discord/0.0.94/modules/pending/discord_voice-2.zip: 19%
5/16/2025, 8:34:44 PM EDT [Modules] Streaming discord_voice@2 to /home/steven/.config/discord/0.0.94/modules/pending/discord_voice-2.zip: 20%
5/16/2025, 8:34:44 PM EDT [Modules] Streaming discord_voice@2 to /home/steven/.config/discord/0.0.94/modules/pending/discord_voice-2.zip: 21%
5/16/2025, 8:34:44 PM EDT [Modules] Streaming discord_voice@2 to /home/steven/.config/discord/0.0.94/modules/pending/discord_voice-2.zip: 22%
5/16/2025, 8:34:45 PM EDT [Modules] Streaming discord_voice@2 to /home/steven/.config/discord/0.0.94/modules/pending/discord_voice-2.zip: 23%
5/16/2025, 8:34:45 PM EDT [Modules] Streaming discord_voice@2 to /home/steven/.config/discord/0.0.94/modules/pending/discord_voice-2.zip: 24%
5/16/2025, 8:34:45 PM EDT [Modules] Streaming discord_voice@2 to /home/steven/.config/discord/0.0.94/modules/pending/discord_voice-2.zip: 25%
5/16/2025, 8:34:46 PM EDT [Modules] Streaming discord_voice@2 to /home/steven/.config/discord/0.0.94/modules/pending/discord_voice-2.zip: 26%
5/16/2025, 8:34:47 PM EDT [Modules] Streaming discord_voice@2 to /home/steven/.config/discord/0.0.94/modules/pending/discord_voice-2.zip: 27%
5/16/2025, 8:34:47 PM EDT [Modules] Streaming discord_voice@2 to /home/steven/.config/discord/0.0.94/modules/pending/discord_voice-2.zip: 28%
5/16/2025, 8:34:47 PM EDT [Modules] Streaming discord_voice@2 to /home/steven/.config/discord/0.0.94/modules/pending/discord_voice-2.zip: 29%
5/16/2025, 8:34:47 PM EDT [Modules] Streaming discord_voice@2 to /home/steven/.config/discord/0.0.94/modules/pending/discord_voice-2.zip: 30%
5/16/2025, 8:34:48 PM EDT [Modules] Streaming discord_voice@2 to /home/steven/.config/discord/0.0.94/modules/pending/discord_voice-2.zip: 31%
5/16/2025, 8:34:48 PM EDT [Modules] Streaming discord_voice@2 to /home/steven/.config/discord/0.0.94/modules/pending/discord_voice-2.zip: 32%
5/16/2025, 8:34:49 PM EDT [Modules] Streaming discord_voice@2 to /home/steven/.config/discord/0.0.94/modules/pending/discord_voice-2.zip: 33%
5/16/2025, 8:34:50 PM EDT [Modules] Streaming discord_voice@2 to /home/steven/.config/discord/0.0.94/modules/pending/discord_voice-2.zip: 34%
5/16/2025, 8:34:50 PM EDT [Modules] Streaming discord_voice@2 to /home/steven/.config/discord/0.0.94/modules/pending/discord_voice-2.zip: 35%
5/16/2025, 8:34:50 PM EDT [Modules] Streaming discord_voice@2 to /home/steven/.config/discord/0.0.94/modules/pending/discord_voice-2.zip: 36%
5/16/2025, 8:34:51 PM EDT [Modules] Streaming discord_voice@2 to /home/steven/.config/discord/0.0.94/modules/pending/discord_voice-2.zip: 37%
5/16/2025, 8:34:51 PM EDT [Modules] Streaming discord_voice@2 to /home/steven/.config/discord/0.0.94/modules/pending/discord_voice-2.zip: 38%
5/16/2025, 8:34:52 PM EDT [Modules] Streaming discord_voice@2 to /home/steven/.config/discord/0.0.94/modules/pending/discord_voice-2.zip: 39%
5/16/2025, 8:34:52 PM EDT [Modules] Streaming discord_voice@2 to /home/steven/.config/discord/0.0.94/modules/pending/discord_voice-2.zip: 40%
5/16/2025, 8:34:52 PM EDT [Modules] Streaming discord_voice@2 to /home/steven/.config/discord/0.0.94/modules/pending/discord_voice-2.zip: 41%
5/16/2025, 8:34:52 PM EDT [Modules] Streaming discord_voice@2 to /home/steven/.config/discord/0.0.94/modules/pending/discord_voice-2.zip: 42%
5/16/2025, 8:34:53 PM EDT [Modules] Streaming discord_voice@2 to /home/steven/.config/discord/0.0.94/modules/pending/discord_voice-2.zip: 43%
5/16/2025, 8:34:53 PM EDT [Modules] Streaming discord_voice@2 to /home/steven/.config/discord/0.0.94/modules/pending/discord_voice-2.zip: 44%
5/16/2025, 8:34:54 PM EDT [Modules] Streaming discord_voice@2 to /home/steven/.config/discord/0.0.94/modules/pending/discord_voice-2.zip: 45%
5/16/2025, 8:34:54 PM EDT [Modules] Streaming discord_voice@2 to /home/steven/.config/discord/0.0.94/modules/pending/discord_voice-2.zip: 46%
5/16/2025, 8:34:55 PM EDT [Modules] Streaming discord_voice@2 to /home/steven/.config/discord/0.0.94/modules/pending/discord_voice-2.zip: 47%
5/16/2025, 8:34:55 PM EDT [Modules] Streaming discord_voice@2 to /home/steven/.config/discord/0.0.94/modules/pending/discord_voice-2.zip: 48%
5/16/2025, 8:34:55 PM EDT [Modules] Streaming discord_voice@2 to /home/steven/.config/discord/0.0.94/modules/pending/discord_voice-2.zip: 49%
5/16/2025, 8:34:56 PM EDT [Modules] Streaming discord_voice@2 to /home/steven/.config/discord/0.0.94/modules/pending/discord_voice-2.zip: 50%
5/16/2025, 8:34:56 PM EDT [Modules] Streaming discord_voice@2 to /home/steven/.config/discord/0.0.94/modules/pending/discord_voice-2.zip: 51%
5/16/2025, 8:34:57 PM EDT [Modules] Streaming discord_voice@2 to /home/steven/.config/discord/0.0.94/modules/pending/discord_voice-2.zip: 52%
5/16/2025, 8:34:57 PM EDT [Modules] Streaming discord_voice@2 to /home/steven/.config/discord/0.0.94/modules/pending/discord_voice-2.zip: 53%
5/16/2025, 8:34:58 PM EDT [Modules] Streaming discord_voice@2 to /home/steven/.config/discord/0.0.94/modules/pending/discord_voice-2.zip: 54%
5/16/2025, 8:34:58 PM EDT [Modules] Streaming discord_voice@2 to /home/steven/.config/discord/0.0.94/modules/pending/discord_voice-2.zip: 55%
5/16/2025, 8:34:59 PM EDT [Modules] Streaming discord_voice@2 to /home/steven/.config/discord/0.0.94/modules/pending/discord_voice-2.zip: 56%
5/16/2025, 8:34:59 PM EDT [Modules] Streaming discord_voice@2 to /home/steven/.config/discord/0.0.94/modules/pending/discord_voice-2.zip: 57%
5/16/2025, 8:34:59 PM EDT [Modules] Streaming discord_voice@2 to /home/steven/.config/discord/0.0.94/modules/pending/discord_voice-2.zip: 58%
5/16/2025, 8:35:00 PM EDT [Modules] Streaming discord_voice@2 to /home/steven/.config/discord/0.0.94/modules/pending/discord_voice-2.zip: 59%
5/16/2025, 8:35:00 PM EDT [Modules] Streaming discord_voice@2 to /home/steven/.config/discord/0.0.94/modules/pending/discord_voice-2.zip: 60%
5/16/2025, 8:35:01 PM EDT [Modules] Streaming discord_voice@2 to /home/steven/.config/discord/0.0.94/modules/pending/discord_voice-2.zip: 61%
5/16/2025, 8:35:01 PM EDT [Modules] Streaming discord_voice@2 to /home/steven/.config/discord/0.0.94/modules/pending/discord_voice-2.zip: 62%
5/16/2025, 8:35:01 PM EDT [Modules] Streaming discord_voice@2 to /home/steven/.config/discord/0.0.94/modules/pending/discord_voice-2.zip: 63%
5/16/2025, 8:35:02 PM EDT [Modules] Streaming discord_voice@2 to /home/steven/.config/discord/0.0.94/modules/pending/discord_voice-2.zip: 64%
5/16/2025, 8:35:02 PM EDT [Modules] Streaming discord_voice@2 to /home/steven/.config/discord/0.0.94/modules/pending/discord_voice-2.zip: 65%
5/16/2025, 8:35:03 PM EDT [Modules] Streaming discord_voice@2 to /home/steven/.config/discord/0.0.94/modules/pending/discord_voice-2.zip: 66%
5/16/2025, 8:35:03 PM EDT [Modules] Streaming discord_voice@2 to /home/steven/.config/discord/0.0.94/modules/pending/discord_voice-2.zip: 67%
5/16/2025, 8:35:04 PM EDT [Modules] Streaming discord_voice@2 to /home/steven/.config/discord/0.0.94/modules/pending/discord_voice-2.zip: 68%
5/16/2025, 8:35:04 PM EDT [Modules] Streaming discord_voice@2 to /home/steven/.config/discord/0.0.94/modules/pending/discord_voice-2.zip: 69%
5/16/2025, 8:35:04 PM EDT [Modules] Streaming discord_voice@2 to /home/steven/.config/discord/0.0.94/modules/pending/discord_voice-2.zip: 70%
5/16/2025, 8:35:05 PM EDT [Modules] Streaming discord_voice@2 to /home/steven/.config/discord/0.0.94/modules/pending/discord_voice-2.zip: 71%
5/16/2025, 8:35:05 PM EDT [Modules] Streaming discord_voice@2 to /home/steven/.config/discord/0.0.94/modules/pending/discord_voice-2.zip: 72%
5/16/2025, 8:35:06 PM EDT [Modules] Streaming discord_voice@2 to /home/steven/.config/discord/0.0.94/modules/pending/discord_voice-2.zip: 73%
5/16/2025, 8:35:06 PM EDT [Modules] Streaming discord_voice@2 to /home/steven/.config/discord/0.0.94/modules/pending/discord_voice-2.zip: 74%
5/16/2025, 8:35:06 PM EDT [Modules] Streaming discord_voice@2 to /home/steven/.config/discord/0.0.94/modules/pending/discord_voice-2.zip: 75%
5/16/2025, 8:35:07 PM EDT [Modules] Streaming discord_voice@2 to /home/steven/.config/discord/0.0.94/modules/pending/discord_voice-2.zip: 76%
5/16/2025, 8:35:08 PM EDT [Modules] Streaming discord_voice@2 to /home/steven/.config/discord/0.0.94/modules/pending/discord_voice-2.zip: 77%
5/16/2025, 8:35:08 PM EDT [Modules] Streaming discord_voice@2 to /home/steven/.config/discord/0.0.94/modules/pending/discord_voice-2.zip: 78%
5/16/2025, 8:35:09 PM EDT [Modules] Streaming discord_voice@2 to /home/steven/.config/discord/0.0.94/modules/pending/discord_voice-2.zip: 79%
5/16/2025, 8:35:09 PM EDT [Modules] Streaming discord_voice@2 to /home/steven/.config/discord/0.0.94/modules/pending/discord_voice-2.zip: 80%
5/16/2025, 8:35:09 PM EDT [Modules] Streaming discord_voice@2 to /home/steven/.config/discord/0.0.94/modules/pending/discord_voice-2.zip: 81%
5/16/2025, 8:35:10 PM EDT [Modules] Streaming discord_voice@2 to /home/steven/.config/discord/0.0.94/modules/pending/discord_voice-2.zip: 82%
5/16/2025, 8:35:10 PM EDT [Modules] Streaming discord_voice@2 to /home/steven/.config/discord/0.0.94/modules/pending/discord_voice-2.zip: 83%
5/16/2025, 8:35:10 PM EDT [Modules] Streaming discord_voice@2 to /home/steven/.config/discord/0.0.94/modules/pending/discord_voice-2.zip: 84%
5/16/2025, 8:35:11 PM EDT [Modules] Streaming discord_voice@2 to /home/steven/.config/discord/0.0.94/modules/pending/discord_voice-2.zip: 85%
5/16/2025, 8:35:11 PM EDT [Modules] Streaming discord_voice@2 to /home/steven/.config/discord/0.0.94/modules/pending/discord_voice-2.zip: 86%
5/16/2025, 8:35:11 PM EDT [Modules] Streaming discord_voice@2 to /home/steven/.config/discord/0.0.94/modules/pending/discord_voice-2.zip: 87%
5/16/2025, 8:35:12 PM EDT [Modules] Streaming discord_voice@2 to /home/steven/.config/discord/0.0.94/modules/pending/discord_voice-2.zip: 88%
5/16/2025, 8:35:12 PM EDT [Modules] Streaming discord_voice@2 to /home/steven/.config/discord/0.0.94/modules/pending/discord_voice-2.zip: 89%
5/16/2025, 8:35:13 PM EDT [Modules] Streaming discord_voice@2 to /home/steven/.config/discord/0.0.94/modules/pending/discord_voice-2.zip: 90%
5/16/2025, 8:35:13 PM EDT [Modules] Streaming discord_voice@2 to /home/steven/.config/discord/0.0.94/modules/pending/discord_voice-2.zip: 91%
5/16/2025, 8:35:14 PM EDT [Modules] Streaming discord_voice@2 to /home/steven/.config/discord/0.0.94/modules/pending/discord_voice-2.zip: 92%
5/16/2025, 8:35:14 PM EDT [Modules] Streaming discord_voice@2 to /home/steven/.config/discord/0.0.94/modules/pending/discord_voice-2.zip: 93%
5/16/2025, 8:35:14 PM EDT [Modules] Streaming discord_voice@2 to /home/steven/.config/discord/0.0.94/modules/pending/discord_voice-2.zip: 94%
5/16/2025, 8:35:15 PM EDT [Modules] Streaming discord_voice@2 to /home/steven/.config/discord/0.0.94/modules/pending/discord_voice-2.zip: 95%
5/16/2025, 8:35:15 PM EDT [Modules] Streaming discord_voice@2 to /home/steven/.config/discord/0.0.94/modules/pending/discord_voice-2.zip: 96%
5/16/2025, 8:35:16 PM EDT [Modules] Streaming discord_voice@2 to /home/steven/.config/discord/0.0.94/modules/pending/discord_voice-2.zip: 97%
5/16/2025, 8:35:16 PM EDT [Modules] Streaming discord_voice@2 to /home/steven/.config/discord/0.0.94/modules/pending/discord_voice-2.zip: 98%
5/16/2025, 8:35:16 PM EDT [Modules] Streaming discord_voice@2 to /home/steven/.config/discord/0.0.94/modules/pending/discord_voice-2.zip: 99%
5/16/2025, 8:35:17 PM EDT [Modules] Streaming discord_voice@2 to /home/steven/.config/discord/0.0.94/modules/pending/discord_voice-2.zip: 100%
5/16/2025, 8:35:17 PM EDT [Modules] Fetching discord_zstd@1 from https://discord.com/api/modules/stable/discord_zstd/1
5/16/2025, 8:35:17 PM EDT [Modules] Streaming discord_zstd@1 to /home/steven/.config/discord/0.0.94/modules/pending/discord_zstd-1.zip
5/16/2025, 8:35:17 PM EDT [Modules] Streaming discord_zstd@1 to /home/steven/.config/discord/0.0.94/modules/pending/discord_zstd-1.zip: 1%
5/16/2025, 8:35:17 PM EDT [Modules] Streaming discord_zstd@1 to /home/steven/.config/discord/0.0.94/modules/pending/discord_zstd-1.zip: 4%
5/16/2025, 8:35:17 PM EDT [Modules] Streaming discord_zstd@1 to /home/steven/.config/discord/0.0.94/modules/pending/discord_zstd-1.zip: 6%
5/16/2025, 8:35:17 PM EDT [Modules] Streaming discord_zstd@1 to /home/steven/.config/discord/0.0.94/modules/pending/discord_zstd-1.zip: 7%
5/16/2025, 8:35:17 PM EDT [Modules] Streaming discord_zstd@1 to /home/steven/.config/discord/0.0.94/modules/pending/discord_zstd-1.zip: 14%
5/16/2025, 8:35:17 PM EDT [Modules] Streaming discord_zstd@1 to /home/steven/.config/discord/0.0.94/modules/pending/discord_zstd-1.zip: 15%
5/16/2025, 8:35:17 PM EDT [Modules] Streaming discord_zstd@1 to /home/steven/.config/discord/0.0.94/modules/pending/discord_zstd-1.zip: 19%
5/16/2025, 8:35:17 PM EDT [Modules] Streaming discord_zstd@1 to /home/steven/.config/discord/0.0.94/modules/pending/discord_zstd-1.zip: 20%
5/16/2025, 8:35:17 PM EDT [Modules] Streaming discord_zstd@1 to /home/steven/.config/discord/0.0.94/modules/pending/discord_zstd-1.zip: 21%
5/16/2025, 8:35:17 PM EDT [Modules] Streaming discord_zstd@1 to /home/steven/.config/discord/0.0.94/modules/pending/discord_zstd-1.zip: 22%
5/16/2025, 8:35:17 PM EDT [Modules] Streaming discord_zstd@1 to /home/steven/.config/discord/0.0.94/modules/pending/discord_zstd-1.zip: 23%
5/16/2025, 8:35:17 PM EDT [Modules] Streaming discord_zstd@1 to /home/steven/.config/discord/0.0.94/modules/pending/discord_zstd-1.zip: 24%
5/16/2025, 8:35:17 PM EDT [Modules] Streaming discord_zstd@1 to /home/steven/.config/discord/0.0.94/modules/pending/discord_zstd-1.zip: 26%
5/16/2025, 8:35:17 PM EDT [Modules] Streaming discord_zstd@1 to /home/steven/.config/discord/0.0.94/modules/pending/discord_zstd-1.zip: 27%
5/16/2025, 8:35:17 PM EDT [Modules] Streaming discord_zstd@1 to /home/steven/.config/discord/0.0.94/modules/pending/discord_zstd-1.zip: 28%
5/16/2025, 8:35:17 PM EDT [Modules] Streaming discord_zstd@1 to /home/steven/.config/discord/0.0.94/modules/pending/discord_zstd-1.zip: 29%
5/16/2025, 8:35:17 PM EDT [Modules] Streaming discord_zstd@1 to /home/steven/.config/discord/0.0.94/modules/pending/discord_zstd-1.zip: 30%
5/16/2025, 8:35:17 PM EDT [Modules] Streaming discord_zstd@1 to /home/steven/.config/discord/0.0.94/modules/pending/discord_zstd-1.zip: 32%
5/16/2025, 8:35:17 PM EDT [Modules] Streaming discord_zstd@1 to /home/steven/.config/discord/0.0.94/modules/pending/discord_zstd-1.zip: 34%
5/16/2025, 8:35:17 PM EDT [Modules] Streaming discord_zstd@1 to /home/steven/.config/discord/0.0.94/modules/pending/discord_zstd-1.zip: 35%
5/16/2025, 8:35:17 PM EDT [Modules] Streaming discord_zstd@1 to /home/steven/.config/discord/0.0.94/modules/pending/discord_zstd-1.zip: 36%
5/16/2025, 8:35:17 PM EDT [Modules] Streaming discord_zstd@1 to /home/steven/.config/discord/0.0.94/modules/pending/discord_zstd-1.zip: 37%
5/16/2025, 8:35:17 PM EDT [Modules] Streaming discord_zstd@1 to /home/steven/.config/discord/0.0.94/modules/pending/discord_zstd-1.zip: 40%
5/16/2025, 8:35:17 PM EDT [Modules] Streaming discord_zstd@1 to /home/steven/.config/discord/0.0.94/modules/pending/discord_zstd-1.zip: 41%
5/16/2025, 8:35:17 PM EDT [Modules] Streaming discord_zstd@1 to /home/steven/.config/discord/0.0.94/modules/pending/discord_zstd-1.zip: 42%
5/16/2025, 8:35:17 PM EDT [Modules] Streaming discord_zstd@1 to /home/steven/.config/discord/0.0.94/modules/pending/discord_zstd-1.zip: 43%
5/16/2025, 8:35:17 PM EDT [Modules] Streaming discord_zstd@1 to /home/steven/.config/discord/0.0.94/modules/pending/discord_zstd-1.zip: 44%
5/16/2025, 8:35:17 PM EDT [Modules] Streaming discord_zstd@1 to /home/steven/.config/discord/0.0.94/modules/pending/discord_zstd-1.zip: 45%
5/16/2025, 8:35:17 PM EDT [Modules] Streaming discord_zstd@1 to /home/steven/.config/discord/0.0.94/modules/pending/discord_zstd-1.zip: 46%
5/16/2025, 8:35:17 PM EDT [Modules] Streaming discord_zstd@1 to /home/steven/.config/discord/0.0.94/modules/pending/discord_zstd-1.zip: 48%
5/16/2025, 8:35:17 PM EDT [Modules] Streaming discord_zstd@1 to /home/steven/.config/discord/0.0.94/modules/pending/discord_zstd-1.zip: 51%
5/16/2025, 8:35:17 PM EDT [Modules] Streaming discord_zstd@1 to /home/steven/.config/discord/0.0.94/modules/pending/discord_zstd-1.zip: 52%
5/16/2025, 8:35:17 PM EDT [Modules] Streaming discord_zstd@1 to /home/steven/.config/discord/0.0.94/modules/pending/discord_zstd-1.zip: 53%
5/16/2025, 8:35:17 PM EDT [Modules] Streaming discord_zstd@1 to /home/steven/.config/discord/0.0.94/modules/pending/discord_zstd-1.zip: 54%
5/16/2025, 8:35:17 PM EDT [Modules] Streaming discord_zstd@1 to /home/steven/.config/discord/0.0.94/modules/pending/discord_zstd-1.zip: 55%
5/16/2025, 8:35:17 PM EDT [Modules] Streaming discord_zstd@1 to /home/steven/.config/discord/0.0.94/modules/pending/discord_zstd-1.zip: 56%
5/16/2025, 8:35:17 PM EDT [Modules] Streaming discord_zstd@1 to /home/steven/.config/discord/0.0.94/modules/pending/discord_zstd-1.zip: 57%
5/16/2025, 8:35:17 PM EDT [Modules] Streaming discord_zstd@1 to /home/steven/.config/discord/0.0.94/modules/pending/discord_zstd-1.zip: 58%
5/16/2025, 8:35:17 PM EDT [Modules] Streaming discord_zstd@1 to /home/steven/.config/discord/0.0.94/modules/pending/discord_zstd-1.zip: 59%
5/16/2025, 8:35:17 PM EDT [Modules] Streaming discord_zstd@1 to /home/steven/.config/discord/0.0.94/modules/pending/discord_zstd-1.zip: 60%
5/16/2025, 8:35:17 PM EDT [Modules] Streaming discord_zstd@1 to /home/steven/.config/discord/0.0.94/modules/pending/discord_zstd-1.zip: 61%
5/16/2025, 8:35:17 PM EDT [Modules] Streaming discord_zstd@1 to /home/steven/.config/discord/0.0.94/modules/pending/discord_zstd-1.zip: 64%
5/16/2025, 8:35:17 PM EDT [Modules] Streaming discord_zstd@1 to /home/steven/.config/discord/0.0.94/modules/pending/discord_zstd-1.zip: 65%
5/16/2025, 8:35:17 PM EDT [Modules] Streaming discord_zstd@1 to /home/steven/.config/discord/0.0.94/modules/pending/discord_zstd-1.zip: 66%
5/16/2025, 8:35:17 PM EDT [Modules] Streaming discord_zstd@1 to /home/steven/.config/discord/0.0.94/modules/pending/discord_zstd-1.zip: 67%
5/16/2025, 8:35:17 PM EDT [Modules] Streaming discord_zstd@1 to /home/steven/.config/discord/0.0.94/modules/pending/discord_zstd-1.zip: 68%
5/16/2025, 8:35:17 PM EDT [Modules] Streaming discord_zstd@1 to /home/steven/.config/discord/0.0.94/modules/pending/discord_zstd-1.zip: 70%
5/16/2025, 8:35:17 PM EDT [Modules] Streaming discord_zstd@1 to /home/steven/.config/discord/0.0.94/modules/pending/discord_zstd-1.zip: 71%
5/16/2025, 8:35:17 PM EDT [Modules] Streaming discord_zstd@1 to /home/steven/.config/discord/0.0.94/modules/pending/discord_zstd-1.zip: 73%
5/16/2025, 8:35:17 PM EDT [Modules] Streaming discord_zstd@1 to /home/steven/.config/discord/0.0.94/modules/pending/discord_zstd-1.zip: 74%
5/16/2025, 8:35:17 PM EDT [Modules] Streaming discord_zstd@1 to /home/steven/.config/discord/0.0.94/modules/pending/discord_zstd-1.zip: 76%
5/16/2025, 8:35:17 PM EDT [Modules] Streaming discord_zstd@1 to /home/steven/.config/discord/0.0.94/modules/pending/discord_zstd-1.zip: 78%
5/16/2025, 8:35:17 PM EDT [Modules] Streaming discord_zstd@1 to /home/steven/.config/discord/0.0.94/modules/pending/discord_zstd-1.zip: 79%
5/16/2025, 8:35:17 PM EDT [Modules] Streaming discord_zstd@1 to /home/steven/.config/discord/0.0.94/modules/pending/discord_zstd-1.zip: 80%
5/16/2025, 8:35:17 PM EDT [Modules] Streaming discord_zstd@1 to /home/steven/.config/discord/0.0.94/modules/pending/discord_zstd-1.zip: 82%
5/16/2025, 8:35:17 PM EDT [Modules] Streaming discord_zstd@1 to /home/steven/.config/discord/0.0.94/modules/pending/discord_zstd-1.zip: 83%
5/16/2025, 8:35:17 PM EDT [Modules] Streaming discord_zstd@1 to /home/steven/.config/discord/0.0.94/modules/pending/discord_zstd-1.zip: 87%
5/16/2025, 8:35:17 PM EDT [Modules] Streaming discord_zstd@1 to /home/steven/.config/discord/0.0.94/modules/pending/discord_zstd-1.zip: 88%
5/16/2025, 8:35:17 PM EDT [Modules] Streaming discord_zstd@1 to /home/steven/.config/discord/0.0.94/modules/pending/discord_zstd-1.zip: 89%
5/16/2025, 8:35:18 PM EDT [Modules] Streaming discord_zstd@1 to /home/steven/.config/discord/0.0.94/modules/pending/discord_zstd-1.zip: 90%
5/16/2025, 8:35:18 PM EDT [Modules] Streaming discord_zstd@1 to /home/steven/.config/discord/0.0.94/modules/pending/discord_zstd-1.zip: 92%
5/16/2025, 8:35:18 PM EDT [Modules] Streaming discord_zstd@1 to /home/steven/.config/discord/0.0.94/modules/pending/discord_zstd-1.zip: 94%
5/16/2025, 8:35:18 PM EDT [Modules] Streaming discord_zstd@1 to /home/steven/.config/discord/0.0.94/modules/pending/discord_zstd-1.zip: 95%
5/16/2025, 8:35:18 PM EDT [Modules] Streaming discord_zstd@1 to /home/steven/.config/discord/0.0.94/modules/pending/discord_zstd-1.zip: 98%
5/16/2025, 8:35:18 PM EDT [Modules] Streaming discord_zstd@1 to /home/steven/.config/discord/0.0.94/modules/pending/discord_zstd-1.zip: 99%
5/16/2025, 8:35:18 PM EDT [Modules] Streaming discord_zstd@1 to /home/steven/.config/discord/0.0.94/modules/pending/discord_zstd-1.zip: 100%
5/16/2025, 8:35:18 PM EDT [Modules] Finished module downloads. [success: 6] [failure: 0]
5/16/2025, 8:35:18 PM EDT [Modules] Installing updates...
5/16/2025, 8:35:18 PM EDT [Modules] Installing discord_desktop_core@1 from /home/steven/.config/discord/0.0.94/modules/pending/discord_desktop_core-1.zip
5/16/2025, 8:35:18 PM EDT [Modules] Installing discord_erlpack@1 from /home/steven/.config/discord/0.0.94/modules/pending/discord_erlpack-1.zip
5/16/2025, 8:35:18 PM EDT [Modules] Installing discord_spellcheck@1 from /home/steven/.config/discord/0.0.94/modules/pending/discord_spellcheck-1.zip
5/16/2025, 8:35:18 PM EDT [Modules] Installing discord_utils@1 from /home/steven/.config/discord/0.0.94/modules/pending/discord_utils-1.zip
5/16/2025, 8:35:18 PM EDT [Modules] Installing discord_voice@2 from /home/steven/.config/discord/0.0.94/modules/pending/discord_voice-2.zip
5/16/2025, 8:35:18 PM EDT [Modules] Installing discord_zstd@1 from /home/steven/.config/discord/0.0.94/modules/pending/discord_zstd-1.zip
5/16/2025, 8:35:18 PM EDT [Modules] Finished module installations. [success: 6] [failure: 0]
5/16/2025, 8:35:18 PM EDT [Modules] Checking for host updates.
5/16/2025, 8:35:19 PM EDT [Modules] Host is up to date.
5/16/2025, 8:35:19 PM EDT [Modules] Checking for module updates at https://discord.com/api/modules/stable/versions.json
5/16/2025, 8:35:19 PM EDT [Modules] No module updates available.
5/16/2025, 8:36:42 PM EDT [Modules] Starting to install discord_krisp...
5/16/2025, 8:36:42 PM EDT [Modules] Fetching discord_krisp@1 from https://discord.com/api/modules/stable/discord_krisp/1
5/16/2025, 8:36:42 PM EDT [Modules] Streaming discord_krisp@1 to /home/steven/.config/discord/0.0.94/modules/pending/discord_krisp-1.zip
5/16/2025, 8:36:42 PM EDT [Modules] Starting to install discord_game_utils...
5/16/2025, 8:36:43 PM EDT [Modules] Streaming discord_krisp@1 to /home/steven/.config/discord/0.0.94/modules/pending/discord_krisp-1.zip: 1%
5/16/2025, 8:36:44 PM EDT [Modules] Streaming discord_krisp@1 to /home/steven/.config/discord/0.0.94/modules/pending/discord_krisp-1.zip: 2%
5/16/2025, 8:36:45 PM EDT [Modules] Streaming discord_krisp@1 to /home/steven/.config/discord/0.0.94/modules/pending/discord_krisp-1.zip: 3%
5/16/2025, 8:36:45 PM EDT [Modules] Streaming discord_krisp@1 to /home/steven/.config/discord/0.0.94/modules/pending/discord_krisp-1.zip: 4%
5/16/2025, 8:36:46 PM EDT [Modules] Streaming discord_krisp@1 to /home/steven/.config/discord/0.0.94/modules/pending/discord_krisp-1.zip: 5%
5/16/2025, 8:36:46 PM EDT [Modules] Streaming discord_krisp@1 to /home/steven/.config/discord/0.0.94/modules/pending/discord_krisp-1.zip: 6%
5/16/2025, 8:36:47 PM EDT [Modules] Streaming discord_krisp@1 to /home/steven/.config/discord/0.0.94/modules/pending/discord_krisp-1.zip: 7%
5/16/2025, 8:36:47 PM EDT [Modules] Streaming discord_krisp@1 to /home/steven/.config/discord/0.0.94/modules/pending/discord_krisp-1.zip: 8%
5/16/2025, 8:36:48 PM EDT [Modules] Streaming discord_krisp@1 to /home/steven/.config/discord/0.0.94/modules/pending/discord_krisp-1.zip: 9%
5/16/2025, 8:36:48 PM EDT [Modules] Streaming discord_krisp@1 to /home/steven/.config/discord/0.0.94/modules/pending/discord_krisp-1.zip: 10%
5/16/2025, 8:36:49 PM EDT [Modules] Streaming discord_krisp@1 to /home/steven/.config/discord/0.0.94/modules/pending/discord_krisp-1.zip: 11%
5/16/2025, 8:36:49 PM EDT [Modules] Streaming discord_krisp@1 to /home/steven/.config/discord/0.0.94/modules/pending/discord_krisp-1.zip: 12%
5/16/2025, 8:36:49 PM EDT [Modules] Streaming discord_krisp@1 to /home/steven/.config/discord/0.0.94/modules/pending/discord_krisp-1.zip: 13%
5/16/2025, 8:36:49 PM EDT [Modules] Streaming discord_krisp@1 to /home/steven/.config/discord/0.0.94/modules/pending/discord_krisp-1.zip: 14%
5/16/2025, 8:36:50 PM EDT [Modules] Streaming discord_krisp@1 to /home/steven/.config/discord/0.0.94/modules/pending/discord_krisp-1.zip: 15%
5/16/2025, 8:36:50 PM EDT [Modules] Streaming discord_krisp@1 to /home/steven/.config/discord/0.0.94/modules/pending/discord_krisp-1.zip: 16%
5/16/2025, 8:36:50 PM EDT [Modules] Streaming discord_krisp@1 to /home/steven/.config/discord/0.0.94/modules/pending/discord_krisp-1.zip: 17%
5/16/2025, 8:36:50 PM EDT [Modules] Streaming discord_krisp@1 to /home/steven/.config/discord/0.0.94/modules/pending/discord_krisp-1.zip: 18%
5/16/2025, 8:36:51 PM EDT [Modules] Streaming discord_krisp@1 to /home/steven/.config/discord/0.0.94/modules/pending/discord_krisp-1.zip: 19%
5/16/2025, 8:36:51 PM EDT [Modules] Streaming discord_krisp@1 to /home/steven/.config/discord/0.0.94/modules/pending/discord_krisp-1.zip: 20%
5/16/2025, 8:36:52 PM EDT [Modules] Streaming discord_krisp@1 to /home/steven/.config/discord/0.0.94/modules/pending/discord_krisp-1.zip: 21%
5/16/2025, 8:36:53 PM EDT [Modules] Streaming discord_krisp@1 to /home/steven/.config/discord/0.0.94/modules/pending/discord_krisp-1.zip: 22%
5/16/2025, 8:36:53 PM EDT [Modules] Streaming discord_krisp@1 to /home/steven/.config/discord/0.0.94/modules/pending/discord_krisp-1.zip: 23%
5/16/2025, 8:36:53 PM EDT [Modules] Streaming discord_krisp@1 to /home/steven/.config/discord/0.0.94/modules/pending/discord_krisp-1.zip: 24%
5/16/2025, 8:36:54 PM EDT [Modules] Streaming discord_krisp@1 to /home/steven/.config/discord/0.0.94/modules/pending/discord_krisp-1.zip: 25%
5/16/2025, 8:36:54 PM EDT [Modules] Streaming discord_krisp@1 to /home/steven/.config/discord/0.0.94/modules/pending/discord_krisp-1.zip: 26%
5/16/2025, 8:36:54 PM EDT [Modules] Streaming discord_krisp@1 to /home/steven/.config/discord/0.0.94/modules/pending/discord_krisp-1.zip: 27%
5/16/2025, 8:36:55 PM EDT [Modules] Streaming discord_krisp@1 to /home/steven/.config/discord/0.0.94/modules/pending/discord_krisp-1.zip: 28%
5/16/2025, 8:36:55 PM EDT [Modules] Streaming discord_krisp@1 to /home/steven/.config/discord/0.0.94/modules/pending/discord_krisp-1.zip: 29%
5/16/2025, 8:36:56 PM EDT [Modules] Streaming discord_krisp@1 to /home/steven/.config/discord/0.0.94/modules/pending/discord_krisp-1.zip: 30%
5/16/2025, 8:36:56 PM EDT [Modules] Streaming discord_krisp@1 to /home/steven/.config/discord/0.0.94/modules/pending/discord_krisp-1.zip: 31%
5/16/2025, 8:36:56 PM EDT [Modules] Streaming discord_krisp@1 to /home/steven/.config/discord/0.0.94/modules/pending/discord_krisp-1.zip: 32%
5/16/2025, 8:36:57 PM EDT [Modules] Streaming discord_krisp@1 to /home/steven/.config/discord/0.0.94/modules/pending/discord_krisp-1.zip: 33%
5/16/2025, 8:36:57 PM EDT [Modules] Streaming discord_krisp@1 to /home/steven/.config/discord/0.0.94/modules/pending/discord_krisp-1.zip: 34%
5/16/2025, 8:36:58 PM EDT [Modules] Streaming discord_krisp@1 to /home/steven/.config/discord/0.0.94/modules/pending/discord_krisp-1.zip: 35%
5/16/2025, 8:36:58 PM EDT [Modules] Streaming discord_krisp@1 to /home/steven/.config/discord/0.0.94/modules/pending/discord_krisp-1.zip: 36%
5/16/2025, 8:36:59 PM EDT [Modules] Streaming discord_krisp@1 to /home/steven/.config/discord/0.0.94/modules/pending/discord_krisp-1.zip: 37%
5/16/2025, 8:36:59 PM EDT [Modules] Streaming discord_krisp@1 to /home/steven/.config/discord/0.0.94/modules/pending/discord_krisp-1.zip: 38%
5/16/2025, 8:37:00 PM EDT [Modules] Streaming discord_krisp@1 to /home/steven/.config/discord/0.0.94/modules/pending/discord_krisp-1.zip: 39%
5/16/2025, 8:37:00 PM EDT [Modules] Streaming discord_krisp@1 to /home/steven/.config/discord/0.0.94/modules/pending/discord_krisp-1.zip: 40%
5/16/2025, 8:37:00 PM EDT [Modules] Streaming discord_krisp@1 to /home/steven/.config/discord/0.0.94/modules/pending/discord_krisp-1.zip: 41%
5/16/2025, 8:37:01 PM EDT [Modules] Streaming discord_krisp@1 to /home/steven/.config/discord/0.0.94/modules/pending/discord_krisp-1.zip: 42%
5/16/2025, 8:37:01 PM EDT [Modules] Streaming discord_krisp@1 to /home/steven/.config/discord/0.0.94/modules/pending/discord_krisp-1.zip: 43%
5/16/2025, 8:37:02 PM EDT [Modules] Streaming discord_krisp@1 to /home/steven/.config/discord/0.0.94/modules/pending/discord_krisp-1.zip: 44%
5/16/2025, 8:37:03 PM EDT [Modules] Streaming discord_krisp@1 to /home/steven/.config/discord/0.0.94/modules/pending/discord_krisp-1.zip: 45%
5/16/2025, 8:37:04 PM EDT [Modules] Streaming discord_krisp@1 to /home/steven/.config/discord/0.0.94/modules/pending/discord_krisp-1.zip: 46%
5/16/2025, 8:37:04 PM EDT [Modules] Streaming discord_krisp@1 to /home/steven/.config/discord/0.0.94/modules/pending/discord_krisp-1.zip: 47%
5/16/2025, 8:37:05 PM EDT [Modules] Streaming discord_krisp@1 to /home/steven/.config/discord/0.0.94/modules/pending/discord_krisp-1.zip: 48%
5/16/2025, 8:37:05 PM EDT [Modules] Streaming discord_krisp@1 to /home/steven/.config/discord/0.0.94/modules/pending/discord_krisp-1.zip: 49%
5/16/2025, 8:37:06 PM EDT [Modules] Streaming discord_krisp@1 to /home/steven/.config/discord/0.0.94/modules/pending/discord_krisp-1.zip: 50%
5/16/2025, 8:37:06 PM EDT [Modules] Streaming discord_krisp@1 to /home/steven/.config/discord/0.0.94/modules/pending/discord_krisp-1.zip: 51%
5/16/2025, 8:37:06 PM EDT [Modules] Streaming discord_krisp@1 to /home/steven/.config/discord/0.0.94/modules/pending/discord_krisp-1.zip: 52%
5/16/2025, 8:37:07 PM EDT [Modules] Streaming discord_krisp@1 to /home/steven/.config/discord/0.0.94/modules/pending/discord_krisp-1.zip: 53%
5/16/2025, 8:37:07 PM EDT [Modules] Streaming discord_krisp@1 to /home/steven/.config/discord/0.0.94/modules/pending/discord_krisp-1.zip: 54%
5/16/2025, 8:37:08 PM EDT [Modules] Streaming discord_krisp@1 to /home/steven/.config/discord/0.0.94/modules/pending/discord_krisp-1.zip: 55%
5/16/2025, 8:37:08 PM EDT [Modules] Streaming discord_krisp@1 to /home/steven/.config/discord/0.0.94/modules/pending/discord_krisp-1.zip: 56%
5/16/2025, 8:37:08 PM EDT [Modules] Streaming discord_krisp@1 to /home/steven/.config/discord/0.0.94/modules/pending/discord_krisp-1.zip: 57%
5/16/2025, 8:37:08 PM EDT [Modules] Streaming discord_krisp@1 to /home/steven/.config/discord/0.0.94/modules/pending/discord_krisp-1.zip: 58%
5/16/2025, 8:37:09 PM EDT [Modules] Streaming discord_krisp@1 to /home/steven/.config/discord/0.0.94/modules/pending/discord_krisp-1.zip: 59%
5/16/2025, 8:37:09 PM EDT [Modules] Streaming discord_krisp@1 to /home/steven/.config/discord/0.0.94/modules/pending/discord_krisp-1.zip: 60%
5/16/2025, 8:37:09 PM EDT [Modules] Streaming discord_krisp@1 to /home/steven/.config/discord/0.0.94/modules/pending/discord_krisp-1.zip: 61%
5/16/2025, 8:37:09 PM EDT [Modules] Streaming discord_krisp@1 to /home/steven/.config/discord/0.0.94/modules/pending/discord_krisp-1.zip: 62%
5/16/2025, 8:37:09 PM EDT [Modules] Streaming discord_krisp@1 to /home/steven/.config/discord/0.0.94/modules/pending/discord_krisp-1.zip: 63%
5/16/2025, 8:37:10 PM EDT [Modules] Streaming discord_krisp@1 to /home/steven/.config/discord/0.0.94/modules/pending/discord_krisp-1.zip: 64%
5/16/2025, 8:37:11 PM EDT [Modules] Streaming discord_krisp@1 to /home/steven/.config/discord/0.0.94/modules/pending/discord_krisp-1.zip: 65%
5/16/2025, 8:37:11 PM EDT [Modules] Streaming discord_krisp@1 to /home/steven/.config/discord/0.0.94/modules/pending/discord_krisp-1.zip: 66%
5/16/2025, 8:37:12 PM EDT [Modules] Streaming discord_krisp@1 to /home/steven/.config/discord/0.0.94/modules/pending/discord_krisp-1.zip: 67%
5/16/2025, 8:37:13 PM EDT [Modules] Streaming discord_krisp@1 to /home/steven/.config/discord/0.0.94/modules/pending/discord_krisp-1.zip: 68%
5/16/2025, 8:37:14 PM EDT [Modules] Streaming discord_krisp@1 to /home/steven/.config/discord/0.0.94/modules/pending/discord_krisp-1.zip: 69%
5/16/2025, 8:37:14 PM EDT [Modules] Streaming discord_krisp@1 to /home/steven/.config/discord/0.0.94/modules/pending/discord_krisp-1.zip: 70%
5/16/2025, 8:37:15 PM EDT [Modules] Streaming discord_krisp@1 to /home/steven/.config/discord/0.0.94/modules/pending/discord_krisp-1.zip: 71%
5/16/2025, 8:37:16 PM EDT [Modules] Streaming discord_krisp@1 to /home/steven/.config/discord/0.0.94/modules/pending/discord_krisp-1.zip: 72%
5/16/2025, 8:37:16 PM EDT [Modules] Streaming discord_krisp@1 to /home/steven/.config/discord/0.0.94/modules/pending/discord_krisp-1.zip: 73%
5/16/2025, 8:37:17 PM EDT [Modules] Streaming discord_krisp@1 to /home/steven/.config/discord/0.0.94/modules/pending/discord_krisp-1.zip: 74%
5/16/2025, 8:37:18 PM EDT [Modules] Streaming discord_krisp@1 to /home/steven/.config/discord/0.0.94/modules/pending/discord_krisp-1.zip: 75%
5/16/2025, 8:37:18 PM EDT [Modules] Streaming discord_krisp@1 to /home/steven/.config/discord/0.0.94/modules/pending/discord_krisp-1.zip: 76%
5/16/2025, 8:37:19 PM EDT [Modules] Streaming discord_krisp@1 to /home/steven/.config/discord/0.0.94/modules/pending/discord_krisp-1.zip: 77%
5/16/2025, 8:37:19 PM EDT [Modules] Streaming discord_krisp@1 to /home/steven/.config/discord/0.0.94/modules/pending/discord_krisp-1.zip: 78%
5/16/2025, 8:37:19 PM EDT [Modules] Streaming discord_krisp@1 to /home/steven/.config/discord/0.0.94/modules/pending/discord_krisp-1.zip: 79%
5/16/2025, 8:37:19 PM EDT [Modules] Streaming discord_krisp@1 to /home/steven/.config/discord/0.0.94/modules/pending/discord_krisp-1.zip: 80%
5/16/2025, 8:37:20 PM EDT [Modules] Streaming discord_krisp@1 to /home/steven/.config/discord/0.0.94/modules/pending/discord_krisp-1.zip: 81%
5/16/2025, 8:37:20 PM EDT [Modules] Streaming discord_krisp@1 to /home/steven/.config/discord/0.0.94/modules/pending/discord_krisp-1.zip: 82%
5/16/2025, 8:37:20 PM EDT [Modules] Streaming discord_krisp@1 to /home/steven/.config/discord/0.0.94/modules/pending/discord_krisp-1.zip: 83%
5/16/2025, 8:37:20 PM EDT [Modules] Streaming discord_krisp@1 to /home/steven/.config/discord/0.0.94/modules/pending/discord_krisp-1.zip: 84%
5/16/2025, 8:37:21 PM EDT [Modules] Streaming discord_krisp@1 to /home/steven/.config/discord/0.0.94/modules/pending/discord_krisp-1.zip: 85%
5/16/2025, 8:37:21 PM EDT [Modules] Streaming discord_krisp@1 to /home/steven/.config/discord/0.0.94/modules/pending/discord_krisp-1.zip: 86%
5/16/2025, 8:37:21 PM EDT [Modules] Streaming discord_krisp@1 to /home/steven/.config/discord/0.0.94/modules/pending/discord_krisp-1.zip: 87%
5/16/2025, 8:37:21 PM EDT [Modules] Streaming discord_krisp@1 to /home/steven/.config/discord/0.0.94/modules/pending/discord_krisp-1.zip: 88%
5/16/2025, 8:37:21 PM EDT [Modules] Streaming discord_krisp@1 to /home/steven/.config/discord/0.0.94/modules/pending/discord_krisp-1.zip: 89%
5/16/2025, 8:37:22 PM EDT [Modules] Streaming discord_krisp@1 to /home/steven/.config/discord/0.0.94/modules/pending/discord_krisp-1.zip: 90%
5/16/2025, 8:37:22 PM EDT [Modules] Streaming discord_krisp@1 to /home/steven/.config/discord/0.0.94/modules/pending/discord_krisp-1.zip: 91%
5/16/2025, 8:37:23 PM EDT [Modules] Streaming discord_krisp@1 to /home/steven/.config/discord/0.0.94/modules/pending/discord_krisp-1.zip: 92%
5/16/2025, 8:37:23 PM EDT [Modules] Streaming discord_krisp@1 to /home/steven/.config/discord/0.0.94/modules/pending/discord_krisp-1.zip: 93%
5/16/2025, 8:37:23 PM EDT [Modules] Streaming discord_krisp@1 to /home/steven/.config/discord/0.0.94/modules/pending/discord_krisp-1.zip: 94%
5/16/2025, 8:37:24 PM EDT [Modules] Streaming discord_krisp@1 to /home/steven/.config/discord/0.0.94/modules/pending/discord_krisp-1.zip: 95%
5/16/2025, 8:37:24 PM EDT [Modules] Streaming discord_krisp@1 to /home/steven/.config/discord/0.0.94/modules/pending/discord_krisp-1.zip: 96%
5/16/2025, 8:37:24 PM EDT [Modules] Streaming discord_krisp@1 to /home/steven/.config/discord/0.0.94/modules/pending/discord_krisp-1.zip: 97%
5/16/2025, 8:37:25 PM EDT [Modules] Streaming discord_krisp@1 to /home/steven/.config/discord/0.0.94/modules/pending/discord_krisp-1.zip: 98%
5/16/2025, 8:37:25 PM EDT [Modules] Streaming discord_krisp@1 to /home/steven/.config/discord/0.0.94/modules/pending/discord_krisp-1.zip: 99%
5/16/2025, 8:37:25 PM EDT [Modules] Streaming discord_krisp@1 to /home/steven/.config/discord/0.0.94/modules/pending/discord_krisp-1.zip: 100%
5/16/2025, 8:37:25 PM EDT [Modules] Fetching discord_game_utils@1 from https://discord.com/api/modules/stable/discord_game_utils/1
5/16/2025, 8:37:25 PM EDT [Modules] Streaming discord_game_utils@1 to /home/steven/.config/discord/0.0.94/modules/pending/discord_game_utils-1.zip
5/16/2025, 8:37:25 PM EDT [Modules] Installing discord_krisp@1 from /home/steven/.config/discord/0.0.94/modules/pending/discord_krisp-1.zip
5/16/2025, 8:37:26 PM EDT [Modules] Finished module installations. [success: 1] [failure: 0]
5/16/2025, 8:37:26 PM EDT [Modules] Streaming discord_game_utils@1 to /home/steven/.config/discord/0.0.94/modules/pending/discord_game_utils-1.zip: 2%
5/16/2025, 8:37:26 PM EDT [Modules] Streaming discord_game_utils@1 to /home/steven/.config/discord/0.0.94/modules/pending/discord_game_utils-1.zip: 5%
5/16/2025, 8:37:26 PM EDT [Modules] Streaming discord_game_utils@1 to /home/steven/.config/discord/0.0.94/modules/pending/discord_game_utils-1.zip: 6%
5/16/2025, 8:37:26 PM EDT [Modules] Streaming discord_game_utils@1 to /home/steven/.config/discord/0.0.94/modules/pending/discord_game_utils-1.zip: 7%
5/16/2025, 8:37:26 PM EDT [Modules] Streaming discord_game_utils@1 to /home/steven/.config/discord/0.0.94/modules/pending/discord_game_utils-1.zip: 8%
5/16/2025, 8:37:26 PM EDT [Modules] Streaming discord_game_utils@1 to /home/steven/.config/discord/0.0.94/modules/pending/discord_game_utils-1.zip: 9%
5/16/2025, 8:37:26 PM EDT [Modules] Streaming discord_game_utils@1 to /home/steven/.config/discord/0.0.94/modules/pending/discord_game_utils-1.zip: 12%
5/16/2025, 8:37:26 PM EDT [Modules] Streaming discord_game_utils@1 to /home/steven/.config/discord/0.0.94/modules/pending/discord_game_utils-1.zip: 13%
5/16/2025, 8:37:26 PM EDT [Modules] Streaming discord_game_utils@1 to /home/steven/.config/discord/0.0.94/modules/pending/discord_game_utils-1.zip: 16%
5/16/2025, 8:37:26 PM EDT [Modules] Streaming discord_game_utils@1 to /home/steven/.config/discord/0.0.94/modules/pending/discord_game_utils-1.zip: 18%
5/16/2025, 8:37:26 PM EDT [Modules] Streaming discord_game_utils@1 to /home/steven/.config/discord/0.0.94/modules/pending/discord_game_utils-1.zip: 19%
5/16/2025, 8:37:27 PM EDT [Modules] Streaming discord_game_utils@1 to /home/steven/.config/discord/0.0.94/modules/pending/discord_game_utils-1.zip: 20%
5/16/2025, 8:37:27 PM EDT [Modules] Streaming discord_game_utils@1 to /home/steven/.config/discord/0.0.94/modules/pending/discord_game_utils-1.zip: 21%
5/16/2025, 8:37:27 PM EDT [Modules] Streaming discord_game_utils@1 to /home/steven/.config/discord/0.0.94/modules/pending/discord_game_utils-1.zip: 22%
5/16/2025, 8:37:27 PM EDT [Modules] Streaming discord_game_utils@1 to /home/steven/.config/discord/0.0.94/modules/pending/discord_game_utils-1.zip: 23%
5/16/2025, 8:37:27 PM EDT [Modules] Streaming discord_game_utils@1 to /home/steven/.config/discord/0.0.94/modules/pending/discord_game_utils-1.zip: 25%
5/16/2025, 8:37:27 PM EDT [Modules] Streaming discord_game_utils@1 to /home/steven/.config/discord/0.0.94/modules/pending/discord_game_utils-1.zip: 26%
5/16/2025, 8:37:27 PM EDT [Modules] Streaming discord_game_utils@1 to /home/steven/.config/discord/0.0.94/modules/pending/discord_game_utils-1.zip: 28%
5/16/2025, 8:37:27 PM EDT [Modules] Streaming discord_game_utils@1 to /home/steven/.config/discord/0.0.94/modules/pending/discord_game_utils-1.zip: 29%
5/16/2025, 8:37:27 PM EDT [Modules] Streaming discord_game_utils@1 to /home/steven/.config/discord/0.0.94/modules/pending/discord_game_utils-1.zip: 32%
5/16/2025, 8:37:27 PM EDT [Modules] Streaming discord_game_utils@1 to /home/steven/.config/discord/0.0.94/modules/pending/discord_game_utils-1.zip: 33%
5/16/2025, 8:37:27 PM EDT [Modules] Streaming discord_game_utils@1 to /home/steven/.config/discord/0.0.94/modules/pending/discord_game_utils-1.zip: 34%
5/16/2025, 8:37:27 PM EDT [Modules] Streaming discord_game_utils@1 to /home/steven/.config/discord/0.0.94/modules/pending/discord_game_utils-1.zip: 36%
5/16/2025, 8:37:27 PM EDT [Modules] Streaming discord_game_utils@1 to /home/steven/.config/discord/0.0.94/modules/pending/discord_game_utils-1.zip: 38%
5/16/2025, 8:37:27 PM EDT [Modules] Streaming discord_game_utils@1 to /home/steven/.config/discord/0.0.94/modules/pending/discord_game_utils-1.zip: 39%
5/16/2025, 8:37:27 PM EDT [Modules] Streaming discord_game_utils@1 to /home/steven/.config/discord/0.0.94/modules/pending/discord_game_utils-1.zip: 41%
5/16/2025, 8:37:27 PM EDT [Modules] Streaming discord_game_utils@1 to /home/steven/.config/discord/0.0.94/modules/pending/discord_game_utils-1.zip: 42%
5/16/2025, 8:37:28 PM EDT [Modules] Streaming discord_game_utils@1 to /home/steven/.config/discord/0.0.94/modules/pending/discord_game_utils-1.zip: 44%
5/16/2025, 8:37:28 PM EDT [Modules] Streaming discord_game_utils@1 to /home/steven/.config/discord/0.0.94/modules/pending/discord_game_utils-1.zip: 46%
5/16/2025, 8:37:28 PM EDT [Modules] Streaming discord_game_utils@1 to /home/steven/.config/discord/0.0.94/modules/pending/discord_game_utils-1.zip: 47%
5/16/2025, 8:37:28 PM EDT [Modules] Streaming discord_game_utils@1 to /home/steven/.config/discord/0.0.94/modules/pending/discord_game_utils-1.zip: 48%
5/16/2025, 8:37:28 PM EDT [Modules] Streaming discord_game_utils@1 to /home/steven/.config/discord/0.0.94/modules/pending/discord_game_utils-1.zip: 49%
5/16/2025, 8:37:28 PM EDT [Modules] Streaming discord_game_utils@1 to /home/steven/.config/discord/0.0.94/modules/pending/discord_game_utils-1.zip: 51%
5/16/2025, 8:37:28 PM EDT [Modules] Streaming discord_game_utils@1 to /home/steven/.config/discord/0.0.94/modules/pending/discord_game_utils-1.zip: 52%
5/16/2025, 8:37:28 PM EDT [Modules] Streaming discord_game_utils@1 to /home/steven/.config/discord/0.0.94/modules/pending/discord_game_utils-1.zip: 53%
5/16/2025, 8:37:28 PM EDT [Modules] Streaming discord_game_utils@1 to /home/steven/.config/discord/0.0.94/modules/pending/discord_game_utils-1.zip: 54%
5/16/2025, 8:37:28 PM EDT [Modules] Streaming discord_game_utils@1 to /home/steven/.config/discord/0.0.94/modules/pending/discord_game_utils-1.zip: 55%
5/16/2025, 8:37:28 PM EDT [Modules] Streaming discord_game_utils@1 to /home/steven/.config/discord/0.0.94/modules/pending/discord_game_utils-1.zip: 56%
5/16/2025, 8:37:28 PM EDT [Modules] Streaming discord_game_utils@1 to /home/steven/.config/discord/0.0.94/modules/pending/discord_game_utils-1.zip: 57%
5/16/2025, 8:37:28 PM EDT [Modules] Streaming discord_game_utils@1 to /home/steven/.config/discord/0.0.94/modules/pending/discord_game_utils-1.zip: 58%
5/16/2025, 8:37:28 PM EDT [Modules] Streaming discord_game_utils@1 to /home/steven/.config/discord/0.0.94/modules/pending/discord_game_utils-1.zip: 59%
5/16/2025, 8:37:28 PM EDT [Modules] Streaming discord_game_utils@1 to /home/steven/.config/discord/0.0.94/modules/pending/discord_game_utils-1.zip: 62%
5/16/2025, 8:37:28 PM EDT [Modules] Streaming discord_game_utils@1 to /home/steven/.config/discord/0.0.94/modules/pending/discord_game_utils-1.zip: 65%
5/16/2025, 8:37:28 PM EDT [Modules] Streaming discord_game_utils@1 to /home/steven/.config/discord/0.0.94/modules/pending/discord_game_utils-1.zip: 66%
5/16/2025, 8:37:28 PM EDT [Modules] Streaming discord_game_utils@1 to /home/steven/.config/discord/0.0.94/modules/pending/discord_game_utils-1.zip: 67%
5/16/2025, 8:37:29 PM EDT [Modules] Streaming discord_game_utils@1 to /home/steven/.config/discord/0.0.94/modules/pending/discord_game_utils-1.zip: 68%
5/16/2025, 8:37:29 PM EDT [Modules] Streaming discord_game_utils@1 to /home/steven/.config/discord/0.0.94/modules/pending/discord_game_utils-1.zip: 69%
5/16/2025, 8:37:29 PM EDT [Modules] Streaming discord_game_utils@1 to /home/steven/.config/discord/0.0.94/modules/pending/discord_game_utils-1.zip: 70%
5/16/2025, 8:37:29 PM EDT [Modules] Streaming discord_game_utils@1 to /home/steven/.config/discord/0.0.94/modules/pending/discord_game_utils-1.zip: 71%
5/16/2025, 8:37:29 PM EDT [Modules] Streaming discord_game_utils@1 to /home/steven/.config/discord/0.0.94/modules/pending/discord_game_utils-1.zip: 73%
5/16/2025, 8:37:29 PM EDT [Modules] Streaming discord_game_utils@1 to /home/steven/.config/discord/0.0.94/modules/pending/discord_game_utils-1.zip: 74%
5/16/2025, 8:37:29 PM EDT [Modules] Streaming discord_game_utils@1 to /home/steven/.config/discord/0.0.94/modules/pending/discord_game_utils-1.zip: 75%
5/16/2025, 8:37:29 PM EDT [Modules] Streaming discord_game_utils@1 to /home/steven/.config/discord/0.0.94/modules/pending/discord_game_utils-1.zip: 76%
5/16/2025, 8:37:29 PM EDT [Modules] Streaming discord_game_utils@1 to /home/steven/.config/discord/0.0.94/modules/pending/discord_game_utils-1.zip: 77%
5/16/2025, 8:37:29 PM EDT [Modules] Streaming discord_game_utils@1 to /home/steven/.config/discord/0.0.94/modules/pending/discord_game_utils-1.zip: 78%
5/16/2025, 8:37:29 PM EDT [Modules] Streaming discord_game_utils@1 to /home/steven/.config/discord/0.0.94/modules/pending/discord_game_utils-1.zip: 80%
5/16/2025, 8:37:29 PM EDT [Modules] Streaming discord_game_utils@1 to /home/steven/.config/discord/0.0.94/modules/pending/discord_game_utils-1.zip: 81%
5/16/2025, 8:37:29 PM EDT [Modules] Streaming discord_game_utils@1 to /home/steven/.config/discord/0.0.94/modules/pending/discord_game_utils-1.zip: 82%
5/16/2025, 8:37:29 PM EDT [Modules] Streaming discord_game_utils@1 to /home/steven/.config/discord/0.0.94/modules/pending/discord_game_utils-1.zip: 83%
5/16/2025, 8:37:29 PM EDT [Modules] Streaming discord_game_utils@1 to /home/steven/.config/discord/0.0.94/modules/pending/discord_game_utils-1.zip: 84%
5/16/2025, 8:37:29 PM EDT [Modules] Streaming discord_game_utils@1 to /home/steven/.config/discord/0.0.94/modules/pending/discord_game_utils-1.zip: 85%
5/16/2025, 8:37:30 PM EDT [Modules] Streaming discord_game_utils@1 to /home/steven/.config/discord/0.0.94/modules/pending/discord_game_utils-1.zip: 86%
5/16/2025, 8:37:30 PM EDT [Modules] Streaming discord_game_utils@1 to /home/steven/.config/discord/0.0.94/modules/pending/discord_game_utils-1.zip: 87%
5/16/2025, 8:37:30 PM EDT [Modules] Streaming discord_game_utils@1 to /home/steven/.config/discord/0.0.94/modules/pending/discord_game_utils-1.zip: 88%
5/16/2025, 8:37:30 PM EDT [Modules] Streaming discord_game_utils@1 to /home/steven/.config/discord/0.0.94/modules/pending/discord_game_utils-1.zip: 89%
5/16/2025, 8:37:30 PM EDT [Modules] Streaming discord_game_utils@1 to /home/steven/.config/discord/0.0.94/modules/pending/discord_game_utils-1.zip: 90%
5/16/2025, 8:37:30 PM EDT [Modules] Streaming discord_game_utils@1 to /home/steven/.config/discord/0.0.94/modules/pending/discord_game_utils-1.zip: 91%
5/16/2025, 8:37:30 PM EDT [Modules] Streaming discord_game_utils@1 to /home/steven/.config/discord/0.0.94/modules/pending/discord_game_utils-1.zip: 93%
5/16/2025, 8:37:30 PM EDT [Modules] Streaming discord_game_utils@1 to /home/steven/.config/discord/0.0.94/modules/pending/discord_game_utils-1.zip: 94%
5/16/2025, 8:37:30 PM EDT [Modules] Streaming discord_game_utils@1 to /home/steven/.config/discord/0.0.94/modules/pending/discord_game_utils-1.zip: 95%
5/16/2025, 8:37:30 PM EDT [Modules] Streaming discord_game_utils@1 to /home/steven/.config/discord/0.0.94/modules/pending/discord_game_utils-1.zip: 96%
5/16/2025, 8:37:30 PM EDT [Modules] Streaming discord_game_utils@1 to /home/steven/.config/discord/0.0.94/modules/pending/discord_game_utils-1.zip: 97%
5/16/2025, 8:37:31 PM EDT [Modules] Streaming discord_game_utils@1 to /home/steven/.config/discord/0.0.94/modules/pending/discord_game_utils-1.zip: 100%
5/16/2025, 8:37:31 PM EDT [Modules] Finished module downloads. [success: 2] [failure: 0]
5/16/2025, 8:37:31 PM EDT [Modules] Installing discord_game_utils@1 from /home/steven/.config/discord/0.0.94/modules/pending/discord_game_utils-1.zip
5/16/2025, 8:37:31 PM EDT [Modules] Finished module installations. [success: 1] [failure: 0]
5/16/2025, 8:47:51 PM EDT [Modules] Modules initializing
5/16/2025, 8:47:51 PM EDT [Modules] Distribution: remote
5/16/2025, 8:47:51 PM EDT [Modules] Host updates: enabled
5/16/2025, 8:47:51 PM EDT [Modules] Module updates: enabled
5/16/2025, 8:47:51 PM EDT [Modules] Module install path: /home/steven/.config/discord/0.0.94/modules
5/16/2025, 8:47:51 PM EDT [Modules] Module installed file path: /home/steven/.config/discord/0.0.94/modules/installed.json
5/16/2025, 8:47:51 PM EDT [Modules] Module download path: /home/steven/.config/discord/0.0.94/modules/pending
5/16/2025, 8:47:51 PM EDT [Modules] No updates to install
5/16/2025, 8:47:51 PM EDT [Modules] Checking for host updates.
5/16/2025, 8:47:51 PM EDT [Modules] Host is up to date.
5/16/2025, 8:47:51 PM EDT [Modules] Checking for module updates at https://discord.com/api/modules/stable/versions.json
5/16/2025, 8:47:52 PM EDT [Modules] No module updates available.
5/16/2025, 8:49:45 PM EDT [Modules] Starting to install discord_rpc...
5/16/2025, 8:49:45 PM EDT [Modules] Fetching discord_rpc@1 from https://discord.com/api/modules/stable/discord_rpc/1
5/16/2025, 8:49:45 PM EDT [Modules] Streaming discord_rpc@1 to /home/steven/.config/discord/0.0.94/modules/pending/discord_rpc-1.zip
5/16/2025, 8:49:47 PM EDT [Modules] Streaming discord_rpc@1 to /home/steven/.config/discord/0.0.94/modules/pending/discord_rpc-1.zip: 2%
5/16/2025, 8:49:47 PM EDT [Modules] Streaming discord_rpc@1 to /home/steven/.config/discord/0.0.94/modules/pending/discord_rpc-1.zip: 8%
5/16/2025, 8:49:47 PM EDT [Modules] Streaming discord_rpc@1 to /home/steven/.config/discord/0.0.94/modules/pending/discord_rpc-1.zip: 100%
5/16/2025, 8:49:47 PM EDT [Modules] Finished module downloads. [success: 1] [failure: 0]
5/16/2025, 8:49:47 PM EDT [Modules] Installing discord_rpc@1 from /home/steven/.config/discord/0.0.94/modules/pending/discord_rpc-1.zip
5/16/2025, 8:49:47 PM EDT [Modules] Finished module installations. [success: 1] [failure: 0]
5/16/2025, 8:51:33 PM EDT [Modules] Checking for host updates.
5/16/2025, 8:51:35 PM EDT [Modules] Host is up to date.
5/16/2025, 8:51:35 PM EDT [Modules] Checking for module updates at https://discord.com/api/modules/stable/versions.json
5/16/2025, 8:51:36 PM EDT [Modules] No module updates available.
5/16/2025, 8:59:19 PM EDT [Modules] Modules initializing
5/16/2025, 8:59:19 PM EDT [Modules] Distribution: remote
5/16/2025, 8:59:19 PM EDT [Modules] Host updates: enabled
5/16/2025, 8:59:19 PM EDT [Modules] Module updates: enabled
5/16/2025, 8:59:19 PM EDT [Modules] Module install path: /home/steven/.config/discord/0.0.94/modules
5/16/2025, 8:59:19 PM EDT [Modules] Module installed file path: /home/steven/.config/discord/0.0.94/modules/installed.json
5/16/2025, 8:59:19 PM EDT [Modules] Module download path: /home/steven/.config/discord/0.0.94/modules/pending
5/16/2025, 8:59:19 PM EDT [Modules] No updates to install
5/16/2025, 8:59:19 PM EDT [Modules] Checking for host updates.
5/16/2025, 8:59:19 PM EDT [Modules] Host is up to date.
5/16/2025, 8:59:19 PM EDT [Modules] Checking for module updates at https://discord.com/api/modules/stable/versions.json
5/16/2025, 8:59:20 PM EDT [Modules] No module updates available.
5/16/2025, 8:59:25 PM EDT [Modules] Checking for host updates.
5/16/2025, 9:00:05 PM EDT [Modules] Host is up to date.
5/16/2025, 9:00:05 PM EDT [Modules] Checking for module updates at https://discord.com/api/modules/stable/versions.json
5/16/2025, 9:00:07 PM EDT [Modules] No module updates available.
5/17/2025, 9:50:40 AM EDT [Modules] Modules initializing
5/17/2025, 9:50:40 AM EDT [Modules] Distribution: remote
5/17/2025, 9:50:40 AM EDT [Modules] Host updates: enabled
5/17/2025, 9:50:40 AM EDT [Modules] Module updates: enabled
5/17/2025, 9:50:40 AM EDT [Modules] Module install path: /home/steven/.config/discord/0.0.94/modules
5/17/2025, 9:50:40 AM EDT [Modules] Module installed file path: /home/steven/.config/discord/0.0.94/modules/installed.json
5/17/2025, 9:50:40 AM EDT [Modules] Module download path: /home/steven/.config/discord/0.0.94/modules/pending
5/17/2025, 9:50:40 AM EDT [Modules] No updates to install
5/17/2025, 9:50:40 AM EDT [Modules] Checking for host updates.
5/17/2025, 9:50:41 AM EDT [Modules] Host is up to date.
5/17/2025, 9:50:41 AM EDT [Modules] Checking for module updates at https://discord.com/api/modules/stable/versions.json
5/17/2025, 9:50:41 AM EDT [Modules] No module updates available.
5/17/2025, 9:50:46 AM EDT [Modules] Checking for host updates.
5/17/2025, 9:50:46 AM EDT [Modules] Host is up to date.
5/17/2025, 9:50:46 AM EDT [Modules] Checking for module updates at https://discord.com/api/modules/stable/versions.json
5/17/2025, 9:50:46 AM EDT [Modules] No module updates available.
5/17/2025, 10:50:46 AM EDT [Modules] Checking for host updates.
5/17/2025, 10:50:46 AM EDT [Modules] Host is up to date.
5/17/2025, 10:50:46 AM EDT [Modules] Checking for module updates at https://discord.com/api/modules/stable/versions.json
5/17/2025, 10:50:46 AM EDT [Modules] No module updates available.
5/17/2025, 12:43:14 PM EDT [Modules] Modules initializing
5/17/2025, 12:43:14 PM EDT [Modules] Distribution: remote
5/17/2025, 12:43:14 PM EDT [Modules] Host updates: enabled
5/17/2025, 12:43:14 PM EDT [Modules] Module updates: enabled
5/17/2025, 12:43:14 PM EDT [Modules] Module install path: /home/steven/.config/discord/0.0.94/modules
5/17/2025, 12:43:14 PM EDT [Modules] Module installed file path: /home/steven/.config/discord/0.0.94/modules/installed.json
5/17/2025, 12:43:14 PM EDT [Modules] Module download path: /home/steven/.config/discord/0.0.94/modules/pending
5/17/2025, 12:43:14 PM EDT [Modules] No updates to install
5/17/2025, 12:43:14 PM EDT [Modules] Checking for host updates.
5/17/2025, 12:43:14 PM EDT [Modules] Host is up to date.
5/17/2025, 12:43:14 PM EDT [Modules] Checking for module updates at https://discord.com/api/modules/stable/versions.json
5/17/2025, 12:43:14 PM EDT [Modules] No module updates available.
5/17/2025, 12:43:19 PM EDT [Modules] Checking for host updates.
5/17/2025, 12:43:20 PM EDT [Modules] Host is up to date.
5/17/2025, 12:43:20 PM EDT [Modules] Checking for module updates at https://discord.com/api/modules/stable/versions.json
5/17/2025, 12:43:20 PM EDT [Modules] No module updates available.
