[2025-05-16 20:33:39.648] [info]  DiscordSplash.signalReady
[2025-05-16 20:33:39.654] [info]  DiscordSplash.onStateUpdate: {"status":"installing-updates","current":1,"total":6}
[2025-05-16 20:33:39.654] [info]  Splash.onStateUpdate: {"status":"installing-updates","current":1,"total":6}
[2025-05-16 20:33:39.655] [info]  DiscordSplash.onStateUpdate: {"status":"installing-updates","current":2,"total":6}
[2025-05-16 20:33:39.655] [info]  Splash.onStateUpdate: {"status":"installing-updates","current":2,"total":6}
[2025-05-16 20:33:39.664] [info]  DiscordSplash.onStateUpdate: {"status":"installing-updates","current":3,"total":6}
[2025-05-16 20:33:39.665] [info]  Splash.onStateUpdate: {"status":"installing-updates","current":3,"total":6}
[2025-05-16 20:33:39.666] [info]  DiscordSplash.onStateUpdate: {"status":"installing-updates","current":4,"total":6}
[2025-05-16 20:33:39.666] [info]  Splash.onStateUpdate: {"status":"installing-updates","current":4,"total":6}
[2025-05-16 20:33:39.666] [info]  DiscordSplash.onStateUpdate: {"status":"installing-updates","current":5,"total":6}
[2025-05-16 20:33:39.666] [info]  Splash.onStateUpdate: {"status":"installing-updates","current":5,"total":6}
[2025-05-16 20:33:39.666] [info]  DiscordSplash.onStateUpdate: {"status":"installing-updates","current":6,"total":6}
[2025-05-16 20:33:39.667] [info]  Splash.onStateUpdate: {"status":"installing-updates","current":6,"total":6}
[2025-05-16 20:33:39.667] [info]  DiscordSplash.onStateUpdate: {"status":"checking-for-updates","current":6,"total":6}
[2025-05-16 20:33:39.667] [info]  Splash.onStateUpdate: {"status":"checking-for-updates","current":6,"total":6}
[2025-05-16 20:33:40.128] [info]  DiscordSplash.onStateUpdate: {"status":"downloading-updates","current":1,"total":6}
[2025-05-16 20:33:40.128] [info]  Splash.onStateUpdate: {"status":"downloading-updates","current":1,"total":6}
[2025-05-16 20:33:40.648] [info]  Splash.updateCountdownSeconds: undefined
[2025-05-16 20:33:41.648] [info]  Splash.updateCountdownSeconds: undefined
[2025-05-16 20:33:41.902] [info]  DiscordSplash.onStateUpdate: {"status":"downloading-updates","current":1,"total":6,"progress":1}
[2025-05-16 20:33:41.902] [info]  Splash.onStateUpdate: {"status":"downloading-updates","current":1,"total":6,"progress":1}
[2025-05-16 20:33:41.929] [info]  DiscordSplash.onStateUpdate: {"status":"downloading-updates","current":1,"total":6,"progress":2}
[2025-05-16 20:33:41.930] [info]  Splash.onStateUpdate: {"status":"downloading-updates","current":1,"total":6,"progress":2}
[2025-05-16 20:33:42.024] [info]  DiscordSplash.onStateUpdate: {"status":"downloading-updates","current":1,"total":6,"progress":4}
[2025-05-16 20:33:42.024] [info]  Splash.onStateUpdate: {"status":"downloading-updates","current":1,"total":6,"progress":4}
[2025-05-16 20:33:42.124] [info]  DiscordSplash.onStateUpdate: {"status":"downloading-updates","current":1,"total":6,"progress":5}
[2025-05-16 20:33:42.124] [info]  Splash.onStateUpdate: {"status":"downloading-updates","current":1,"total":6,"progress":5}
[2025-05-16 20:33:42.465] [info]  DiscordSplash.onStateUpdate: {"status":"downloading-updates","current":1,"total":6,"progress":6}
[2025-05-16 20:33:42.466] [info]  Splash.onStateUpdate: {"status":"downloading-updates","current":1,"total":6,"progress":6}
[2025-05-16 20:33:42.528] [info]  DiscordSplash.onStateUpdate: {"status":"downloading-updates","current":1,"total":6,"progress":7}
[2025-05-16 20:33:42.529] [info]  Splash.onStateUpdate: {"status":"downloading-updates","current":1,"total":6,"progress":7}
[2025-05-16 20:33:42.648] [info]  Splash.updateCountdownSeconds: undefined
[2025-05-16 20:33:42.705] [info]  DiscordSplash.onStateUpdate: {"status":"downloading-updates","current":1,"total":6,"progress":9}
[2025-05-16 20:33:42.706] [info]  Splash.onStateUpdate: {"status":"downloading-updates","current":1,"total":6,"progress":9}
[2025-05-16 20:33:42.751] [info]  DiscordSplash.onStateUpdate: {"status":"downloading-updates","current":1,"total":6,"progress":10}
[2025-05-16 20:33:42.751] [info]  Splash.onStateUpdate: {"status":"downloading-updates","current":1,"total":6,"progress":10}
[2025-05-16 20:33:42.786] [info]  DiscordSplash.onStateUpdate: {"status":"downloading-updates","current":1,"total":6,"progress":12}
[2025-05-16 20:33:42.786] [info]  Splash.onStateUpdate: {"status":"downloading-updates","current":1,"total":6,"progress":12}
[2025-05-16 20:33:42.947] [info]  DiscordSplash.onStateUpdate: {"status":"downloading-updates","current":1,"total":6,"progress":13}
[2025-05-16 20:33:42.947] [info]  Splash.onStateUpdate: {"status":"downloading-updates","current":1,"total":6,"progress":13}
[2025-05-16 20:33:43.378] [info]  DiscordSplash.onStateUpdate: {"status":"downloading-updates","current":1,"total":6,"progress":14}
[2025-05-16 20:33:43.378] [info]  Splash.onStateUpdate: {"status":"downloading-updates","current":1,"total":6,"progress":14}
[2025-05-16 20:33:43.469] [info]  DiscordSplash.onStateUpdate: {"status":"downloading-updates","current":1,"total":6,"progress":15}
[2025-05-16 20:33:43.469] [info]  Splash.onStateUpdate: {"status":"downloading-updates","current":1,"total":6,"progress":15}
[2025-05-16 20:33:43.536] [info]  DiscordSplash.onStateUpdate: {"status":"downloading-updates","current":1,"total":6,"progress":16}
[2025-05-16 20:33:43.536] [info]  Splash.onStateUpdate: {"status":"downloading-updates","current":1,"total":6,"progress":16}
[2025-05-16 20:33:43.571] [info]  DiscordSplash.onStateUpdate: {"status":"downloading-updates","current":1,"total":6,"progress":17}
[2025-05-16 20:33:43.571] [info]  Splash.onStateUpdate: {"status":"downloading-updates","current":1,"total":6,"progress":17}
[2025-05-16 20:33:43.595] [info]  DiscordSplash.onStateUpdate: {"status":"downloading-updates","current":1,"total":6,"progress":18}
[2025-05-16 20:33:43.596] [info]  Splash.onStateUpdate: {"status":"downloading-updates","current":1,"total":6,"progress":18}
[2025-05-16 20:33:43.625] [info]  DiscordSplash.onStateUpdate: {"status":"downloading-updates","current":1,"total":6,"progress":19}
[2025-05-16 20:33:43.625] [info]  Splash.onStateUpdate: {"status":"downloading-updates","current":1,"total":6,"progress":19}
[2025-05-16 20:33:43.648] [info]  Splash.updateCountdownSeconds: undefined
[2025-05-16 20:33:43.661] [info]  DiscordSplash.onStateUpdate: {"status":"downloading-updates","current":1,"total":6,"progress":20}
[2025-05-16 20:33:43.661] [info]  Splash.onStateUpdate: {"status":"downloading-updates","current":1,"total":6,"progress":20}
[2025-05-16 20:33:43.682] [info]  DiscordSplash.onStateUpdate: {"status":"downloading-updates","current":1,"total":6,"progress":21}
[2025-05-16 20:33:43.682] [info]  Splash.onStateUpdate: {"status":"downloading-updates","current":1,"total":6,"progress":21}
[2025-05-16 20:33:43.717] [info]  DiscordSplash.onStateUpdate: {"status":"downloading-updates","current":1,"total":6,"progress":22}
[2025-05-16 20:33:43.717] [info]  Splash.onStateUpdate: {"status":"downloading-updates","current":1,"total":6,"progress":22}
[2025-05-16 20:33:43.735] [info]  DiscordSplash.onStateUpdate: {"status":"downloading-updates","current":1,"total":6,"progress":23}
[2025-05-16 20:33:43.735] [info]  Splash.onStateUpdate: {"status":"downloading-updates","current":1,"total":6,"progress":23}
[2025-05-16 20:33:44.049] [info]  DiscordSplash.onStateUpdate: {"status":"downloading-updates","current":1,"total":6,"progress":24}
[2025-05-16 20:33:44.050] [info]  Splash.onStateUpdate: {"status":"downloading-updates","current":1,"total":6,"progress":24}
[2025-05-16 20:33:44.279] [info]  DiscordSplash.onStateUpdate: {"status":"downloading-updates","current":1,"total":6,"progress":25}
[2025-05-16 20:33:44.279] [info]  Splash.onStateUpdate: {"status":"downloading-updates","current":1,"total":6,"progress":25}
[2025-05-16 20:33:44.287] [info]  DiscordSplash.onStateUpdate: {"status":"downloading-updates","current":1,"total":6,"progress":26}
[2025-05-16 20:33:44.287] [info]  Splash.onStateUpdate: {"status":"downloading-updates","current":1,"total":6,"progress":26}
[2025-05-16 20:33:44.351] [info]  DiscordSplash.onStateUpdate: {"status":"downloading-updates","current":1,"total":6,"progress":27}
[2025-05-16 20:33:44.352] [info]  Splash.onStateUpdate: {"status":"downloading-updates","current":1,"total":6,"progress":27}
[2025-05-16 20:33:44.385] [info]  DiscordSplash.onStateUpdate: {"status":"downloading-updates","current":1,"total":6,"progress":28}
[2025-05-16 20:33:44.385] [info]  Splash.onStateUpdate: {"status":"downloading-updates","current":1,"total":6,"progress":28}
[2025-05-16 20:33:44.426] [info]  DiscordSplash.onStateUpdate: {"status":"downloading-updates","current":1,"total":6,"progress":29}
[2025-05-16 20:33:44.426] [info]  Splash.onStateUpdate: {"status":"downloading-updates","current":1,"total":6,"progress":29}
[2025-05-16 20:33:44.444] [info]  DiscordSplash.onStateUpdate: {"status":"downloading-updates","current":1,"total":6,"progress":30}
[2025-05-16 20:33:44.444] [info]  Splash.onStateUpdate: {"status":"downloading-updates","current":1,"total":6,"progress":30}
[2025-05-16 20:33:44.454] [info]  DiscordSplash.onStateUpdate: {"status":"downloading-updates","current":1,"total":6,"progress":31}
[2025-05-16 20:33:44.454] [info]  Splash.onStateUpdate: {"status":"downloading-updates","current":1,"total":6,"progress":31}
[2025-05-16 20:33:44.503] [info]  DiscordSplash.onStateUpdate: {"status":"downloading-updates","current":1,"total":6,"progress":32}
[2025-05-16 20:33:44.503] [info]  Splash.onStateUpdate: {"status":"downloading-updates","current":1,"total":6,"progress":32}
[2025-05-16 20:33:44.514] [info]  DiscordSplash.onStateUpdate: {"status":"downloading-updates","current":1,"total":6,"progress":33}
[2025-05-16 20:33:44.515] [info]  Splash.onStateUpdate: {"status":"downloading-updates","current":1,"total":6,"progress":33}
[2025-05-16 20:33:44.648] [info]  Splash.updateCountdownSeconds: undefined
[2025-05-16 20:33:45.108] [info]  DiscordSplash.onStateUpdate: {"status":"downloading-updates","current":1,"total":6,"progress":35}
[2025-05-16 20:33:45.108] [info]  Splash.onStateUpdate: {"status":"downloading-updates","current":1,"total":6,"progress":35}
[2025-05-16 20:33:45.117] [info]  DiscordSplash.onStateUpdate: {"status":"downloading-updates","current":1,"total":6,"progress":36}
[2025-05-16 20:33:45.118] [info]  Splash.onStateUpdate: {"status":"downloading-updates","current":1,"total":6,"progress":36}
[2025-05-16 20:33:45.237] [info]  DiscordSplash.onStateUpdate: {"status":"downloading-updates","current":1,"total":6,"progress":37}
[2025-05-16 20:33:45.237] [info]  Splash.onStateUpdate: {"status":"downloading-updates","current":1,"total":6,"progress":37}
[2025-05-16 20:33:45.559] [info]  DiscordSplash.onStateUpdate: {"status":"downloading-updates","current":1,"total":6,"progress":38}
[2025-05-16 20:33:45.560] [info]  Splash.onStateUpdate: {"status":"downloading-updates","current":1,"total":6,"progress":38}
[2025-05-16 20:33:45.648] [info]  Splash.updateCountdownSeconds: undefined
[2025-05-16 20:33:45.731] [info]  DiscordSplash.onStateUpdate: {"status":"downloading-updates","current":1,"total":6,"progress":39}
[2025-05-16 20:33:45.731] [info]  Splash.onStateUpdate: {"status":"downloading-updates","current":1,"total":6,"progress":39}
[2025-05-16 20:33:45.826] [info]  DiscordSplash.onStateUpdate: {"status":"downloading-updates","current":1,"total":6,"progress":40}
[2025-05-16 20:33:45.826] [info]  Splash.onStateUpdate: {"status":"downloading-updates","current":1,"total":6,"progress":40}
[2025-05-16 20:33:45.923] [info]  DiscordSplash.onStateUpdate: {"status":"downloading-updates","current":1,"total":6,"progress":41}
[2025-05-16 20:33:45.924] [info]  Splash.onStateUpdate: {"status":"downloading-updates","current":1,"total":6,"progress":41}
[2025-05-16 20:33:46.422] [info]  DiscordSplash.onStateUpdate: {"status":"downloading-updates","current":1,"total":6,"progress":42}
[2025-05-16 20:33:46.422] [info]  Splash.onStateUpdate: {"status":"downloading-updates","current":1,"total":6,"progress":42}
[2025-05-16 20:33:46.508] [info]  DiscordSplash.onStateUpdate: {"status":"downloading-updates","current":1,"total":6,"progress":43}
[2025-05-16 20:33:46.509] [info]  Splash.onStateUpdate: {"status":"downloading-updates","current":1,"total":6,"progress":43}
[2025-05-16 20:33:46.602] [info]  DiscordSplash.onStateUpdate: {"status":"downloading-updates","current":1,"total":6,"progress":44}
[2025-05-16 20:33:46.602] [info]  Splash.onStateUpdate: {"status":"downloading-updates","current":1,"total":6,"progress":44}
[2025-05-16 20:33:46.641] [info]  DiscordSplash.onStateUpdate: {"status":"downloading-updates","current":1,"total":6,"progress":45}
[2025-05-16 20:33:46.641] [info]  Splash.onStateUpdate: {"status":"downloading-updates","current":1,"total":6,"progress":45}
[2025-05-16 20:33:46.648] [info]  Splash.updateCountdownSeconds: undefined
[2025-05-16 20:33:46.736] [info]  DiscordSplash.onStateUpdate: {"status":"downloading-updates","current":1,"total":6,"progress":46}
[2025-05-16 20:33:46.736] [info]  Splash.onStateUpdate: {"status":"downloading-updates","current":1,"total":6,"progress":46}
[2025-05-16 20:33:46.749] [info]  DiscordSplash.onStateUpdate: {"status":"downloading-updates","current":1,"total":6,"progress":47}
[2025-05-16 20:33:46.749] [info]  Splash.onStateUpdate: {"status":"downloading-updates","current":1,"total":6,"progress":47}
[2025-05-16 20:33:46.837] [info]  DiscordSplash.onStateUpdate: {"status":"downloading-updates","current":1,"total":6,"progress":48}
[2025-05-16 20:33:46.838] [info]  Splash.onStateUpdate: {"status":"downloading-updates","current":1,"total":6,"progress":48}
[2025-05-16 20:33:46.863] [info]  DiscordSplash.onStateUpdate: {"status":"downloading-updates","current":1,"total":6,"progress":49}
[2025-05-16 20:33:46.863] [info]  Splash.onStateUpdate: {"status":"downloading-updates","current":1,"total":6,"progress":49}
[2025-05-16 20:33:46.898] [info]  DiscordSplash.onStateUpdate: {"status":"downloading-updates","current":1,"total":6,"progress":50}
[2025-05-16 20:33:46.898] [info]  Splash.onStateUpdate: {"status":"downloading-updates","current":1,"total":6,"progress":50}
[2025-05-16 20:33:47.409] [info]  DiscordSplash.onStateUpdate: {"status":"downloading-updates","current":1,"total":6,"progress":51}
[2025-05-16 20:33:47.410] [info]  Splash.onStateUpdate: {"status":"downloading-updates","current":1,"total":6,"progress":51}
[2025-05-16 20:33:47.414] [info]  DiscordSplash.onStateUpdate: {"status":"downloading-updates","current":1,"total":6,"progress":52}
[2025-05-16 20:33:47.414] [info]  Splash.onStateUpdate: {"status":"downloading-updates","current":1,"total":6,"progress":52}
[2025-05-16 20:33:47.555] [info]  DiscordSplash.onStateUpdate: {"status":"downloading-updates","current":1,"total":6,"progress":53}
[2025-05-16 20:33:47.555] [info]  Splash.onStateUpdate: {"status":"downloading-updates","current":1,"total":6,"progress":53}
[2025-05-16 20:33:47.613] [info]  DiscordSplash.onStateUpdate: {"status":"downloading-updates","current":1,"total":6,"progress":54}
[2025-05-16 20:33:47.613] [info]  Splash.onStateUpdate: {"status":"downloading-updates","current":1,"total":6,"progress":54}
[2025-05-16 20:33:47.648] [info]  Splash.updateCountdownSeconds: undefined
[2025-05-16 20:33:47.694] [info]  DiscordSplash.onStateUpdate: {"status":"downloading-updates","current":1,"total":6,"progress":55}
[2025-05-16 20:33:47.694] [info]  Splash.onStateUpdate: {"status":"downloading-updates","current":1,"total":6,"progress":55}
[2025-05-16 20:33:47.707] [info]  DiscordSplash.onStateUpdate: {"status":"downloading-updates","current":1,"total":6,"progress":56}
[2025-05-16 20:33:47.707] [info]  Splash.onStateUpdate: {"status":"downloading-updates","current":1,"total":6,"progress":56}
[2025-05-16 20:33:48.648] [info]  Splash.updateCountdownSeconds: undefined
[2025-05-16 20:33:49.099] [info]  DiscordSplash.onStateUpdate: {"status":"downloading-updates","current":1,"total":6,"progress":57}
[2025-05-16 20:33:49.099] [info]  Splash.onStateUpdate: {"status":"downloading-updates","current":1,"total":6,"progress":57}
[2025-05-16 20:33:49.648] [info]  Splash.updateCountdownSeconds: undefined
[2025-05-16 20:33:50.158] [info]  DiscordSplash.onStateUpdate: {"status":"downloading-updates","current":1,"total":6,"progress":58}
[2025-05-16 20:33:50.159] [info]  Splash.onStateUpdate: {"status":"downloading-updates","current":1,"total":6,"progress":58}
[2025-05-16 20:33:50.648] [info]  Splash.updateCountdownSeconds: undefined
[2025-05-16 20:33:50.752] [info]  DiscordSplash.onStateUpdate: {"status":"downloading-updates","current":1,"total":6,"progress":59}
[2025-05-16 20:33:50.752] [info]  Splash.onStateUpdate: {"status":"downloading-updates","current":1,"total":6,"progress":59}
[2025-05-16 20:33:50.997] [info]  DiscordSplash.onStateUpdate: {"status":"downloading-updates","current":1,"total":6,"progress":60}
[2025-05-16 20:33:50.997] [info]  Splash.onStateUpdate: {"status":"downloading-updates","current":1,"total":6,"progress":60}
[2025-05-16 20:33:51.074] [info]  DiscordSplash.onStateUpdate: {"status":"downloading-updates","current":1,"total":6,"progress":61}
[2025-05-16 20:33:51.075] [info]  Splash.onStateUpdate: {"status":"downloading-updates","current":1,"total":6,"progress":61}
[2025-05-16 20:33:51.219] [info]  DiscordSplash.onStateUpdate: {"status":"downloading-updates","current":1,"total":6,"progress":62}
[2025-05-16 20:33:51.219] [info]  Splash.onStateUpdate: {"status":"downloading-updates","current":1,"total":6,"progress":62}
[2025-05-16 20:33:51.472] [info]  DiscordSplash.onStateUpdate: {"status":"downloading-updates","current":1,"total":6,"progress":63}
[2025-05-16 20:33:51.472] [info]  Splash.onStateUpdate: {"status":"downloading-updates","current":1,"total":6,"progress":63}
[2025-05-16 20:33:51.539] [info]  DiscordSplash.onStateUpdate: {"status":"downloading-updates","current":1,"total":6,"progress":64}
[2025-05-16 20:33:51.540] [info]  Splash.onStateUpdate: {"status":"downloading-updates","current":1,"total":6,"progress":64}
[2025-05-16 20:33:51.648] [info]  Splash.updateCountdownSeconds: undefined
[2025-05-16 20:33:51.762] [info]  DiscordSplash.onStateUpdate: {"status":"downloading-updates","current":1,"total":6,"progress":65}
[2025-05-16 20:33:51.763] [info]  Splash.onStateUpdate: {"status":"downloading-updates","current":1,"total":6,"progress":65}
[2025-05-16 20:33:51.970] [info]  DiscordSplash.onStateUpdate: {"status":"downloading-updates","current":1,"total":6,"progress":66}
[2025-05-16 20:33:51.970] [info]  Splash.onStateUpdate: {"status":"downloading-updates","current":1,"total":6,"progress":66}
[2025-05-16 20:33:51.986] [info]  DiscordSplash.onStateUpdate: {"status":"downloading-updates","current":1,"total":6,"progress":67}
[2025-05-16 20:33:51.986] [info]  Splash.onStateUpdate: {"status":"downloading-updates","current":1,"total":6,"progress":67}
[2025-05-16 20:33:52.296] [info]  DiscordSplash.onStateUpdate: {"status":"downloading-updates","current":1,"total":6,"progress":68}
[2025-05-16 20:33:52.296] [info]  Splash.onStateUpdate: {"status":"downloading-updates","current":1,"total":6,"progress":68}
[2025-05-16 20:33:52.438] [info]  DiscordSplash.onStateUpdate: {"status":"downloading-updates","current":1,"total":6,"progress":69}
[2025-05-16 20:33:52.439] [info]  Splash.onStateUpdate: {"status":"downloading-updates","current":1,"total":6,"progress":69}
[2025-05-16 20:33:52.531] [info]  DiscordSplash.onStateUpdate: {"status":"downloading-updates","current":1,"total":6,"progress":70}
[2025-05-16 20:33:52.531] [info]  Splash.onStateUpdate: {"status":"downloading-updates","current":1,"total":6,"progress":70}
[2025-05-16 20:33:52.648] [info]  Splash.updateCountdownSeconds: undefined
[2025-05-16 20:33:52.789] [info]  DiscordSplash.onStateUpdate: {"status":"downloading-updates","current":1,"total":6,"progress":72}
[2025-05-16 20:33:52.789] [info]  Splash.onStateUpdate: {"status":"downloading-updates","current":1,"total":6,"progress":72}
[2025-05-16 20:33:53.007] [info]  DiscordSplash.onStateUpdate: {"status":"downloading-updates","current":1,"total":6,"progress":73}
[2025-05-16 20:33:53.007] [info]  Splash.onStateUpdate: {"status":"downloading-updates","current":1,"total":6,"progress":73}
[2025-05-16 20:33:53.028] [info]  DiscordSplash.onStateUpdate: {"status":"downloading-updates","current":1,"total":6,"progress":74}
[2025-05-16 20:33:53.028] [info]  Splash.onStateUpdate: {"status":"downloading-updates","current":1,"total":6,"progress":74}
[2025-05-16 20:33:53.270] [info]  DiscordSplash.onStateUpdate: {"status":"downloading-updates","current":1,"total":6,"progress":75}
[2025-05-16 20:33:53.270] [info]  Splash.onStateUpdate: {"status":"downloading-updates","current":1,"total":6,"progress":75}
[2025-05-16 20:33:53.330] [info]  DiscordSplash.onStateUpdate: {"status":"downloading-updates","current":1,"total":6,"progress":76}
[2025-05-16 20:33:53.330] [info]  Splash.onStateUpdate: {"status":"downloading-updates","current":1,"total":6,"progress":76}
[2025-05-16 20:33:53.515] [info]  DiscordSplash.onStateUpdate: {"status":"downloading-updates","current":1,"total":6,"progress":77}
[2025-05-16 20:33:53.515] [info]  Splash.onStateUpdate: {"status":"downloading-updates","current":1,"total":6,"progress":77}
[2025-05-16 20:33:53.648] [info]  Splash.updateCountdownSeconds: undefined
[2025-05-16 20:33:53.794] [info]  DiscordSplash.onStateUpdate: {"status":"downloading-updates","current":1,"total":6,"progress":78}
[2025-05-16 20:33:53.795] [info]  Splash.onStateUpdate: {"status":"downloading-updates","current":1,"total":6,"progress":78}
[2025-05-16 20:33:53.887] [info]  DiscordSplash.onStateUpdate: {"status":"downloading-updates","current":1,"total":6,"progress":79}
[2025-05-16 20:33:53.887] [info]  Splash.onStateUpdate: {"status":"downloading-updates","current":1,"total":6,"progress":79}
[2025-05-16 20:33:54.068] [info]  DiscordSplash.onStateUpdate: {"status":"downloading-updates","current":1,"total":6,"progress":80}
[2025-05-16 20:33:54.069] [info]  Splash.onStateUpdate: {"status":"downloading-updates","current":1,"total":6,"progress":80}
[2025-05-16 20:33:54.157] [info]  DiscordSplash.onStateUpdate: {"status":"downloading-updates","current":1,"total":6,"progress":81}
[2025-05-16 20:33:54.157] [info]  Splash.onStateUpdate: {"status":"downloading-updates","current":1,"total":6,"progress":81}
[2025-05-16 20:33:54.517] [info]  DiscordSplash.onStateUpdate: {"status":"downloading-updates","current":1,"total":6,"progress":83}
[2025-05-16 20:33:54.517] [info]  Splash.onStateUpdate: {"status":"downloading-updates","current":1,"total":6,"progress":83}
[2025-05-16 20:33:54.648] [info]  Splash.updateCountdownSeconds: undefined
[2025-05-16 20:33:54.737] [info]  DiscordSplash.onStateUpdate: {"status":"downloading-updates","current":1,"total":6,"progress":84}
[2025-05-16 20:33:54.737] [info]  Splash.onStateUpdate: {"status":"downloading-updates","current":1,"total":6,"progress":84}
[2025-05-16 20:33:55.225] [info]  DiscordSplash.onStateUpdate: {"status":"downloading-updates","current":1,"total":6,"progress":86}
[2025-05-16 20:33:55.226] [info]  Splash.onStateUpdate: {"status":"downloading-updates","current":1,"total":6,"progress":86}
[2025-05-16 20:33:55.535] [info]  DiscordSplash.onStateUpdate: {"status":"downloading-updates","current":1,"total":6,"progress":88}
[2025-05-16 20:33:55.535] [info]  Splash.onStateUpdate: {"status":"downloading-updates","current":1,"total":6,"progress":88}
[2025-05-16 20:33:55.648] [info]  Splash.updateCountdownSeconds: undefined
[2025-05-16 20:33:55.800] [info]  DiscordSplash.onStateUpdate: {"status":"downloading-updates","current":1,"total":6,"progress":89}
[2025-05-16 20:33:55.801] [info]  Splash.onStateUpdate: {"status":"downloading-updates","current":1,"total":6,"progress":89}
[2025-05-16 20:33:55.934] [info]  DiscordSplash.onStateUpdate: {"status":"downloading-updates","current":1,"total":6,"progress":90}
[2025-05-16 20:33:55.935] [info]  Splash.onStateUpdate: {"status":"downloading-updates","current":1,"total":6,"progress":90}
[2025-05-16 20:33:56.058] [info]  DiscordSplash.onStateUpdate: {"status":"downloading-updates","current":1,"total":6,"progress":91}
[2025-05-16 20:33:56.058] [info]  Splash.onStateUpdate: {"status":"downloading-updates","current":1,"total":6,"progress":91}
[2025-05-16 20:33:56.221] [info]  DiscordSplash.onStateUpdate: {"status":"downloading-updates","current":1,"total":6,"progress":92}
[2025-05-16 20:33:56.221] [info]  Splash.onStateUpdate: {"status":"downloading-updates","current":1,"total":6,"progress":92}
[2025-05-16 20:33:56.386] [info]  DiscordSplash.onStateUpdate: {"status":"downloading-updates","current":1,"total":6,"progress":93}
[2025-05-16 20:33:56.386] [info]  Splash.onStateUpdate: {"status":"downloading-updates","current":1,"total":6,"progress":93}
[2025-05-16 20:33:56.598] [info]  DiscordSplash.onStateUpdate: {"status":"downloading-updates","current":1,"total":6,"progress":94}
[2025-05-16 20:33:56.599] [info]  Splash.onStateUpdate: {"status":"downloading-updates","current":1,"total":6,"progress":94}
[2025-05-16 20:33:56.628] [info]  DiscordSplash.onStateUpdate: {"status":"downloading-updates","current":1,"total":6,"progress":95}
[2025-05-16 20:33:56.628] [info]  Splash.onStateUpdate: {"status":"downloading-updates","current":1,"total":6,"progress":95}
[2025-05-16 20:33:56.648] [info]  Splash.updateCountdownSeconds: undefined
[2025-05-16 20:33:56.783] [info]  DiscordSplash.onStateUpdate: {"status":"downloading-updates","current":1,"total":6,"progress":96}
[2025-05-16 20:33:56.783] [info]  Splash.onStateUpdate: {"status":"downloading-updates","current":1,"total":6,"progress":96}
[2025-05-16 20:33:56.946] [info]  DiscordSplash.onStateUpdate: {"status":"downloading-updates","current":1,"total":6,"progress":97}
[2025-05-16 20:33:56.947] [info]  Splash.onStateUpdate: {"status":"downloading-updates","current":1,"total":6,"progress":97}
[2025-05-16 20:33:57.093] [info]  DiscordSplash.onStateUpdate: {"status":"downloading-updates","current":1,"total":6,"progress":98}
[2025-05-16 20:33:57.094] [info]  Splash.onStateUpdate: {"status":"downloading-updates","current":1,"total":6,"progress":98}
[2025-05-16 20:33:57.300] [info]  DiscordSplash.onStateUpdate: {"status":"downloading-updates","current":1,"total":6,"progress":99}
[2025-05-16 20:33:57.301] [info]  Splash.onStateUpdate: {"status":"downloading-updates","current":1,"total":6,"progress":99}
[2025-05-16 20:33:57.648] [info]  Splash.updateCountdownSeconds: undefined
[2025-05-16 20:33:57.654] [info]  DiscordSplash.onStateUpdate: {"status":"downloading-updates","current":1,"total":6,"progress":100}
[2025-05-16 20:33:57.655] [info]  Splash.onStateUpdate: {"status":"downloading-updates","current":1,"total":6,"progress":100}
[2025-05-16 20:33:57.655] [info]  DiscordSplash.onStateUpdate: {"status":"downloading-updates","current":2,"total":6}
[2025-05-16 20:33:57.655] [info]  Splash.onStateUpdate: {"status":"downloading-updates","current":2,"total":6}
[2025-05-16 20:33:58.093] [info]  DiscordSplash.onStateUpdate: {"status":"downloading-updates","current":2,"total":6,"progress":1}
[2025-05-16 20:33:58.093] [info]  Splash.onStateUpdate: {"status":"downloading-updates","current":2,"total":6,"progress":1}
[2025-05-16 20:33:58.184] [info]  DiscordSplash.onStateUpdate: {"status":"downloading-updates","current":2,"total":6,"progress":2}
[2025-05-16 20:33:58.185] [info]  Splash.onStateUpdate: {"status":"downloading-updates","current":2,"total":6,"progress":2}
[2025-05-16 20:33:58.373] [info]  DiscordSplash.onStateUpdate: {"status":"downloading-updates","current":2,"total":6,"progress":3}
[2025-05-16 20:33:58.373] [info]  Splash.onStateUpdate: {"status":"downloading-updates","current":2,"total":6,"progress":3}
[2025-05-16 20:33:58.463] [info]  DiscordSplash.onStateUpdate: {"status":"downloading-updates","current":2,"total":6,"progress":4}
[2025-05-16 20:33:58.463] [info]  Splash.onStateUpdate: {"status":"downloading-updates","current":2,"total":6,"progress":4}
[2025-05-16 20:33:58.553] [info]  DiscordSplash.onStateUpdate: {"status":"downloading-updates","current":2,"total":6,"progress":5}
[2025-05-16 20:33:58.553] [info]  Splash.onStateUpdate: {"status":"downloading-updates","current":2,"total":6,"progress":5}
[2025-05-16 20:33:58.648] [info]  Splash.updateCountdownSeconds: undefined
[2025-05-16 20:33:58.812] [info]  DiscordSplash.onStateUpdate: {"status":"downloading-updates","current":2,"total":6,"progress":6}
[2025-05-16 20:33:58.812] [info]  Splash.onStateUpdate: {"status":"downloading-updates","current":2,"total":6,"progress":6}
[2025-05-16 20:33:58.834] [info]  DiscordSplash.onStateUpdate: {"status":"downloading-updates","current":2,"total":6,"progress":7}
[2025-05-16 20:33:58.835] [info]  Splash.onStateUpdate: {"status":"downloading-updates","current":2,"total":6,"progress":7}
[2025-05-16 20:33:58.962] [info]  DiscordSplash.onStateUpdate: {"status":"downloading-updates","current":2,"total":6,"progress":8}
[2025-05-16 20:33:58.962] [info]  Splash.onStateUpdate: {"status":"downloading-updates","current":2,"total":6,"progress":8}
[2025-05-16 20:33:59.240] [info]  DiscordSplash.onStateUpdate: {"status":"downloading-updates","current":2,"total":6,"progress":10}
[2025-05-16 20:33:59.241] [info]  Splash.onStateUpdate: {"status":"downloading-updates","current":2,"total":6,"progress":10}
[2025-05-16 20:33:59.306] [info]  DiscordSplash.onStateUpdate: {"status":"downloading-updates","current":2,"total":6,"progress":11}
[2025-05-16 20:33:59.306] [info]  Splash.onStateUpdate: {"status":"downloading-updates","current":2,"total":6,"progress":11}
[2025-05-16 20:33:59.499] [info]  DiscordSplash.onStateUpdate: {"status":"downloading-updates","current":2,"total":6,"progress":12}
[2025-05-16 20:33:59.500] [info]  Splash.onStateUpdate: {"status":"downloading-updates","current":2,"total":6,"progress":12}
[2025-05-16 20:33:59.582] [info]  DiscordSplash.onStateUpdate: {"status":"downloading-updates","current":2,"total":6,"progress":13}
[2025-05-16 20:33:59.583] [info]  Splash.onStateUpdate: {"status":"downloading-updates","current":2,"total":6,"progress":13}
[2025-05-16 20:33:59.648] [info]  Splash.updateCountdownSeconds: undefined
[2025-05-16 20:33:59.760] [info]  DiscordSplash.onStateUpdate: {"status":"downloading-updates","current":2,"total":6,"progress":14}
[2025-05-16 20:33:59.760] [info]  Splash.onStateUpdate: {"status":"downloading-updates","current":2,"total":6,"progress":14}
[2025-05-16 20:34:00.046] [info]  DiscordSplash.onStateUpdate: {"status":"downloading-updates","current":2,"total":6,"progress":15}
[2025-05-16 20:34:00.047] [info]  Splash.onStateUpdate: {"status":"downloading-updates","current":2,"total":6,"progress":15}
[2025-05-16 20:34:00.079] [info]  DiscordSplash.onStateUpdate: {"status":"downloading-updates","current":2,"total":6,"progress":16}
[2025-05-16 20:34:00.079] [info]  Splash.onStateUpdate: {"status":"downloading-updates","current":2,"total":6,"progress":16}
[2025-05-16 20:34:00.228] [info]  DiscordSplash.onStateUpdate: {"status":"downloading-updates","current":2,"total":6,"progress":17}
[2025-05-16 20:34:00.229] [info]  Splash.onStateUpdate: {"status":"downloading-updates","current":2,"total":6,"progress":17}
[2025-05-16 20:34:00.432] [info]  DiscordSplash.onStateUpdate: {"status":"downloading-updates","current":2,"total":6,"progress":18}
[2025-05-16 20:34:00.432] [info]  Splash.onStateUpdate: {"status":"downloading-updates","current":2,"total":6,"progress":18}
[2025-05-16 20:34:00.456] [info]  DiscordSplash.onStateUpdate: {"status":"downloading-updates","current":2,"total":6,"progress":19}
[2025-05-16 20:34:00.456] [info]  Splash.onStateUpdate: {"status":"downloading-updates","current":2,"total":6,"progress":19}
[2025-05-16 20:34:00.648] [info]  Splash.updateCountdownSeconds: undefined
[2025-05-16 20:34:00.693] [info]  DiscordSplash.onStateUpdate: {"status":"downloading-updates","current":2,"total":6,"progress":20}
[2025-05-16 20:34:00.693] [info]  Splash.onStateUpdate: {"status":"downloading-updates","current":2,"total":6,"progress":20}
[2025-05-16 20:34:00.734] [info]  DiscordSplash.onStateUpdate: {"status":"downloading-updates","current":2,"total":6,"progress":21}
[2025-05-16 20:34:00.734] [info]  Splash.onStateUpdate: {"status":"downloading-updates","current":2,"total":6,"progress":21}
[2025-05-16 20:34:00.850] [info]  DiscordSplash.onStateUpdate: {"status":"downloading-updates","current":2,"total":6,"progress":22}
[2025-05-16 20:34:00.850] [info]  Splash.onStateUpdate: {"status":"downloading-updates","current":2,"total":6,"progress":22}
[2025-05-16 20:34:01.038] [info]  DiscordSplash.onStateUpdate: {"status":"downloading-updates","current":2,"total":6,"progress":23}
[2025-05-16 20:34:01.038] [info]  Splash.onStateUpdate: {"status":"downloading-updates","current":2,"total":6,"progress":23}
[2025-05-16 20:34:01.174] [info]  DiscordSplash.onStateUpdate: {"status":"downloading-updates","current":2,"total":6,"progress":24}
[2025-05-16 20:34:01.175] [info]  Splash.onStateUpdate: {"status":"downloading-updates","current":2,"total":6,"progress":24}
[2025-05-16 20:34:01.342] [info]  DiscordSplash.onStateUpdate: {"status":"downloading-updates","current":2,"total":6,"progress":25}
[2025-05-16 20:34:01.342] [info]  Splash.onStateUpdate: {"status":"downloading-updates","current":2,"total":6,"progress":25}
[2025-05-16 20:34:01.444] [info]  DiscordSplash.onStateUpdate: {"status":"downloading-updates","current":2,"total":6,"progress":26}
[2025-05-16 20:34:01.445] [info]  Splash.onStateUpdate: {"status":"downloading-updates","current":2,"total":6,"progress":26}
[2025-05-16 20:34:01.545] [info]  DiscordSplash.onStateUpdate: {"status":"downloading-updates","current":2,"total":6,"progress":27}
[2025-05-16 20:34:01.545] [info]  Splash.onStateUpdate: {"status":"downloading-updates","current":2,"total":6,"progress":27}
[2025-05-16 20:34:01.648] [info]  Splash.updateCountdownSeconds: undefined
[2025-05-16 20:34:01.744] [info]  DiscordSplash.onStateUpdate: {"status":"downloading-updates","current":2,"total":6,"progress":28}
[2025-05-16 20:34:01.744] [info]  Splash.onStateUpdate: {"status":"downloading-updates","current":2,"total":6,"progress":28}
[2025-05-16 20:34:01.846] [info]  DiscordSplash.onStateUpdate: {"status":"downloading-updates","current":2,"total":6,"progress":29}
[2025-05-16 20:34:01.846] [info]  Splash.onStateUpdate: {"status":"downloading-updates","current":2,"total":6,"progress":29}
[2025-05-16 20:34:01.997] [info]  DiscordSplash.onStateUpdate: {"status":"downloading-updates","current":2,"total":6,"progress":30}
[2025-05-16 20:34:01.997] [info]  Splash.onStateUpdate: {"status":"downloading-updates","current":2,"total":6,"progress":30}
[2025-05-16 20:34:02.234] [info]  DiscordSplash.onStateUpdate: {"status":"downloading-updates","current":2,"total":6,"progress":31}
[2025-05-16 20:34:02.234] [info]  Splash.onStateUpdate: {"status":"downloading-updates","current":2,"total":6,"progress":31}
[2025-05-16 20:34:02.389] [info]  DiscordSplash.onStateUpdate: {"status":"downloading-updates","current":2,"total":6,"progress":32}
[2025-05-16 20:34:02.389] [info]  Splash.onStateUpdate: {"status":"downloading-updates","current":2,"total":6,"progress":32}
[2025-05-16 20:34:02.592] [info]  DiscordSplash.onStateUpdate: {"status":"downloading-updates","current":2,"total":6,"progress":33}
[2025-05-16 20:34:02.593] [info]  Splash.onStateUpdate: {"status":"downloading-updates","current":2,"total":6,"progress":33}
[2025-05-16 20:34:02.648] [info]  Splash.updateCountdownSeconds: undefined
[2025-05-16 20:34:02.741] [info]  DiscordSplash.onStateUpdate: {"status":"downloading-updates","current":2,"total":6,"progress":34}
[2025-05-16 20:34:02.741] [info]  Splash.onStateUpdate: {"status":"downloading-updates","current":2,"total":6,"progress":34}
[2025-05-16 20:34:02.833] [info]  DiscordSplash.onStateUpdate: {"status":"downloading-updates","current":2,"total":6,"progress":35}
[2025-05-16 20:34:02.833] [info]  Splash.onStateUpdate: {"status":"downloading-updates","current":2,"total":6,"progress":35}
[2025-05-16 20:34:03.038] [info]  DiscordSplash.onStateUpdate: {"status":"downloading-updates","current":2,"total":6,"progress":36}
[2025-05-16 20:34:03.038] [info]  Splash.onStateUpdate: {"status":"downloading-updates","current":2,"total":6,"progress":36}
[2025-05-16 20:34:03.139] [info]  DiscordSplash.onStateUpdate: {"status":"downloading-updates","current":2,"total":6,"progress":37}
[2025-05-16 20:34:03.139] [info]  Splash.onStateUpdate: {"status":"downloading-updates","current":2,"total":6,"progress":37}
[2025-05-16 20:34:03.308] [info]  DiscordSplash.onStateUpdate: {"status":"downloading-updates","current":2,"total":6,"progress":38}
[2025-05-16 20:34:03.309] [info]  Splash.onStateUpdate: {"status":"downloading-updates","current":2,"total":6,"progress":38}
[2025-05-16 20:34:03.448] [info]  DiscordSplash.onStateUpdate: {"status":"downloading-updates","current":2,"total":6,"progress":39}
[2025-05-16 20:34:03.448] [info]  Splash.onStateUpdate: {"status":"downloading-updates","current":2,"total":6,"progress":39}
[2025-05-16 20:34:03.539] [info]  DiscordSplash.onStateUpdate: {"status":"downloading-updates","current":2,"total":6,"progress":40}
[2025-05-16 20:34:03.539] [info]  Splash.onStateUpdate: {"status":"downloading-updates","current":2,"total":6,"progress":40}
[2025-05-16 20:34:03.642] [info]  DiscordSplash.onStateUpdate: {"status":"downloading-updates","current":2,"total":6,"progress":41}
[2025-05-16 20:34:03.643] [info]  Splash.onStateUpdate: {"status":"downloading-updates","current":2,"total":6,"progress":41}
[2025-05-16 20:34:03.648] [info]  Splash.updateCountdownSeconds: undefined
[2025-05-16 20:34:03.985] [info]  DiscordSplash.onStateUpdate: {"status":"downloading-updates","current":2,"total":6,"progress":43}
[2025-05-16 20:34:03.986] [info]  Splash.onStateUpdate: {"status":"downloading-updates","current":2,"total":6,"progress":43}
[2025-05-16 20:34:04.109] [info]  DiscordSplash.onStateUpdate: {"status":"downloading-updates","current":2,"total":6,"progress":44}
[2025-05-16 20:34:04.109] [info]  Splash.onStateUpdate: {"status":"downloading-updates","current":2,"total":6,"progress":44}
[2025-05-16 20:34:04.313] [info]  DiscordSplash.onStateUpdate: {"status":"downloading-updates","current":2,"total":6,"progress":45}
[2025-05-16 20:34:04.313] [info]  Splash.onStateUpdate: {"status":"downloading-updates","current":2,"total":6,"progress":45}
[2025-05-16 20:34:04.412] [info]  DiscordSplash.onStateUpdate: {"status":"downloading-updates","current":2,"total":6,"progress":46}
[2025-05-16 20:34:04.412] [info]  Splash.onStateUpdate: {"status":"downloading-updates","current":2,"total":6,"progress":46}
[2025-05-16 20:34:04.513] [info]  DiscordSplash.onStateUpdate: {"status":"downloading-updates","current":2,"total":6,"progress":47}
[2025-05-16 20:34:04.514] [info]  Splash.onStateUpdate: {"status":"downloading-updates","current":2,"total":6,"progress":47}
[2025-05-16 20:34:04.648] [info]  Splash.updateCountdownSeconds: undefined
[2025-05-16 20:34:04.708] [info]  DiscordSplash.onStateUpdate: {"status":"downloading-updates","current":2,"total":6,"progress":48}
[2025-05-16 20:34:04.708] [info]  Splash.onStateUpdate: {"status":"downloading-updates","current":2,"total":6,"progress":48}
[2025-05-16 20:34:04.898] [info]  DiscordSplash.onStateUpdate: {"status":"downloading-updates","current":2,"total":6,"progress":49}
[2025-05-16 20:34:04.899] [info]  Splash.onStateUpdate: {"status":"downloading-updates","current":2,"total":6,"progress":49}
[2025-05-16 20:34:05.043] [info]  DiscordSplash.onStateUpdate: {"status":"downloading-updates","current":2,"total":6,"progress":50}
[2025-05-16 20:34:05.043] [info]  Splash.onStateUpdate: {"status":"downloading-updates","current":2,"total":6,"progress":50}
[2025-05-16 20:34:05.205] [info]  DiscordSplash.onStateUpdate: {"status":"downloading-updates","current":2,"total":6,"progress":51}
[2025-05-16 20:34:05.208] [info]  Splash.onStateUpdate: {"status":"downloading-updates","current":2,"total":6,"progress":51}
[2025-05-16 20:34:05.262] [info]  DiscordSplash.onStateUpdate: {"status":"downloading-updates","current":2,"total":6,"progress":52}
[2025-05-16 20:34:05.263] [info]  Splash.onStateUpdate: {"status":"downloading-updates","current":2,"total":6,"progress":52}
[2025-05-16 20:34:05.576] [info]  DiscordSplash.onStateUpdate: {"status":"downloading-updates","current":2,"total":6,"progress":53}
[2025-05-16 20:34:05.577] [info]  Splash.onStateUpdate: {"status":"downloading-updates","current":2,"total":6,"progress":53}
[2025-05-16 20:34:05.648] [info]  Splash.updateCountdownSeconds: undefined
[2025-05-16 20:34:05.687] [info]  DiscordSplash.onStateUpdate: {"status":"downloading-updates","current":2,"total":6,"progress":54}
[2025-05-16 20:34:05.688] [info]  Splash.onStateUpdate: {"status":"downloading-updates","current":2,"total":6,"progress":54}
[2025-05-16 20:34:05.728] [info]  DiscordSplash.onStateUpdate: {"status":"downloading-updates","current":2,"total":6,"progress":55}
[2025-05-16 20:34:05.729] [info]  Splash.onStateUpdate: {"status":"downloading-updates","current":2,"total":6,"progress":55}
[2025-05-16 20:34:05.878] [info]  DiscordSplash.onStateUpdate: {"status":"downloading-updates","current":2,"total":6,"progress":56}
[2025-05-16 20:34:05.878] [info]  Splash.onStateUpdate: {"status":"downloading-updates","current":2,"total":6,"progress":56}
[2025-05-16 20:34:06.070] [info]  DiscordSplash.onStateUpdate: {"status":"downloading-updates","current":2,"total":6,"progress":57}
[2025-05-16 20:34:06.071] [info]  Splash.onStateUpdate: {"status":"downloading-updates","current":2,"total":6,"progress":57}
[2025-05-16 20:34:06.207] [info]  DiscordSplash.onStateUpdate: {"status":"downloading-updates","current":2,"total":6,"progress":58}
[2025-05-16 20:34:06.207] [info]  Splash.onStateUpdate: {"status":"downloading-updates","current":2,"total":6,"progress":58}
[2025-05-16 20:34:06.506] [info]  DiscordSplash.onStateUpdate: {"status":"downloading-updates","current":2,"total":6,"progress":59}
[2025-05-16 20:34:06.506] [info]  Splash.onStateUpdate: {"status":"downloading-updates","current":2,"total":6,"progress":59}
[2025-05-16 20:34:06.530] [info]  DiscordSplash.onStateUpdate: {"status":"downloading-updates","current":2,"total":6,"progress":60}
[2025-05-16 20:34:06.530] [info]  Splash.onStateUpdate: {"status":"downloading-updates","current":2,"total":6,"progress":60}
[2025-05-16 20:34:06.648] [info]  Splash.updateCountdownSeconds: undefined
[2025-05-16 20:34:06.924] [info]  DiscordSplash.onStateUpdate: {"status":"downloading-updates","current":2,"total":6,"progress":61}
[2025-05-16 20:34:06.925] [info]  Splash.onStateUpdate: {"status":"downloading-updates","current":2,"total":6,"progress":61}
[2025-05-16 20:34:07.027] [info]  DiscordSplash.onStateUpdate: {"status":"downloading-updates","current":2,"total":6,"progress":62}
[2025-05-16 20:34:07.027] [info]  Splash.onStateUpdate: {"status":"downloading-updates","current":2,"total":6,"progress":62}
[2025-05-16 20:34:07.441] [info]  DiscordSplash.onStateUpdate: {"status":"downloading-updates","current":2,"total":6,"progress":63}
[2025-05-16 20:34:07.441] [info]  Splash.onStateUpdate: {"status":"downloading-updates","current":2,"total":6,"progress":63}
[2025-05-16 20:34:07.648] [info]  Splash.updateCountdownSeconds: undefined
[2025-05-16 20:34:07.941] [info]  DiscordSplash.onStateUpdate: {"status":"downloading-updates","current":2,"total":6,"progress":64}
[2025-05-16 20:34:07.942] [info]  Splash.onStateUpdate: {"status":"downloading-updates","current":2,"total":6,"progress":64}
[2025-05-16 20:34:08.021] [info]  DiscordSplash.onStateUpdate: {"status":"downloading-updates","current":2,"total":6,"progress":65}
[2025-05-16 20:34:08.021] [info]  Splash.onStateUpdate: {"status":"downloading-updates","current":2,"total":6,"progress":65}
[2025-05-16 20:34:08.145] [info]  DiscordSplash.onStateUpdate: {"status":"downloading-updates","current":2,"total":6,"progress":66}
[2025-05-16 20:34:08.145] [info]  Splash.onStateUpdate: {"status":"downloading-updates","current":2,"total":6,"progress":66}
[2025-05-16 20:34:08.405] [info]  DiscordSplash.onStateUpdate: {"status":"downloading-updates","current":2,"total":6,"progress":67}
[2025-05-16 20:34:08.405] [info]  Splash.onStateUpdate: {"status":"downloading-updates","current":2,"total":6,"progress":67}
[2025-05-16 20:34:08.523] [info]  DiscordSplash.onStateUpdate: {"status":"downloading-updates","current":2,"total":6,"progress":68}
[2025-05-16 20:34:08.523] [info]  Splash.onStateUpdate: {"status":"downloading-updates","current":2,"total":6,"progress":68}
[2025-05-16 20:34:08.647] [info]  DiscordSplash.onStateUpdate: {"status":"downloading-updates","current":2,"total":6,"progress":69}
[2025-05-16 20:34:08.648] [info]  Splash.onStateUpdate: {"status":"downloading-updates","current":2,"total":6,"progress":69}
[2025-05-16 20:34:08.648] [info]  Splash.updateCountdownSeconds: undefined
[2025-05-16 20:34:08.923] [info]  DiscordSplash.onStateUpdate: {"status":"downloading-updates","current":2,"total":6,"progress":70}
[2025-05-16 20:34:08.923] [info]  Splash.onStateUpdate: {"status":"downloading-updates","current":2,"total":6,"progress":70}
[2025-05-16 20:34:09.048] [info]  DiscordSplash.onStateUpdate: {"status":"downloading-updates","current":2,"total":6,"progress":71}
[2025-05-16 20:34:09.048] [info]  Splash.onStateUpdate: {"status":"downloading-updates","current":2,"total":6,"progress":71}
[2025-05-16 20:34:09.176] [info]  DiscordSplash.onStateUpdate: {"status":"downloading-updates","current":2,"total":6,"progress":72}
[2025-05-16 20:34:09.177] [info]  Splash.onStateUpdate: {"status":"downloading-updates","current":2,"total":6,"progress":72}
[2025-05-16 20:34:09.424] [info]  DiscordSplash.onStateUpdate: {"status":"downloading-updates","current":2,"total":6,"progress":73}
[2025-05-16 20:34:09.424] [info]  Splash.onStateUpdate: {"status":"downloading-updates","current":2,"total":6,"progress":73}
[2025-05-16 20:34:09.549] [info]  DiscordSplash.onStateUpdate: {"status":"downloading-updates","current":2,"total":6,"progress":74}
[2025-05-16 20:34:09.549] [info]  Splash.onStateUpdate: {"status":"downloading-updates","current":2,"total":6,"progress":74}
[2025-05-16 20:34:09.648] [info]  Splash.updateCountdownSeconds: undefined
[2025-05-16 20:34:09.809] [info]  DiscordSplash.onStateUpdate: {"status":"downloading-updates","current":2,"total":6,"progress":75}
[2025-05-16 20:34:09.809] [info]  Splash.onStateUpdate: {"status":"downloading-updates","current":2,"total":6,"progress":75}
[2025-05-16 20:34:09.927] [info]  DiscordSplash.onStateUpdate: {"status":"downloading-updates","current":2,"total":6,"progress":76}
[2025-05-16 20:34:09.928] [info]  Splash.onStateUpdate: {"status":"downloading-updates","current":2,"total":6,"progress":76}
[2025-05-16 20:34:10.120] [info]  DiscordSplash.onStateUpdate: {"status":"downloading-updates","current":2,"total":6,"progress":77}
[2025-05-16 20:34:10.120] [info]  Splash.onStateUpdate: {"status":"downloading-updates","current":2,"total":6,"progress":77}
[2025-05-16 20:34:10.368] [info]  DiscordSplash.onStateUpdate: {"status":"downloading-updates","current":2,"total":6,"progress":78}
[2025-05-16 20:34:10.368] [info]  Splash.onStateUpdate: {"status":"downloading-updates","current":2,"total":6,"progress":78}
[2025-05-16 20:34:10.512] [info]  DiscordSplash.onStateUpdate: {"status":"downloading-updates","current":2,"total":6,"progress":79}
[2025-05-16 20:34:10.512] [info]  Splash.onStateUpdate: {"status":"downloading-updates","current":2,"total":6,"progress":79}
[2025-05-16 20:34:10.648] [info]  Splash.updateCountdownSeconds: undefined
[2025-05-16 20:34:10.649] [info]  DiscordSplash.onStateUpdate: {"status":"downloading-updates","current":2,"total":6,"progress":80}
[2025-05-16 20:34:10.649] [info]  Splash.onStateUpdate: {"status":"downloading-updates","current":2,"total":6,"progress":80}
[2025-05-16 20:34:10.932] [info]  DiscordSplash.onStateUpdate: {"status":"downloading-updates","current":2,"total":6,"progress":81}
[2025-05-16 20:34:10.932] [info]  Splash.onStateUpdate: {"status":"downloading-updates","current":2,"total":6,"progress":81}
[2025-05-16 20:34:11.025] [info]  DiscordSplash.onStateUpdate: {"status":"downloading-updates","current":2,"total":6,"progress":82}
[2025-05-16 20:34:11.026] [info]  Splash.onStateUpdate: {"status":"downloading-updates","current":2,"total":6,"progress":82}
[2025-05-16 20:34:11.172] [info]  DiscordSplash.onStateUpdate: {"status":"downloading-updates","current":2,"total":6,"progress":83}
[2025-05-16 20:34:11.172] [info]  Splash.onStateUpdate: {"status":"downloading-updates","current":2,"total":6,"progress":83}
[2025-05-16 20:34:11.426] [info]  DiscordSplash.onStateUpdate: {"status":"downloading-updates","current":2,"total":6,"progress":84}
[2025-05-16 20:34:11.427] [info]  Splash.onStateUpdate: {"status":"downloading-updates","current":2,"total":6,"progress":84}
[2025-05-16 20:34:11.552] [info]  DiscordSplash.onStateUpdate: {"status":"downloading-updates","current":2,"total":6,"progress":85}
[2025-05-16 20:34:11.553] [info]  Splash.onStateUpdate: {"status":"downloading-updates","current":2,"total":6,"progress":85}
[2025-05-16 20:34:11.648] [info]  Splash.updateCountdownSeconds: undefined
[2025-05-16 20:34:11.806] [info]  DiscordSplash.onStateUpdate: {"status":"downloading-updates","current":2,"total":6,"progress":86}
[2025-05-16 20:34:11.806] [info]  Splash.onStateUpdate: {"status":"downloading-updates","current":2,"total":6,"progress":86}
[2025-05-16 20:34:11.926] [info]  DiscordSplash.onStateUpdate: {"status":"downloading-updates","current":2,"total":6,"progress":87}
[2025-05-16 20:34:11.927] [info]  Splash.onStateUpdate: {"status":"downloading-updates","current":2,"total":6,"progress":87}
[2025-05-16 20:34:12.057] [info]  DiscordSplash.onStateUpdate: {"status":"downloading-updates","current":2,"total":6,"progress":88}
[2025-05-16 20:34:12.057] [info]  Splash.onStateUpdate: {"status":"downloading-updates","current":2,"total":6,"progress":88}
[2025-05-16 20:34:12.402] [info]  DiscordSplash.onStateUpdate: {"status":"downloading-updates","current":2,"total":6,"progress":89}
[2025-05-16 20:34:12.403] [info]  Splash.onStateUpdate: {"status":"downloading-updates","current":2,"total":6,"progress":89}
[2025-05-16 20:34:12.574] [info]  DiscordSplash.onStateUpdate: {"status":"downloading-updates","current":2,"total":6,"progress":90}
[2025-05-16 20:34:12.574] [info]  Splash.onStateUpdate: {"status":"downloading-updates","current":2,"total":6,"progress":90}
[2025-05-16 20:34:12.618] [info]  DiscordSplash.onStateUpdate: {"status":"downloading-updates","current":2,"total":6,"progress":91}
[2025-05-16 20:34:12.618] [info]  Splash.onStateUpdate: {"status":"downloading-updates","current":2,"total":6,"progress":91}
[2025-05-16 20:34:12.648] [info]  Splash.updateCountdownSeconds: undefined
[2025-05-16 20:34:12.869] [info]  DiscordSplash.onStateUpdate: {"status":"downloading-updates","current":2,"total":6,"progress":92}
[2025-05-16 20:34:12.869] [info]  Splash.onStateUpdate: {"status":"downloading-updates","current":2,"total":6,"progress":92}
[2025-05-16 20:34:13.002] [info]  DiscordSplash.onStateUpdate: {"status":"downloading-updates","current":2,"total":6,"progress":93}
[2025-05-16 20:34:13.003] [info]  Splash.onStateUpdate: {"status":"downloading-updates","current":2,"total":6,"progress":93}
[2025-05-16 20:34:13.123] [info]  DiscordSplash.onStateUpdate: {"status":"downloading-updates","current":2,"total":6,"progress":94}
[2025-05-16 20:34:13.124] [info]  Splash.onStateUpdate: {"status":"downloading-updates","current":2,"total":6,"progress":94}
[2025-05-16 20:34:13.358] [info]  DiscordSplash.onStateUpdate: {"status":"downloading-updates","current":2,"total":6,"progress":95}
[2025-05-16 20:34:13.358] [info]  Splash.onStateUpdate: {"status":"downloading-updates","current":2,"total":6,"progress":95}
[2025-05-16 20:34:13.474] [info]  DiscordSplash.onStateUpdate: {"status":"downloading-updates","current":2,"total":6,"progress":96}
[2025-05-16 20:34:13.474] [info]  Splash.onStateUpdate: {"status":"downloading-updates","current":2,"total":6,"progress":96}
[2025-05-16 20:34:13.575] [info]  DiscordSplash.onStateUpdate: {"status":"downloading-updates","current":2,"total":6,"progress":97}
[2025-05-16 20:34:13.579] [info]  Splash.onStateUpdate: {"status":"downloading-updates","current":2,"total":6,"progress":97}
[2025-05-16 20:34:13.648] [info]  Splash.updateCountdownSeconds: undefined
[2025-05-16 20:34:13.796] [info]  DiscordSplash.onStateUpdate: {"status":"downloading-updates","current":2,"total":6,"progress":98}
[2025-05-16 20:34:13.796] [info]  Splash.onStateUpdate: {"status":"downloading-updates","current":2,"total":6,"progress":98}
[2025-05-16 20:34:13.904] [info]  DiscordSplash.onStateUpdate: {"status":"downloading-updates","current":2,"total":6,"progress":99}
[2025-05-16 20:34:13.905] [info]  Splash.onStateUpdate: {"status":"downloading-updates","current":2,"total":6,"progress":99}
[2025-05-16 20:34:14.019] [info]  DiscordSplash.onStateUpdate: {"status":"downloading-updates","current":2,"total":6,"progress":100}
[2025-05-16 20:34:14.019] [info]  Splash.onStateUpdate: {"status":"downloading-updates","current":2,"total":6,"progress":100}
[2025-05-16 20:34:14.019] [info]  DiscordSplash.onStateUpdate: {"status":"downloading-updates","current":3,"total":6}
[2025-05-16 20:34:14.019] [info]  Splash.onStateUpdate: {"status":"downloading-updates","current":3,"total":6}
[2025-05-16 20:34:14.465] [info]  DiscordSplash.onStateUpdate: {"status":"downloading-updates","current":3,"total":6,"progress":1}
[2025-05-16 20:34:14.465] [info]  Splash.onStateUpdate: {"status":"downloading-updates","current":3,"total":6,"progress":1}
[2025-05-16 20:34:14.539] [info]  DiscordSplash.onStateUpdate: {"status":"downloading-updates","current":3,"total":6,"progress":2}
[2025-05-16 20:34:14.540] [info]  Splash.onStateUpdate: {"status":"downloading-updates","current":3,"total":6,"progress":2}
[2025-05-16 20:34:14.586] [info]  DiscordSplash.onStateUpdate: {"status":"downloading-updates","current":3,"total":6,"progress":3}
[2025-05-16 20:34:14.586] [info]  Splash.onStateUpdate: {"status":"downloading-updates","current":3,"total":6,"progress":3}
[2025-05-16 20:34:14.648] [info]  Splash.updateCountdownSeconds: undefined
[2025-05-16 20:34:14.651] [info]  DiscordSplash.onStateUpdate: {"status":"downloading-updates","current":3,"total":6,"progress":4}
[2025-05-16 20:34:14.651] [info]  Splash.onStateUpdate: {"status":"downloading-updates","current":3,"total":6,"progress":4}
[2025-05-16 20:34:14.670] [info]  DiscordSplash.onStateUpdate: {"status":"downloading-updates","current":3,"total":6,"progress":5}
[2025-05-16 20:34:14.671] [info]  Splash.onStateUpdate: {"status":"downloading-updates","current":3,"total":6,"progress":5}
[2025-05-16 20:34:14.727] [info]  DiscordSplash.onStateUpdate: {"status":"downloading-updates","current":3,"total":6,"progress":6}
[2025-05-16 20:34:14.728] [info]  Splash.onStateUpdate: {"status":"downloading-updates","current":3,"total":6,"progress":6}
[2025-05-16 20:34:14.756] [info]  DiscordSplash.onStateUpdate: {"status":"downloading-updates","current":3,"total":6,"progress":7}
[2025-05-16 20:34:14.756] [info]  Splash.onStateUpdate: {"status":"downloading-updates","current":3,"total":6,"progress":7}
[2025-05-16 20:34:14.761] [info]  DiscordSplash.onStateUpdate: {"status":"downloading-updates","current":3,"total":6,"progress":8}
[2025-05-16 20:34:14.761] [info]  Splash.onStateUpdate: {"status":"downloading-updates","current":3,"total":6,"progress":8}
[2025-05-16 20:34:14.842] [info]  DiscordSplash.onStateUpdate: {"status":"downloading-updates","current":3,"total":6,"progress":9}
[2025-05-16 20:34:14.843] [info]  Splash.onStateUpdate: {"status":"downloading-updates","current":3,"total":6,"progress":9}
[2025-05-16 20:34:14.868] [info]  DiscordSplash.onStateUpdate: {"status":"downloading-updates","current":3,"total":6,"progress":10}
[2025-05-16 20:34:14.868] [info]  Splash.onStateUpdate: {"status":"downloading-updates","current":3,"total":6,"progress":10}
[2025-05-16 20:34:14.889] [info]  DiscordSplash.onStateUpdate: {"status":"downloading-updates","current":3,"total":6,"progress":11}
[2025-05-16 20:34:14.890] [info]  Splash.onStateUpdate: {"status":"downloading-updates","current":3,"total":6,"progress":11}
[2025-05-16 20:34:15.036] [info]  DiscordSplash.onStateUpdate: {"status":"downloading-updates","current":3,"total":6,"progress":12}
[2025-05-16 20:34:15.036] [info]  Splash.onStateUpdate: {"status":"downloading-updates","current":3,"total":6,"progress":12}
[2025-05-16 20:34:15.046] [info]  DiscordSplash.onStateUpdate: {"status":"downloading-updates","current":3,"total":6,"progress":13}
[2025-05-16 20:34:15.046] [info]  Splash.onStateUpdate: {"status":"downloading-updates","current":3,"total":6,"progress":13}
[2025-05-16 20:34:15.047] [info]  DiscordSplash.onStateUpdate: {"status":"downloading-updates","current":3,"total":6,"progress":14}
[2025-05-16 20:34:15.047] [info]  Splash.onStateUpdate: {"status":"downloading-updates","current":3,"total":6,"progress":14}
[2025-05-16 20:34:15.108] [info]  DiscordSplash.onStateUpdate: {"status":"downloading-updates","current":3,"total":6,"progress":15}
[2025-05-16 20:34:15.109] [info]  Splash.onStateUpdate: {"status":"downloading-updates","current":3,"total":6,"progress":15}
[2025-05-16 20:34:15.287] [info]  DiscordSplash.onStateUpdate: {"status":"downloading-updates","current":3,"total":6,"progress":16}
[2025-05-16 20:34:15.287] [info]  Splash.onStateUpdate: {"status":"downloading-updates","current":3,"total":6,"progress":16}
[2025-05-16 20:34:15.287] [info]  DiscordSplash.onStateUpdate: {"status":"downloading-updates","current":3,"total":6,"progress":17}
[2025-05-16 20:34:15.287] [info]  Splash.onStateUpdate: {"status":"downloading-updates","current":3,"total":6,"progress":17}
[2025-05-16 20:34:15.315] [info]  DiscordSplash.onStateUpdate: {"status":"downloading-updates","current":3,"total":6,"progress":18}
[2025-05-16 20:34:15.315] [info]  Splash.onStateUpdate: {"status":"downloading-updates","current":3,"total":6,"progress":18}
[2025-05-16 20:34:15.315] [info]  DiscordSplash.onStateUpdate: {"status":"downloading-updates","current":3,"total":6,"progress":20}
[2025-05-16 20:34:15.315] [info]  Splash.onStateUpdate: {"status":"downloading-updates","current":3,"total":6,"progress":20}
[2025-05-16 20:34:15.351] [info]  DiscordSplash.onStateUpdate: {"status":"downloading-updates","current":3,"total":6,"progress":21}
[2025-05-16 20:34:15.351] [info]  Splash.onStateUpdate: {"status":"downloading-updates","current":3,"total":6,"progress":21}
[2025-05-16 20:34:15.426] [info]  DiscordSplash.onStateUpdate: {"status":"downloading-updates","current":3,"total":6,"progress":22}
[2025-05-16 20:34:15.426] [info]  Splash.onStateUpdate: {"status":"downloading-updates","current":3,"total":6,"progress":22}
[2025-05-16 20:34:15.648] [info]  Splash.updateCountdownSeconds: undefined
[2025-05-16 20:34:16.054] [info]  DiscordSplash.onStateUpdate: {"status":"downloading-updates","current":3,"total":6,"progress":23}
[2025-05-16 20:34:16.054] [info]  Splash.onStateUpdate: {"status":"downloading-updates","current":3,"total":6,"progress":23}
[2025-05-16 20:34:16.054] [info]  DiscordSplash.onStateUpdate: {"status":"downloading-updates","current":3,"total":6,"progress":24}
[2025-05-16 20:34:16.055] [info]  Splash.onStateUpdate: {"status":"downloading-updates","current":3,"total":6,"progress":24}
[2025-05-16 20:34:16.072] [info]  DiscordSplash.onStateUpdate: {"status":"downloading-updates","current":3,"total":6,"progress":25}
[2025-05-16 20:34:16.072] [info]  Splash.onStateUpdate: {"status":"downloading-updates","current":3,"total":6,"progress":25}
[2025-05-16 20:34:16.096] [info]  DiscordSplash.onStateUpdate: {"status":"downloading-updates","current":3,"total":6,"progress":26}
[2025-05-16 20:34:16.096] [info]  Splash.onStateUpdate: {"status":"downloading-updates","current":3,"total":6,"progress":26}
[2025-05-16 20:34:16.125] [info]  DiscordSplash.onStateUpdate: {"status":"downloading-updates","current":3,"total":6,"progress":27}
[2025-05-16 20:34:16.125] [info]  Splash.onStateUpdate: {"status":"downloading-updates","current":3,"total":6,"progress":27}
[2025-05-16 20:34:16.169] [info]  DiscordSplash.onStateUpdate: {"status":"downloading-updates","current":3,"total":6,"progress":28}
[2025-05-16 20:34:16.170] [info]  Splash.onStateUpdate: {"status":"downloading-updates","current":3,"total":6,"progress":28}
[2025-05-16 20:34:16.500] [info]  DiscordSplash.onStateUpdate: {"status":"downloading-updates","current":3,"total":6,"progress":29}
[2025-05-16 20:34:16.500] [info]  Splash.onStateUpdate: {"status":"downloading-updates","current":3,"total":6,"progress":29}
[2025-05-16 20:34:16.648] [info]  Splash.updateCountdownSeconds: undefined
[2025-05-16 20:34:17.166] [info]  DiscordSplash.onStateUpdate: {"status":"downloading-updates","current":3,"total":6,"progress":30}
[2025-05-16 20:34:17.167] [info]  Splash.onStateUpdate: {"status":"downloading-updates","current":3,"total":6,"progress":30}
[2025-05-16 20:34:17.191] [info]  DiscordSplash.onStateUpdate: {"status":"downloading-updates","current":3,"total":6,"progress":31}
[2025-05-16 20:34:17.192] [info]  Splash.onStateUpdate: {"status":"downloading-updates","current":3,"total":6,"progress":31}
[2025-05-16 20:34:17.221] [info]  DiscordSplash.onStateUpdate: {"status":"downloading-updates","current":3,"total":6,"progress":32}
[2025-05-16 20:34:17.221] [info]  Splash.onStateUpdate: {"status":"downloading-updates","current":3,"total":6,"progress":32}
[2025-05-16 20:34:17.466] [info]  DiscordSplash.onStateUpdate: {"status":"downloading-updates","current":3,"total":6,"progress":33}
[2025-05-16 20:34:17.466] [info]  Splash.onStateUpdate: {"status":"downloading-updates","current":3,"total":6,"progress":33}
[2025-05-16 20:34:17.466] [info]  DiscordSplash.onStateUpdate: {"status":"downloading-updates","current":3,"total":6,"progress":34}
[2025-05-16 20:34:17.466] [info]  Splash.onStateUpdate: {"status":"downloading-updates","current":3,"total":6,"progress":34}
[2025-05-16 20:34:17.484] [info]  DiscordSplash.onStateUpdate: {"status":"downloading-updates","current":3,"total":6,"progress":35}
[2025-05-16 20:34:17.484] [info]  Splash.onStateUpdate: {"status":"downloading-updates","current":3,"total":6,"progress":35}
[2025-05-16 20:34:17.648] [info]  Splash.updateCountdownSeconds: undefined
[2025-05-16 20:34:17.935] [info]  DiscordSplash.onStateUpdate: {"status":"downloading-updates","current":3,"total":6,"progress":36}
[2025-05-16 20:34:17.935] [info]  Splash.onStateUpdate: {"status":"downloading-updates","current":3,"total":6,"progress":36}
[2025-05-16 20:34:17.957] [info]  DiscordSplash.onStateUpdate: {"status":"downloading-updates","current":3,"total":6,"progress":37}
[2025-05-16 20:34:17.958] [info]  Splash.onStateUpdate: {"status":"downloading-updates","current":3,"total":6,"progress":37}
[2025-05-16 20:34:17.981] [info]  DiscordSplash.onStateUpdate: {"status":"downloading-updates","current":3,"total":6,"progress":38}
[2025-05-16 20:34:17.981] [info]  Splash.onStateUpdate: {"status":"downloading-updates","current":3,"total":6,"progress":38}
[2025-05-16 20:34:18.293] [info]  DiscordSplash.onStateUpdate: {"status":"downloading-updates","current":3,"total":6,"progress":39}
[2025-05-16 20:34:18.293] [info]  Splash.onStateUpdate: {"status":"downloading-updates","current":3,"total":6,"progress":39}
[2025-05-16 20:34:18.648] [info]  Splash.updateCountdownSeconds: undefined
[2025-05-16 20:34:19.157] [info]  DiscordSplash.onStateUpdate: {"status":"downloading-updates","current":3,"total":6,"progress":40}
[2025-05-16 20:34:19.158] [info]  Splash.onStateUpdate: {"status":"downloading-updates","current":3,"total":6,"progress":40}
[2025-05-16 20:34:19.169] [info]  DiscordSplash.onStateUpdate: {"status":"downloading-updates","current":3,"total":6,"progress":41}
[2025-05-16 20:34:19.170] [info]  Splash.onStateUpdate: {"status":"downloading-updates","current":3,"total":6,"progress":41}
[2025-05-16 20:34:19.194] [info]  DiscordSplash.onStateUpdate: {"status":"downloading-updates","current":3,"total":6,"progress":42}
[2025-05-16 20:34:19.194] [info]  Splash.onStateUpdate: {"status":"downloading-updates","current":3,"total":6,"progress":42}
[2025-05-16 20:34:19.194] [info]  DiscordSplash.onStateUpdate: {"status":"downloading-updates","current":3,"total":6,"progress":43}
[2025-05-16 20:34:19.194] [info]  Splash.onStateUpdate: {"status":"downloading-updates","current":3,"total":6,"progress":43}
[2025-05-16 20:34:19.212] [info]  DiscordSplash.onStateUpdate: {"status":"downloading-updates","current":3,"total":6,"progress":44}
[2025-05-16 20:34:19.213] [info]  Splash.onStateUpdate: {"status":"downloading-updates","current":3,"total":6,"progress":44}
[2025-05-16 20:34:19.234] [info]  DiscordSplash.onStateUpdate: {"status":"downloading-updates","current":3,"total":6,"progress":45}
[2025-05-16 20:34:19.235] [info]  Splash.onStateUpdate: {"status":"downloading-updates","current":3,"total":6,"progress":45}
[2025-05-16 20:34:19.526] [info]  DiscordSplash.onStateUpdate: {"status":"downloading-updates","current":3,"total":6,"progress":46}
[2025-05-16 20:34:19.526] [info]  Splash.onStateUpdate: {"status":"downloading-updates","current":3,"total":6,"progress":46}
[2025-05-16 20:34:19.559] [info]  DiscordSplash.onStateUpdate: {"status":"downloading-updates","current":3,"total":6,"progress":47}
[2025-05-16 20:34:19.559] [info]  Splash.onStateUpdate: {"status":"downloading-updates","current":3,"total":6,"progress":47}
[2025-05-16 20:34:19.648] [info]  Splash.updateCountdownSeconds: undefined
[2025-05-16 20:34:20.417] [info]  DiscordSplash.onStateUpdate: {"status":"downloading-updates","current":3,"total":6,"progress":48}
[2025-05-16 20:34:20.417] [info]  Splash.onStateUpdate: {"status":"downloading-updates","current":3,"total":6,"progress":48}
[2025-05-16 20:34:20.418] [info]  DiscordSplash.onStateUpdate: {"status":"downloading-updates","current":3,"total":6,"progress":49}
[2025-05-16 20:34:20.418] [info]  Splash.onStateUpdate: {"status":"downloading-updates","current":3,"total":6,"progress":49}
[2025-05-16 20:34:20.426] [info]  DiscordSplash.onStateUpdate: {"status":"downloading-updates","current":3,"total":6,"progress":50}
[2025-05-16 20:34:20.426] [info]  Splash.onStateUpdate: {"status":"downloading-updates","current":3,"total":6,"progress":50}
[2025-05-16 20:34:20.427] [info]  DiscordSplash.onStateUpdate: {"status":"downloading-updates","current":3,"total":6,"progress":51}
[2025-05-16 20:34:20.427] [info]  Splash.onStateUpdate: {"status":"downloading-updates","current":3,"total":6,"progress":51}
[2025-05-16 20:34:20.446] [info]  DiscordSplash.onStateUpdate: {"status":"downloading-updates","current":3,"total":6,"progress":52}
[2025-05-16 20:34:20.446] [info]  Splash.onStateUpdate: {"status":"downloading-updates","current":3,"total":6,"progress":52}
[2025-05-16 20:34:20.648] [info]  Splash.updateCountdownSeconds: undefined
[2025-05-16 20:34:21.054] [info]  DiscordSplash.onStateUpdate: {"status":"downloading-updates","current":3,"total":6,"progress":53}
[2025-05-16 20:34:21.054] [info]  Splash.onStateUpdate: {"status":"downloading-updates","current":3,"total":6,"progress":53}
[2025-05-16 20:34:21.066] [info]  DiscordSplash.onStateUpdate: {"status":"downloading-updates","current":3,"total":6,"progress":54}
[2025-05-16 20:34:21.066] [info]  Splash.onStateUpdate: {"status":"downloading-updates","current":3,"total":6,"progress":54}
[2025-05-16 20:34:21.083] [info]  DiscordSplash.onStateUpdate: {"status":"downloading-updates","current":3,"total":6,"progress":55}
[2025-05-16 20:34:21.083] [info]  Splash.onStateUpdate: {"status":"downloading-updates","current":3,"total":6,"progress":55}
[2025-05-16 20:34:21.110] [info]  DiscordSplash.onStateUpdate: {"status":"downloading-updates","current":3,"total":6,"progress":56}
[2025-05-16 20:34:21.111] [info]  Splash.onStateUpdate: {"status":"downloading-updates","current":3,"total":6,"progress":56}
[2025-05-16 20:34:21.648] [info]  Splash.updateCountdownSeconds: undefined
[2025-05-16 20:34:21.888] [info]  DiscordSplash.onStateUpdate: {"status":"downloading-updates","current":3,"total":6,"progress":57}
[2025-05-16 20:34:21.888] [info]  Splash.onStateUpdate: {"status":"downloading-updates","current":3,"total":6,"progress":57}
[2025-05-16 20:34:21.889] [info]  DiscordSplash.onStateUpdate: {"status":"downloading-updates","current":3,"total":6,"progress":58}
[2025-05-16 20:34:21.889] [info]  Splash.onStateUpdate: {"status":"downloading-updates","current":3,"total":6,"progress":58}
[2025-05-16 20:34:21.914] [info]  DiscordSplash.onStateUpdate: {"status":"downloading-updates","current":3,"total":6,"progress":59}
[2025-05-16 20:34:21.914] [info]  Splash.onStateUpdate: {"status":"downloading-updates","current":3,"total":6,"progress":59}
[2025-05-16 20:34:21.946] [info]  DiscordSplash.onStateUpdate: {"status":"downloading-updates","current":3,"total":6,"progress":60}
[2025-05-16 20:34:21.946] [info]  Splash.onStateUpdate: {"status":"downloading-updates","current":3,"total":6,"progress":60}
[2025-05-16 20:34:21.964] [info]  DiscordSplash.onStateUpdate: {"status":"downloading-updates","current":3,"total":6,"progress":61}
[2025-05-16 20:34:21.964] [info]  Splash.onStateUpdate: {"status":"downloading-updates","current":3,"total":6,"progress":61}
[2025-05-16 20:34:21.997] [info]  DiscordSplash.onStateUpdate: {"status":"downloading-updates","current":3,"total":6,"progress":62}
[2025-05-16 20:34:21.997] [info]  Splash.onStateUpdate: {"status":"downloading-updates","current":3,"total":6,"progress":62}
[2025-05-16 20:34:22.305] [info]  DiscordSplash.onStateUpdate: {"status":"downloading-updates","current":3,"total":6,"progress":63}
[2025-05-16 20:34:22.305] [info]  Splash.onStateUpdate: {"status":"downloading-updates","current":3,"total":6,"progress":63}
[2025-05-16 20:34:22.648] [info]  Splash.updateCountdownSeconds: undefined
[2025-05-16 20:34:23.119] [info]  DiscordSplash.onStateUpdate: {"status":"downloading-updates","current":3,"total":6,"progress":64}
[2025-05-16 20:34:23.120] [info]  Splash.onStateUpdate: {"status":"downloading-updates","current":3,"total":6,"progress":64}
[2025-05-16 20:34:23.140] [info]  DiscordSplash.onStateUpdate: {"status":"downloading-updates","current":3,"total":6,"progress":65}
[2025-05-16 20:34:23.140] [info]  Splash.onStateUpdate: {"status":"downloading-updates","current":3,"total":6,"progress":65}
[2025-05-16 20:34:23.149] [info]  DiscordSplash.onStateUpdate: {"status":"downloading-updates","current":3,"total":6,"progress":66}
[2025-05-16 20:34:23.150] [info]  Splash.onStateUpdate: {"status":"downloading-updates","current":3,"total":6,"progress":66}
[2025-05-16 20:34:23.155] [info]  DiscordSplash.onStateUpdate: {"status":"downloading-updates","current":3,"total":6,"progress":67}
[2025-05-16 20:34:23.155] [info]  Splash.onStateUpdate: {"status":"downloading-updates","current":3,"total":6,"progress":67}
[2025-05-16 20:34:23.181] [info]  DiscordSplash.onStateUpdate: {"status":"downloading-updates","current":3,"total":6,"progress":68}
[2025-05-16 20:34:23.182] [info]  Splash.onStateUpdate: {"status":"downloading-updates","current":3,"total":6,"progress":68}
[2025-05-16 20:34:23.209] [info]  DiscordSplash.onStateUpdate: {"status":"downloading-updates","current":3,"total":6,"progress":69}
[2025-05-16 20:34:23.209] [info]  Splash.onStateUpdate: {"status":"downloading-updates","current":3,"total":6,"progress":69}
[2025-05-16 20:34:23.556] [info]  DiscordSplash.onStateUpdate: {"status":"downloading-updates","current":3,"total":6,"progress":70}
[2025-05-16 20:34:23.556] [info]  Splash.onStateUpdate: {"status":"downloading-updates","current":3,"total":6,"progress":70}
[2025-05-16 20:34:23.648] [info]  Splash.updateCountdownSeconds: undefined
[2025-05-16 20:34:23.938] [info]  DiscordSplash.onStateUpdate: {"status":"downloading-updates","current":3,"total":6,"progress":71}
[2025-05-16 20:34:23.938] [info]  Splash.onStateUpdate: {"status":"downloading-updates","current":3,"total":6,"progress":71}
[2025-05-16 20:34:24.026] [info]  DiscordSplash.onStateUpdate: {"status":"downloading-updates","current":3,"total":6,"progress":72}
[2025-05-16 20:34:24.026] [info]  Splash.onStateUpdate: {"status":"downloading-updates","current":3,"total":6,"progress":72}
[2025-05-16 20:34:24.336] [info]  DiscordSplash.onStateUpdate: {"status":"downloading-updates","current":3,"total":6,"progress":73}
[2025-05-16 20:34:24.336] [info]  Splash.onStateUpdate: {"status":"downloading-updates","current":3,"total":6,"progress":73}
[2025-05-16 20:34:24.336] [info]  DiscordSplash.onStateUpdate: {"status":"downloading-updates","current":3,"total":6,"progress":74}
[2025-05-16 20:34:24.337] [info]  Splash.onStateUpdate: {"status":"downloading-updates","current":3,"total":6,"progress":74}
[2025-05-16 20:34:24.376] [info]  DiscordSplash.onStateUpdate: {"status":"downloading-updates","current":3,"total":6,"progress":75}
[2025-05-16 20:34:24.376] [info]  Splash.onStateUpdate: {"status":"downloading-updates","current":3,"total":6,"progress":75}
[2025-05-16 20:34:24.392] [info]  DiscordSplash.onStateUpdate: {"status":"downloading-updates","current":3,"total":6,"progress":76}
[2025-05-16 20:34:24.393] [info]  Splash.onStateUpdate: {"status":"downloading-updates","current":3,"total":6,"progress":76}
[2025-05-16 20:34:24.648] [info]  Splash.updateCountdownSeconds: undefined
[2025-05-16 20:34:24.777] [info]  DiscordSplash.onStateUpdate: {"status":"downloading-updates","current":3,"total":6,"progress":77}
[2025-05-16 20:34:24.777] [info]  Splash.onStateUpdate: {"status":"downloading-updates","current":3,"total":6,"progress":77}
[2025-05-16 20:34:24.811] [info]  DiscordSplash.onStateUpdate: {"status":"downloading-updates","current":3,"total":6,"progress":78}
[2025-05-16 20:34:24.811] [info]  Splash.onStateUpdate: {"status":"downloading-updates","current":3,"total":6,"progress":78}
[2025-05-16 20:34:25.648] [info]  Splash.updateCountdownSeconds: undefined
[2025-05-16 20:34:25.734] [info]  DiscordSplash.onStateUpdate: {"status":"downloading-updates","current":3,"total":6,"progress":79}
[2025-05-16 20:34:25.734] [info]  Splash.onStateUpdate: {"status":"downloading-updates","current":3,"total":6,"progress":79}
[2025-05-16 20:34:25.735] [info]  DiscordSplash.onStateUpdate: {"status":"downloading-updates","current":3,"total":6,"progress":80}
[2025-05-16 20:34:25.735] [info]  Splash.onStateUpdate: {"status":"downloading-updates","current":3,"total":6,"progress":80}
[2025-05-16 20:34:25.735] [info]  DiscordSplash.onStateUpdate: {"status":"downloading-updates","current":3,"total":6,"progress":82}
[2025-05-16 20:34:25.735] [info]  Splash.onStateUpdate: {"status":"downloading-updates","current":3,"total":6,"progress":82}
[2025-05-16 20:34:25.735] [info]  DiscordSplash.onStateUpdate: {"status":"downloading-updates","current":3,"total":6,"progress":83}
[2025-05-16 20:34:25.736] [info]  Splash.onStateUpdate: {"status":"downloading-updates","current":3,"total":6,"progress":83}
[2025-05-16 20:34:25.757] [info]  DiscordSplash.onStateUpdate: {"status":"downloading-updates","current":3,"total":6,"progress":84}
[2025-05-16 20:34:25.757] [info]  Splash.onStateUpdate: {"status":"downloading-updates","current":3,"total":6,"progress":84}
[2025-05-16 20:34:26.129] [info]  DiscordSplash.onStateUpdate: {"status":"downloading-updates","current":3,"total":6,"progress":85}
[2025-05-16 20:34:26.129] [info]  Splash.onStateUpdate: {"status":"downloading-updates","current":3,"total":6,"progress":85}
[2025-05-16 20:34:26.181] [info]  DiscordSplash.onStateUpdate: {"status":"downloading-updates","current":3,"total":6,"progress":86}
[2025-05-16 20:34:26.181] [info]  Splash.onStateUpdate: {"status":"downloading-updates","current":3,"total":6,"progress":86}
[2025-05-16 20:34:26.241] [info]  DiscordSplash.onStateUpdate: {"status":"downloading-updates","current":3,"total":6,"progress":87}
[2025-05-16 20:34:26.241] [info]  Splash.onStateUpdate: {"status":"downloading-updates","current":3,"total":6,"progress":87}
[2025-05-16 20:34:26.506] [info]  DiscordSplash.onStateUpdate: {"status":"downloading-updates","current":3,"total":6,"progress":88}
[2025-05-16 20:34:26.506] [info]  Splash.onStateUpdate: {"status":"downloading-updates","current":3,"total":6,"progress":88}
[2025-05-16 20:34:26.648] [info]  Splash.updateCountdownSeconds: undefined
[2025-05-16 20:34:26.775] [info]  DiscordSplash.onStateUpdate: {"status":"downloading-updates","current":3,"total":6,"progress":89}
[2025-05-16 20:34:26.776] [info]  Splash.onStateUpdate: {"status":"downloading-updates","current":3,"total":6,"progress":89}
[2025-05-16 20:34:26.812] [info]  DiscordSplash.onStateUpdate: {"status":"downloading-updates","current":3,"total":6,"progress":90}
[2025-05-16 20:34:26.812] [info]  Splash.onStateUpdate: {"status":"downloading-updates","current":3,"total":6,"progress":90}
[2025-05-16 20:34:27.249] [info]  DiscordSplash.onStateUpdate: {"status":"downloading-updates","current":3,"total":6,"progress":91}
[2025-05-16 20:34:27.249] [info]  Splash.onStateUpdate: {"status":"downloading-updates","current":3,"total":6,"progress":91}
[2025-05-16 20:34:27.253] [info]  DiscordSplash.onStateUpdate: {"status":"downloading-updates","current":3,"total":6,"progress":92}
[2025-05-16 20:34:27.253] [info]  Splash.onStateUpdate: {"status":"downloading-updates","current":3,"total":6,"progress":92}
[2025-05-16 20:34:27.303] [info]  DiscordSplash.onStateUpdate: {"status":"downloading-updates","current":3,"total":6,"progress":93}
[2025-05-16 20:34:27.303] [info]  Splash.onStateUpdate: {"status":"downloading-updates","current":3,"total":6,"progress":93}
[2025-05-16 20:34:27.648] [info]  Splash.updateCountdownSeconds: undefined
[2025-05-16 20:34:27.840] [info]  DiscordSplash.onStateUpdate: {"status":"downloading-updates","current":3,"total":6,"progress":94}
[2025-05-16 20:34:27.841] [info]  Splash.onStateUpdate: {"status":"downloading-updates","current":3,"total":6,"progress":94}
[2025-05-16 20:34:27.857] [info]  DiscordSplash.onStateUpdate: {"status":"downloading-updates","current":3,"total":6,"progress":95}
[2025-05-16 20:34:27.857] [info]  Splash.onStateUpdate: {"status":"downloading-updates","current":3,"total":6,"progress":95}
[2025-05-16 20:34:27.919] [info]  DiscordSplash.onStateUpdate: {"status":"downloading-updates","current":3,"total":6,"progress":96}
[2025-05-16 20:34:27.919] [info]  Splash.onStateUpdate: {"status":"downloading-updates","current":3,"total":6,"progress":96}
[2025-05-16 20:34:27.967] [info]  DiscordSplash.onStateUpdate: {"status":"downloading-updates","current":3,"total":6,"progress":97}
[2025-05-16 20:34:27.968] [info]  Splash.onStateUpdate: {"status":"downloading-updates","current":3,"total":6,"progress":97}
[2025-05-16 20:34:28.387] [info]  DiscordSplash.onStateUpdate: {"status":"downloading-updates","current":3,"total":6,"progress":98}
[2025-05-16 20:34:28.387] [info]  Splash.onStateUpdate: {"status":"downloading-updates","current":3,"total":6,"progress":98}
[2025-05-16 20:34:28.437] [info]  DiscordSplash.onStateUpdate: {"status":"downloading-updates","current":3,"total":6,"progress":99}
[2025-05-16 20:34:28.437] [info]  Splash.onStateUpdate: {"status":"downloading-updates","current":3,"total":6,"progress":99}
[2025-05-16 20:34:28.499] [info]  DiscordSplash.onStateUpdate: {"status":"downloading-updates","current":3,"total":6,"progress":100}
[2025-05-16 20:34:28.499] [info]  Splash.onStateUpdate: {"status":"downloading-updates","current":3,"total":6,"progress":100}
[2025-05-16 20:34:28.499] [info]  DiscordSplash.onStateUpdate: {"status":"downloading-updates","current":4,"total":6}
[2025-05-16 20:34:28.499] [info]  Splash.onStateUpdate: {"status":"downloading-updates","current":4,"total":6}
[2025-05-16 20:34:28.648] [info]  Splash.updateCountdownSeconds: undefined
[2025-05-16 20:34:28.876] [info]  DiscordSplash.onStateUpdate: {"status":"downloading-updates","current":4,"total":6,"progress":1}
[2025-05-16 20:34:28.877] [info]  Splash.onStateUpdate: {"status":"downloading-updates","current":4,"total":6,"progress":1}
[2025-05-16 20:34:28.890] [info]  DiscordSplash.onStateUpdate: {"status":"downloading-updates","current":4,"total":6,"progress":2}
[2025-05-16 20:34:28.890] [info]  Splash.onStateUpdate: {"status":"downloading-updates","current":4,"total":6,"progress":2}
[2025-05-16 20:34:28.906] [info]  DiscordSplash.onStateUpdate: {"status":"downloading-updates","current":4,"total":6,"progress":3}
[2025-05-16 20:34:28.906] [info]  Splash.onStateUpdate: {"status":"downloading-updates","current":4,"total":6,"progress":3}
[2025-05-16 20:34:28.930] [info]  DiscordSplash.onStateUpdate: {"status":"downloading-updates","current":4,"total":6,"progress":4}
[2025-05-16 20:34:28.930] [info]  Splash.onStateUpdate: {"status":"downloading-updates","current":4,"total":6,"progress":4}
[2025-05-16 20:34:28.955] [info]  DiscordSplash.onStateUpdate: {"status":"downloading-updates","current":4,"total":6,"progress":5}
[2025-05-16 20:34:28.955] [info]  Splash.onStateUpdate: {"status":"downloading-updates","current":4,"total":6,"progress":5}
[2025-05-16 20:34:28.979] [info]  DiscordSplash.onStateUpdate: {"status":"downloading-updates","current":4,"total":6,"progress":6}
[2025-05-16 20:34:28.979] [info]  Splash.onStateUpdate: {"status":"downloading-updates","current":4,"total":6,"progress":6}
[2025-05-16 20:34:28.997] [info]  DiscordSplash.onStateUpdate: {"status":"downloading-updates","current":4,"total":6,"progress":7}
[2025-05-16 20:34:28.997] [info]  Splash.onStateUpdate: {"status":"downloading-updates","current":4,"total":6,"progress":7}
[2025-05-16 20:34:29.021] [info]  DiscordSplash.onStateUpdate: {"status":"downloading-updates","current":4,"total":6,"progress":8}
[2025-05-16 20:34:29.021] [info]  Splash.onStateUpdate: {"status":"downloading-updates","current":4,"total":6,"progress":8}
[2025-05-16 20:34:29.208] [info]  DiscordSplash.onStateUpdate: {"status":"downloading-updates","current":4,"total":6,"progress":9}
[2025-05-16 20:34:29.209] [info]  Splash.onStateUpdate: {"status":"downloading-updates","current":4,"total":6,"progress":9}
[2025-05-16 20:34:29.220] [info]  DiscordSplash.onStateUpdate: {"status":"downloading-updates","current":4,"total":6,"progress":10}
[2025-05-16 20:34:29.220] [info]  Splash.onStateUpdate: {"status":"downloading-updates","current":4,"total":6,"progress":10}
[2025-05-16 20:34:29.243] [info]  DiscordSplash.onStateUpdate: {"status":"downloading-updates","current":4,"total":6,"progress":11}
[2025-05-16 20:34:29.244] [info]  Splash.onStateUpdate: {"status":"downloading-updates","current":4,"total":6,"progress":11}
[2025-05-16 20:34:29.502] [info]  DiscordSplash.onStateUpdate: {"status":"downloading-updates","current":4,"total":6,"progress":12}
[2025-05-16 20:34:29.502] [info]  Splash.onStateUpdate: {"status":"downloading-updates","current":4,"total":6,"progress":12}
[2025-05-16 20:34:29.507] [info]  DiscordSplash.onStateUpdate: {"status":"downloading-updates","current":4,"total":6,"progress":13}
[2025-05-16 20:34:29.507] [info]  Splash.onStateUpdate: {"status":"downloading-updates","current":4,"total":6,"progress":13}
[2025-05-16 20:34:29.523] [info]  DiscordSplash.onStateUpdate: {"status":"downloading-updates","current":4,"total":6,"progress":14}
[2025-05-16 20:34:29.523] [info]  Splash.onStateUpdate: {"status":"downloading-updates","current":4,"total":6,"progress":14}
[2025-05-16 20:34:29.545] [info]  DiscordSplash.onStateUpdate: {"status":"downloading-updates","current":4,"total":6,"progress":15}
[2025-05-16 20:34:29.546] [info]  Splash.onStateUpdate: {"status":"downloading-updates","current":4,"total":6,"progress":15}
[2025-05-16 20:34:29.648] [info]  Splash.updateCountdownSeconds: undefined
[2025-05-16 20:34:29.679] [info]  DiscordSplash.onStateUpdate: {"status":"downloading-updates","current":4,"total":6,"progress":16}
[2025-05-16 20:34:29.679] [info]  Splash.onStateUpdate: {"status":"downloading-updates","current":4,"total":6,"progress":16}
[2025-05-16 20:34:29.704] [info]  DiscordSplash.onStateUpdate: {"status":"downloading-updates","current":4,"total":6,"progress":17}
[2025-05-16 20:34:29.705] [info]  Splash.onStateUpdate: {"status":"downloading-updates","current":4,"total":6,"progress":17}
[2025-05-16 20:34:30.055] [info]  DiscordSplash.onStateUpdate: {"status":"downloading-updates","current":4,"total":6,"progress":18}
[2025-05-16 20:34:30.055] [info]  Splash.onStateUpdate: {"status":"downloading-updates","current":4,"total":6,"progress":18}
[2025-05-16 20:34:30.281] [info]  DiscordSplash.onStateUpdate: {"status":"downloading-updates","current":4,"total":6,"progress":19}
[2025-05-16 20:34:30.281] [info]  Splash.onStateUpdate: {"status":"downloading-updates","current":4,"total":6,"progress":19}
[2025-05-16 20:34:30.281] [info]  DiscordSplash.onStateUpdate: {"status":"downloading-updates","current":4,"total":6,"progress":20}
[2025-05-16 20:34:30.281] [info]  Splash.onStateUpdate: {"status":"downloading-updates","current":4,"total":6,"progress":20}
[2025-05-16 20:34:30.296] [info]  DiscordSplash.onStateUpdate: {"status":"downloading-updates","current":4,"total":6,"progress":21}
[2025-05-16 20:34:30.296] [info]  Splash.onStateUpdate: {"status":"downloading-updates","current":4,"total":6,"progress":21}
[2025-05-16 20:34:30.296] [info]  DiscordSplash.onStateUpdate: {"status":"downloading-updates","current":4,"total":6,"progress":24}
[2025-05-16 20:34:30.296] [info]  Splash.onStateUpdate: {"status":"downloading-updates","current":4,"total":6,"progress":24}
[2025-05-16 20:34:30.347] [info]  DiscordSplash.onStateUpdate: {"status":"downloading-updates","current":4,"total":6,"progress":25}
[2025-05-16 20:34:30.347] [info]  Splash.onStateUpdate: {"status":"downloading-updates","current":4,"total":6,"progress":25}
[2025-05-16 20:34:30.368] [info]  DiscordSplash.onStateUpdate: {"status":"downloading-updates","current":4,"total":6,"progress":26}
[2025-05-16 20:34:30.368] [info]  Splash.onStateUpdate: {"status":"downloading-updates","current":4,"total":6,"progress":26}
[2025-05-16 20:34:30.399] [info]  DiscordSplash.onStateUpdate: {"status":"downloading-updates","current":4,"total":6,"progress":27}
[2025-05-16 20:34:30.400] [info]  Splash.onStateUpdate: {"status":"downloading-updates","current":4,"total":6,"progress":27}
[2025-05-16 20:34:30.441] [info]  DiscordSplash.onStateUpdate: {"status":"downloading-updates","current":4,"total":6,"progress":28}
[2025-05-16 20:34:30.441] [info]  Splash.onStateUpdate: {"status":"downloading-updates","current":4,"total":6,"progress":28}
[2025-05-16 20:34:30.476] [info]  DiscordSplash.onStateUpdate: {"status":"downloading-updates","current":4,"total":6,"progress":29}
[2025-05-16 20:34:30.476] [info]  Splash.onStateUpdate: {"status":"downloading-updates","current":4,"total":6,"progress":29}
[2025-05-16 20:34:30.487] [info]  DiscordSplash.onStateUpdate: {"status":"downloading-updates","current":4,"total":6,"progress":30}
[2025-05-16 20:34:30.487] [info]  Splash.onStateUpdate: {"status":"downloading-updates","current":4,"total":6,"progress":30}
[2025-05-16 20:34:30.648] [info]  Splash.updateCountdownSeconds: undefined
[2025-05-16 20:34:31.003] [info]  DiscordSplash.onStateUpdate: {"status":"downloading-updates","current":4,"total":6,"progress":31}
[2025-05-16 20:34:31.003] [info]  Splash.onStateUpdate: {"status":"downloading-updates","current":4,"total":6,"progress":31}
[2025-05-16 20:34:31.019] [info]  DiscordSplash.onStateUpdate: {"status":"downloading-updates","current":4,"total":6,"progress":32}
[2025-05-16 20:34:31.019] [info]  Splash.onStateUpdate: {"status":"downloading-updates","current":4,"total":6,"progress":32}
[2025-05-16 20:34:31.031] [info]  DiscordSplash.onStateUpdate: {"status":"downloading-updates","current":4,"total":6,"progress":33}
[2025-05-16 20:34:31.031] [info]  Splash.onStateUpdate: {"status":"downloading-updates","current":4,"total":6,"progress":33}
[2025-05-16 20:34:31.063] [info]  DiscordSplash.onStateUpdate: {"status":"downloading-updates","current":4,"total":6,"progress":34}
[2025-05-16 20:34:31.064] [info]  Splash.onStateUpdate: {"status":"downloading-updates","current":4,"total":6,"progress":34}
[2025-05-16 20:34:31.091] [info]  DiscordSplash.onStateUpdate: {"status":"downloading-updates","current":4,"total":6,"progress":35}
[2025-05-16 20:34:31.092] [info]  Splash.onStateUpdate: {"status":"downloading-updates","current":4,"total":6,"progress":35}
[2025-05-16 20:34:31.115] [info]  DiscordSplash.onStateUpdate: {"status":"downloading-updates","current":4,"total":6,"progress":36}
[2025-05-16 20:34:31.116] [info]  Splash.onStateUpdate: {"status":"downloading-updates","current":4,"total":6,"progress":36}
[2025-05-16 20:34:31.133] [info]  DiscordSplash.onStateUpdate: {"status":"downloading-updates","current":4,"total":6,"progress":37}
[2025-05-16 20:34:31.133] [info]  Splash.onStateUpdate: {"status":"downloading-updates","current":4,"total":6,"progress":37}
[2025-05-16 20:34:31.159] [info]  DiscordSplash.onStateUpdate: {"status":"downloading-updates","current":4,"total":6,"progress":38}
[2025-05-16 20:34:31.159] [info]  Splash.onStateUpdate: {"status":"downloading-updates","current":4,"total":6,"progress":38}
[2025-05-16 20:34:31.175] [info]  DiscordSplash.onStateUpdate: {"status":"downloading-updates","current":4,"total":6,"progress":39}
[2025-05-16 20:34:31.175] [info]  Splash.onStateUpdate: {"status":"downloading-updates","current":4,"total":6,"progress":39}
[2025-05-16 20:34:31.194] [info]  DiscordSplash.onStateUpdate: {"status":"downloading-updates","current":4,"total":6,"progress":40}
[2025-05-16 20:34:31.194] [info]  Splash.onStateUpdate: {"status":"downloading-updates","current":4,"total":6,"progress":40}
[2025-05-16 20:34:31.217] [info]  DiscordSplash.onStateUpdate: {"status":"downloading-updates","current":4,"total":6,"progress":41}
[2025-05-16 20:34:31.217] [info]  Splash.onStateUpdate: {"status":"downloading-updates","current":4,"total":6,"progress":41}
[2025-05-16 20:34:31.542] [info]  DiscordSplash.onStateUpdate: {"status":"downloading-updates","current":4,"total":6,"progress":42}
[2025-05-16 20:34:31.542] [info]  Splash.onStateUpdate: {"status":"downloading-updates","current":4,"total":6,"progress":42}
[2025-05-16 20:34:31.561] [info]  DiscordSplash.onStateUpdate: {"status":"downloading-updates","current":4,"total":6,"progress":43}
[2025-05-16 20:34:31.561] [info]  Splash.onStateUpdate: {"status":"downloading-updates","current":4,"total":6,"progress":43}
[2025-05-16 20:34:31.576] [info]  DiscordSplash.onStateUpdate: {"status":"downloading-updates","current":4,"total":6,"progress":44}
[2025-05-16 20:34:31.576] [info]  Splash.onStateUpdate: {"status":"downloading-updates","current":4,"total":6,"progress":44}
[2025-05-16 20:34:31.590] [info]  DiscordSplash.onStateUpdate: {"status":"downloading-updates","current":4,"total":6,"progress":45}
[2025-05-16 20:34:31.590] [info]  Splash.onStateUpdate: {"status":"downloading-updates","current":4,"total":6,"progress":45}
[2025-05-16 20:34:31.648] [info]  Splash.updateCountdownSeconds: undefined
[2025-05-16 20:34:31.725] [info]  DiscordSplash.onStateUpdate: {"status":"downloading-updates","current":4,"total":6,"progress":46}
[2025-05-16 20:34:31.726] [info]  Splash.onStateUpdate: {"status":"downloading-updates","current":4,"total":6,"progress":46}
[2025-05-16 20:34:31.732] [info]  DiscordSplash.onStateUpdate: {"status":"downloading-updates","current":4,"total":6,"progress":47}
[2025-05-16 20:34:31.732] [info]  Splash.onStateUpdate: {"status":"downloading-updates","current":4,"total":6,"progress":47}
[2025-05-16 20:34:31.732] [info]  DiscordSplash.onStateUpdate: {"status":"downloading-updates","current":4,"total":6,"progress":48}
[2025-05-16 20:34:31.732] [info]  Splash.onStateUpdate: {"status":"downloading-updates","current":4,"total":6,"progress":48}
[2025-05-16 20:34:32.088] [info]  DiscordSplash.onStateUpdate: {"status":"downloading-updates","current":4,"total":6,"progress":49}
[2025-05-16 20:34:32.088] [info]  Splash.onStateUpdate: {"status":"downloading-updates","current":4,"total":6,"progress":49}
[2025-05-16 20:34:32.093] [info]  DiscordSplash.onStateUpdate: {"status":"downloading-updates","current":4,"total":6,"progress":50}
[2025-05-16 20:34:32.093] [info]  Splash.onStateUpdate: {"status":"downloading-updates","current":4,"total":6,"progress":50}
[2025-05-16 20:34:32.105] [info]  DiscordSplash.onStateUpdate: {"status":"downloading-updates","current":4,"total":6,"progress":51}
[2025-05-16 20:34:32.106] [info]  Splash.onStateUpdate: {"status":"downloading-updates","current":4,"total":6,"progress":51}
[2025-05-16 20:34:32.122] [info]  DiscordSplash.onStateUpdate: {"status":"downloading-updates","current":4,"total":6,"progress":52}
[2025-05-16 20:34:32.123] [info]  Splash.onStateUpdate: {"status":"downloading-updates","current":4,"total":6,"progress":52}
[2025-05-16 20:34:32.144] [info]  DiscordSplash.onStateUpdate: {"status":"downloading-updates","current":4,"total":6,"progress":53}
[2025-05-16 20:34:32.144] [info]  Splash.onStateUpdate: {"status":"downloading-updates","current":4,"total":6,"progress":53}
[2025-05-16 20:34:32.174] [info]  DiscordSplash.onStateUpdate: {"status":"downloading-updates","current":4,"total":6,"progress":54}
[2025-05-16 20:34:32.174] [info]  Splash.onStateUpdate: {"status":"downloading-updates","current":4,"total":6,"progress":54}
[2025-05-16 20:34:32.192] [info]  DiscordSplash.onStateUpdate: {"status":"downloading-updates","current":4,"total":6,"progress":55}
[2025-05-16 20:34:32.192] [info]  Splash.onStateUpdate: {"status":"downloading-updates","current":4,"total":6,"progress":55}
[2025-05-16 20:34:32.209] [info]  DiscordSplash.onStateUpdate: {"status":"downloading-updates","current":4,"total":6,"progress":56}
[2025-05-16 20:34:32.210] [info]  Splash.onStateUpdate: {"status":"downloading-updates","current":4,"total":6,"progress":56}
[2025-05-16 20:34:32.507] [info]  DiscordSplash.onStateUpdate: {"status":"downloading-updates","current":4,"total":6,"progress":57}
[2025-05-16 20:34:32.507] [info]  Splash.onStateUpdate: {"status":"downloading-updates","current":4,"total":6,"progress":57}
[2025-05-16 20:34:32.531] [info]  DiscordSplash.onStateUpdate: {"status":"downloading-updates","current":4,"total":6,"progress":58}
[2025-05-16 20:34:32.531] [info]  Splash.onStateUpdate: {"status":"downloading-updates","current":4,"total":6,"progress":58}
[2025-05-16 20:34:32.537] [info]  DiscordSplash.onStateUpdate: {"status":"downloading-updates","current":4,"total":6,"progress":59}
[2025-05-16 20:34:32.537] [info]  Splash.onStateUpdate: {"status":"downloading-updates","current":4,"total":6,"progress":59}
[2025-05-16 20:34:32.648] [info]  Splash.updateCountdownSeconds: undefined
[2025-05-16 20:34:32.687] [info]  DiscordSplash.onStateUpdate: {"status":"downloading-updates","current":4,"total":6,"progress":60}
[2025-05-16 20:34:32.687] [info]  Splash.onStateUpdate: {"status":"downloading-updates","current":4,"total":6,"progress":60}
[2025-05-16 20:34:32.695] [info]  DiscordSplash.onStateUpdate: {"status":"downloading-updates","current":4,"total":6,"progress":61}
[2025-05-16 20:34:32.695] [info]  Splash.onStateUpdate: {"status":"downloading-updates","current":4,"total":6,"progress":61}
[2025-05-16 20:34:33.062] [info]  DiscordSplash.onStateUpdate: {"status":"downloading-updates","current":4,"total":6,"progress":62}
[2025-05-16 20:34:33.062] [info]  Splash.onStateUpdate: {"status":"downloading-updates","current":4,"total":6,"progress":62}
[2025-05-16 20:34:33.078] [info]  DiscordSplash.onStateUpdate: {"status":"downloading-updates","current":4,"total":6,"progress":63}
[2025-05-16 20:34:33.079] [info]  Splash.onStateUpdate: {"status":"downloading-updates","current":4,"total":6,"progress":63}
[2025-05-16 20:34:33.094] [info]  DiscordSplash.onStateUpdate: {"status":"downloading-updates","current":4,"total":6,"progress":64}
[2025-05-16 20:34:33.094] [info]  Splash.onStateUpdate: {"status":"downloading-updates","current":4,"total":6,"progress":64}
[2025-05-16 20:34:33.112] [info]  DiscordSplash.onStateUpdate: {"status":"downloading-updates","current":4,"total":6,"progress":66}
[2025-05-16 20:34:33.112] [info]  Splash.onStateUpdate: {"status":"downloading-updates","current":4,"total":6,"progress":66}
[2025-05-16 20:34:33.270] [info]  DiscordSplash.onStateUpdate: {"status":"downloading-updates","current":4,"total":6,"progress":67}
[2025-05-16 20:34:33.270] [info]  Splash.onStateUpdate: {"status":"downloading-updates","current":4,"total":6,"progress":67}
[2025-05-16 20:34:33.477] [info]  DiscordSplash.onStateUpdate: {"status":"downloading-updates","current":4,"total":6,"progress":68}
[2025-05-16 20:34:33.477] [info]  Splash.onStateUpdate: {"status":"downloading-updates","current":4,"total":6,"progress":68}
[2025-05-16 20:34:33.477] [info]  DiscordSplash.onStateUpdate: {"status":"downloading-updates","current":4,"total":6,"progress":71}
[2025-05-16 20:34:33.477] [info]  Splash.onStateUpdate: {"status":"downloading-updates","current":4,"total":6,"progress":71}
[2025-05-16 20:34:33.500] [info]  DiscordSplash.onStateUpdate: {"status":"downloading-updates","current":4,"total":6,"progress":72}
[2025-05-16 20:34:33.501] [info]  Splash.onStateUpdate: {"status":"downloading-updates","current":4,"total":6,"progress":72}
[2025-05-16 20:34:33.535] [info]  DiscordSplash.onStateUpdate: {"status":"downloading-updates","current":4,"total":6,"progress":73}
[2025-05-16 20:34:33.535] [info]  Splash.onStateUpdate: {"status":"downloading-updates","current":4,"total":6,"progress":73}
[2025-05-16 20:34:33.648] [info]  Splash.updateCountdownSeconds: undefined
[2025-05-16 20:34:33.692] [info]  DiscordSplash.onStateUpdate: {"status":"downloading-updates","current":4,"total":6,"progress":74}
[2025-05-16 20:34:33.692] [info]  Splash.onStateUpdate: {"status":"downloading-updates","current":4,"total":6,"progress":74}
[2025-05-16 20:34:33.761] [info]  DiscordSplash.onStateUpdate: {"status":"downloading-updates","current":4,"total":6,"progress":75}
[2025-05-16 20:34:33.761] [info]  Splash.onStateUpdate: {"status":"downloading-updates","current":4,"total":6,"progress":75}
[2025-05-16 20:34:33.777] [info]  DiscordSplash.onStateUpdate: {"status":"downloading-updates","current":4,"total":6,"progress":76}
[2025-05-16 20:34:33.777] [info]  Splash.onStateUpdate: {"status":"downloading-updates","current":4,"total":6,"progress":76}
[2025-05-16 20:34:33.796] [info]  DiscordSplash.onStateUpdate: {"status":"downloading-updates","current":4,"total":6,"progress":77}
[2025-05-16 20:34:33.796] [info]  Splash.onStateUpdate: {"status":"downloading-updates","current":4,"total":6,"progress":77}
[2025-05-16 20:34:33.949] [info]  DiscordSplash.onStateUpdate: {"status":"downloading-updates","current":4,"total":6,"progress":78}
[2025-05-16 20:34:33.950] [info]  Splash.onStateUpdate: {"status":"downloading-updates","current":4,"total":6,"progress":78}
[2025-05-16 20:34:34.046] [info]  DiscordSplash.onStateUpdate: {"status":"downloading-updates","current":4,"total":6,"progress":79}
[2025-05-16 20:34:34.047] [info]  Splash.onStateUpdate: {"status":"downloading-updates","current":4,"total":6,"progress":79}
[2025-05-16 20:34:34.224] [info]  DiscordSplash.onStateUpdate: {"status":"downloading-updates","current":4,"total":6,"progress":80}
[2025-05-16 20:34:34.225] [info]  Splash.onStateUpdate: {"status":"downloading-updates","current":4,"total":6,"progress":80}
[2025-05-16 20:34:34.291] [info]  DiscordSplash.onStateUpdate: {"status":"downloading-updates","current":4,"total":6,"progress":81}
[2025-05-16 20:34:34.291] [info]  Splash.onStateUpdate: {"status":"downloading-updates","current":4,"total":6,"progress":81}
[2025-05-16 20:34:34.342] [info]  DiscordSplash.onStateUpdate: {"status":"downloading-updates","current":4,"total":6,"progress":82}
[2025-05-16 20:34:34.343] [info]  Splash.onStateUpdate: {"status":"downloading-updates","current":4,"total":6,"progress":82}
[2025-05-16 20:34:34.343] [info]  DiscordSplash.onStateUpdate: {"status":"downloading-updates","current":4,"total":6,"progress":83}
[2025-05-16 20:34:34.343] [info]  Splash.onStateUpdate: {"status":"downloading-updates","current":4,"total":6,"progress":83}
[2025-05-16 20:34:34.358] [info]  DiscordSplash.onStateUpdate: {"status":"downloading-updates","current":4,"total":6,"progress":84}
[2025-05-16 20:34:34.358] [info]  Splash.onStateUpdate: {"status":"downloading-updates","current":4,"total":6,"progress":84}
[2025-05-16 20:34:34.388] [info]  DiscordSplash.onStateUpdate: {"status":"downloading-updates","current":4,"total":6,"progress":85}
[2025-05-16 20:34:34.388] [info]  Splash.onStateUpdate: {"status":"downloading-updates","current":4,"total":6,"progress":85}
[2025-05-16 20:34:34.405] [info]  DiscordSplash.onStateUpdate: {"status":"downloading-updates","current":4,"total":6,"progress":86}
[2025-05-16 20:34:34.406] [info]  Splash.onStateUpdate: {"status":"downloading-updates","current":4,"total":6,"progress":86}
[2025-05-16 20:34:34.429] [info]  DiscordSplash.onStateUpdate: {"status":"downloading-updates","current":4,"total":6,"progress":87}
[2025-05-16 20:34:34.429] [info]  Splash.onStateUpdate: {"status":"downloading-updates","current":4,"total":6,"progress":87}
[2025-05-16 20:34:34.462] [info]  DiscordSplash.onStateUpdate: {"status":"downloading-updates","current":4,"total":6,"progress":88}
[2025-05-16 20:34:34.463] [info]  Splash.onStateUpdate: {"status":"downloading-updates","current":4,"total":6,"progress":88}
[2025-05-16 20:34:34.648] [info]  Splash.updateCountdownSeconds: undefined
[2025-05-16 20:34:34.750] [info]  DiscordSplash.onStateUpdate: {"status":"downloading-updates","current":4,"total":6,"progress":89}
[2025-05-16 20:34:34.750] [info]  Splash.onStateUpdate: {"status":"downloading-updates","current":4,"total":6,"progress":89}
[2025-05-16 20:34:35.080] [info]  DiscordSplash.onStateUpdate: {"status":"downloading-updates","current":4,"total":6,"progress":90}
[2025-05-16 20:34:35.081] [info]  Splash.onStateUpdate: {"status":"downloading-updates","current":4,"total":6,"progress":90}
[2025-05-16 20:34:35.105] [info]  DiscordSplash.onStateUpdate: {"status":"downloading-updates","current":4,"total":6,"progress":91}
[2025-05-16 20:34:35.105] [info]  Splash.onStateUpdate: {"status":"downloading-updates","current":4,"total":6,"progress":91}
[2025-05-16 20:34:35.247] [info]  DiscordSplash.onStateUpdate: {"status":"downloading-updates","current":4,"total":6,"progress":92}
[2025-05-16 20:34:35.248] [info]  Splash.onStateUpdate: {"status":"downloading-updates","current":4,"total":6,"progress":92}
[2025-05-16 20:34:35.248] [info]  DiscordSplash.onStateUpdate: {"status":"downloading-updates","current":4,"total":6,"progress":95}
[2025-05-16 20:34:35.248] [info]  Splash.onStateUpdate: {"status":"downloading-updates","current":4,"total":6,"progress":95}
[2025-05-16 20:34:35.325] [info]  DiscordSplash.onStateUpdate: {"status":"downloading-updates","current":4,"total":6,"progress":96}
[2025-05-16 20:34:35.325] [info]  Splash.onStateUpdate: {"status":"downloading-updates","current":4,"total":6,"progress":96}
[2025-05-16 20:34:35.374] [info]  DiscordSplash.onStateUpdate: {"status":"downloading-updates","current":4,"total":6,"progress":97}
[2025-05-16 20:34:35.374] [info]  Splash.onStateUpdate: {"status":"downloading-updates","current":4,"total":6,"progress":97}
[2025-05-16 20:34:35.487] [info]  DiscordSplash.onStateUpdate: {"status":"downloading-updates","current":4,"total":6,"progress":98}
[2025-05-16 20:34:35.487] [info]  Splash.onStateUpdate: {"status":"downloading-updates","current":4,"total":6,"progress":98}
[2025-05-16 20:34:35.488] [info]  DiscordSplash.onStateUpdate: {"status":"downloading-updates","current":4,"total":6,"progress":99}
[2025-05-16 20:34:35.489] [info]  Splash.onStateUpdate: {"status":"downloading-updates","current":4,"total":6,"progress":99}
[2025-05-16 20:34:35.648] [info]  Splash.updateCountdownSeconds: undefined
[2025-05-16 20:34:35.658] [info]  DiscordSplash.onStateUpdate: {"status":"downloading-updates","current":4,"total":6,"progress":100}
[2025-05-16 20:34:35.658] [info]  Splash.onStateUpdate: {"status":"downloading-updates","current":4,"total":6,"progress":100}
[2025-05-16 20:34:35.659] [info]  DiscordSplash.onStateUpdate: {"status":"downloading-updates","current":5,"total":6}
[2025-05-16 20:34:35.659] [info]  Splash.onStateUpdate: {"status":"downloading-updates","current":5,"total":6}
[2025-05-16 20:34:36.161] [info]  DiscordSplash.onStateUpdate: {"status":"downloading-updates","current":5,"total":6,"progress":1}
[2025-05-16 20:34:36.161] [info]  Splash.onStateUpdate: {"status":"downloading-updates","current":5,"total":6,"progress":1}
[2025-05-16 20:34:36.266] [info]  DiscordSplash.onStateUpdate: {"status":"downloading-updates","current":5,"total":6,"progress":2}
[2025-05-16 20:34:36.266] [info]  Splash.onStateUpdate: {"status":"downloading-updates","current":5,"total":6,"progress":2}
[2025-05-16 20:34:36.648] [info]  Splash.updateCountdownSeconds: undefined
[2025-05-16 20:34:37.089] [info]  DiscordSplash.onStateUpdate: {"status":"downloading-updates","current":5,"total":6,"progress":3}
[2025-05-16 20:34:37.089] [info]  Splash.onStateUpdate: {"status":"downloading-updates","current":5,"total":6,"progress":3}
[2025-05-16 20:34:37.149] [info]  DiscordSplash.onStateUpdate: {"status":"downloading-updates","current":5,"total":6,"progress":4}
[2025-05-16 20:34:37.149] [info]  Splash.onStateUpdate: {"status":"downloading-updates","current":5,"total":6,"progress":4}
[2025-05-16 20:34:37.648] [info]  Splash.updateCountdownSeconds: undefined
[2025-05-16 20:34:37.828] [info]  DiscordSplash.onStateUpdate: {"status":"downloading-updates","current":5,"total":6,"progress":5}
[2025-05-16 20:34:37.829] [info]  Splash.onStateUpdate: {"status":"downloading-updates","current":5,"total":6,"progress":5}
[2025-05-16 20:34:37.938] [info]  DiscordSplash.onStateUpdate: {"status":"downloading-updates","current":5,"total":6,"progress":6}
[2025-05-16 20:34:37.938] [info]  Splash.onStateUpdate: {"status":"downloading-updates","current":5,"total":6,"progress":6}
[2025-05-16 20:34:38.311] [info]  DiscordSplash.onStateUpdate: {"status":"downloading-updates","current":5,"total":6,"progress":7}
[2025-05-16 20:34:38.311] [info]  Splash.onStateUpdate: {"status":"downloading-updates","current":5,"total":6,"progress":7}
[2025-05-16 20:34:38.648] [info]  Splash.updateCountdownSeconds: undefined
[2025-05-16 20:34:39.115] [info]  DiscordSplash.onStateUpdate: {"status":"downloading-updates","current":5,"total":6,"progress":8}
[2025-05-16 20:34:39.115] [info]  Splash.onStateUpdate: {"status":"downloading-updates","current":5,"total":6,"progress":8}
[2025-05-16 20:34:39.199] [info]  DiscordSplash.onStateUpdate: {"status":"downloading-updates","current":5,"total":6,"progress":9}
[2025-05-16 20:34:39.200] [info]  Splash.onStateUpdate: {"status":"downloading-updates","current":5,"total":6,"progress":9}
[2025-05-16 20:34:39.527] [info]  DiscordSplash.onStateUpdate: {"status":"downloading-updates","current":5,"total":6,"progress":10}
[2025-05-16 20:34:39.527] [info]  Splash.onStateUpdate: {"status":"downloading-updates","current":5,"total":6,"progress":10}
[2025-05-16 20:34:39.648] [info]  Splash.updateCountdownSeconds: undefined
[2025-05-16 20:34:40.365] [info]  DiscordSplash.onStateUpdate: {"status":"downloading-updates","current":5,"total":6,"progress":11}
[2025-05-16 20:34:40.365] [info]  Splash.onStateUpdate: {"status":"downloading-updates","current":5,"total":6,"progress":11}
[2025-05-16 20:34:40.648] [info]  Splash.updateCountdownSeconds: undefined
[2025-05-16 20:34:40.772] [info]  DiscordSplash.onStateUpdate: {"status":"downloading-updates","current":5,"total":6,"progress":12}
[2025-05-16 20:34:40.772] [info]  Splash.onStateUpdate: {"status":"downloading-updates","current":5,"total":6,"progress":12}
[2025-05-16 20:34:40.848] [info]  DiscordSplash.onStateUpdate: {"status":"downloading-updates","current":5,"total":6,"progress":13}
[2025-05-16 20:34:40.849] [info]  Splash.onStateUpdate: {"status":"downloading-updates","current":5,"total":6,"progress":13}
[2025-05-16 20:34:41.564] [info]  DiscordSplash.onStateUpdate: {"status":"downloading-updates","current":5,"total":6,"progress":14}
[2025-05-16 20:34:41.565] [info]  Splash.onStateUpdate: {"status":"downloading-updates","current":5,"total":6,"progress":14}
[2025-05-16 20:34:41.648] [info]  Splash.updateCountdownSeconds: undefined
[2025-05-16 20:34:41.660] [info]  DiscordSplash.onStateUpdate: {"status":"downloading-updates","current":5,"total":6,"progress":15}
[2025-05-16 20:34:41.660] [info]  Splash.onStateUpdate: {"status":"downloading-updates","current":5,"total":6,"progress":15}
[2025-05-16 20:34:42.039] [info]  DiscordSplash.onStateUpdate: {"status":"downloading-updates","current":5,"total":6,"progress":16}
[2025-05-16 20:34:42.039] [info]  Splash.onStateUpdate: {"status":"downloading-updates","current":5,"total":6,"progress":16}
[2025-05-16 20:34:42.648] [info]  Splash.updateCountdownSeconds: undefined
[2025-05-16 20:34:42.707] [info]  DiscordSplash.onStateUpdate: {"status":"downloading-updates","current":5,"total":6,"progress":17}
[2025-05-16 20:34:42.707] [info]  Splash.onStateUpdate: {"status":"downloading-updates","current":5,"total":6,"progress":17}
[2025-05-16 20:34:43.086] [info]  DiscordSplash.onStateUpdate: {"status":"downloading-updates","current":5,"total":6,"progress":18}
[2025-05-16 20:34:43.086] [info]  Splash.onStateUpdate: {"status":"downloading-updates","current":5,"total":6,"progress":18}
[2025-05-16 20:34:43.187] [info]  DiscordSplash.onStateUpdate: {"status":"downloading-updates","current":5,"total":6,"progress":19}
[2025-05-16 20:34:43.187] [info]  Splash.onStateUpdate: {"status":"downloading-updates","current":5,"total":6,"progress":19}
[2025-05-16 20:34:43.648] [info]  Splash.updateCountdownSeconds: undefined
[2025-05-16 20:34:44.377] [info]  DiscordSplash.onStateUpdate: {"status":"downloading-updates","current":5,"total":6,"progress":20}
[2025-05-16 20:34:44.377] [info]  Splash.onStateUpdate: {"status":"downloading-updates","current":5,"total":6,"progress":20}
[2025-05-16 20:34:44.407] [info]  DiscordSplash.onStateUpdate: {"status":"downloading-updates","current":5,"total":6,"progress":21}
[2025-05-16 20:34:44.407] [info]  Splash.onStateUpdate: {"status":"downloading-updates","current":5,"total":6,"progress":21}
[2025-05-16 20:34:44.522] [info]  DiscordSplash.onStateUpdate: {"status":"downloading-updates","current":5,"total":6,"progress":22}
[2025-05-16 20:34:44.522] [info]  Splash.onStateUpdate: {"status":"downloading-updates","current":5,"total":6,"progress":22}
[2025-05-16 20:34:44.648] [info]  Splash.updateCountdownSeconds: undefined
[2025-05-16 20:34:45.648] [info]  Splash.updateCountdownSeconds: undefined
[2025-05-16 20:34:45.711] [info]  DiscordSplash.onStateUpdate: {"status":"downloading-updates","current":5,"total":6,"progress":23}
[2025-05-16 20:34:45.711] [info]  Splash.onStateUpdate: {"status":"downloading-updates","current":5,"total":6,"progress":23}
[2025-05-16 20:34:45.714] [info]  DiscordSplash.onStateUpdate: {"status":"downloading-updates","current":5,"total":6,"progress":24}
[2025-05-16 20:34:45.714] [info]  Splash.onStateUpdate: {"status":"downloading-updates","current":5,"total":6,"progress":24}
[2025-05-16 20:34:45.926] [info]  DiscordSplash.onStateUpdate: {"status":"downloading-updates","current":5,"total":6,"progress":25}
[2025-05-16 20:34:45.926] [info]  Splash.onStateUpdate: {"status":"downloading-updates","current":5,"total":6,"progress":25}
[2025-05-16 20:34:46.497] [info]  DiscordSplash.onStateUpdate: {"status":"downloading-updates","current":5,"total":6,"progress":26}
[2025-05-16 20:34:46.498] [info]  Splash.onStateUpdate: {"status":"downloading-updates","current":5,"total":6,"progress":26}
[2025-05-16 20:34:46.648] [info]  Splash.updateCountdownSeconds: undefined
[2025-05-16 20:34:47.181] [info]  DiscordSplash.onStateUpdate: {"status":"downloading-updates","current":5,"total":6,"progress":27}
[2025-05-16 20:34:47.182] [info]  Splash.onStateUpdate: {"status":"downloading-updates","current":5,"total":6,"progress":27}
[2025-05-16 20:34:47.237] [info]  DiscordSplash.onStateUpdate: {"status":"downloading-updates","current":5,"total":6,"progress":28}
[2025-05-16 20:34:47.237] [info]  Splash.onStateUpdate: {"status":"downloading-updates","current":5,"total":6,"progress":28}
[2025-05-16 20:34:47.648] [info]  Splash.updateCountdownSeconds: undefined
[2025-05-16 20:34:47.770] [info]  DiscordSplash.onStateUpdate: {"status":"downloading-updates","current":5,"total":6,"progress":29}
[2025-05-16 20:34:47.770] [info]  Splash.onStateUpdate: {"status":"downloading-updates","current":5,"total":6,"progress":29}
[2025-05-16 20:34:47.951] [info]  DiscordSplash.onStateUpdate: {"status":"downloading-updates","current":5,"total":6,"progress":30}
[2025-05-16 20:34:47.951] [info]  Splash.onStateUpdate: {"status":"downloading-updates","current":5,"total":6,"progress":30}
[2025-05-16 20:34:48.433] [info]  DiscordSplash.onStateUpdate: {"status":"downloading-updates","current":5,"total":6,"progress":31}
[2025-05-16 20:34:48.434] [info]  Splash.onStateUpdate: {"status":"downloading-updates","current":5,"total":6,"progress":31}
[2025-05-16 20:34:48.648] [info]  Splash.updateCountdownSeconds: undefined
[2025-05-16 20:34:48.867] [info]  DiscordSplash.onStateUpdate: {"status":"downloading-updates","current":5,"total":6,"progress":32}
[2025-05-16 20:34:48.867] [info]  Splash.onStateUpdate: {"status":"downloading-updates","current":5,"total":6,"progress":32}
[2025-05-16 20:34:49.306] [info]  DiscordSplash.onStateUpdate: {"status":"downloading-updates","current":5,"total":6,"progress":33}
[2025-05-16 20:34:49.306] [info]  Splash.onStateUpdate: {"status":"downloading-updates","current":5,"total":6,"progress":33}
[2025-05-16 20:34:49.648] [info]  Splash.updateCountdownSeconds: undefined
[2025-05-16 20:34:50.141] [info]  DiscordSplash.onStateUpdate: {"status":"downloading-updates","current":5,"total":6,"progress":34}
[2025-05-16 20:34:50.142] [info]  Splash.onStateUpdate: {"status":"downloading-updates","current":5,"total":6,"progress":34}
[2025-05-16 20:34:50.184] [info]  DiscordSplash.onStateUpdate: {"status":"downloading-updates","current":5,"total":6,"progress":35}
[2025-05-16 20:34:50.184] [info]  Splash.onStateUpdate: {"status":"downloading-updates","current":5,"total":6,"progress":35}
[2025-05-16 20:34:50.612] [info]  DiscordSplash.onStateUpdate: {"status":"downloading-updates","current":5,"total":6,"progress":36}
[2025-05-16 20:34:50.612] [info]  Splash.onStateUpdate: {"status":"downloading-updates","current":5,"total":6,"progress":36}
[2025-05-16 20:34:50.648] [info]  Splash.updateCountdownSeconds: undefined
[2025-05-16 20:34:51.117] [info]  DiscordSplash.onStateUpdate: {"status":"downloading-updates","current":5,"total":6,"progress":37}
[2025-05-16 20:34:51.117] [info]  Splash.onStateUpdate: {"status":"downloading-updates","current":5,"total":6,"progress":37}
[2025-05-16 20:34:51.206] [info]  DiscordSplash.onStateUpdate: {"status":"downloading-updates","current":5,"total":6,"progress":38}
[2025-05-16 20:34:51.207] [info]  Splash.onStateUpdate: {"status":"downloading-updates","current":5,"total":6,"progress":38}
[2025-05-16 20:34:51.648] [info]  Splash.updateCountdownSeconds: undefined
[2025-05-16 20:34:52.281] [info]  DiscordSplash.onStateUpdate: {"status":"downloading-updates","current":5,"total":6,"progress":39}
[2025-05-16 20:34:52.281] [info]  Splash.onStateUpdate: {"status":"downloading-updates","current":5,"total":6,"progress":39}
[2025-05-16 20:34:52.322] [info]  DiscordSplash.onStateUpdate: {"status":"downloading-updates","current":5,"total":6,"progress":40}
[2025-05-16 20:34:52.323] [info]  Splash.onStateUpdate: {"status":"downloading-updates","current":5,"total":6,"progress":40}
[2025-05-16 20:34:52.413] [info]  DiscordSplash.onStateUpdate: {"status":"downloading-updates","current":5,"total":6,"progress":41}
[2025-05-16 20:34:52.413] [info]  Splash.onStateUpdate: {"status":"downloading-updates","current":5,"total":6,"progress":41}
[2025-05-16 20:34:52.648] [info]  Splash.updateCountdownSeconds: undefined
[2025-05-16 20:34:52.919] [info]  DiscordSplash.onStateUpdate: {"status":"downloading-updates","current":5,"total":6,"progress":42}
[2025-05-16 20:34:52.919] [info]  Splash.onStateUpdate: {"status":"downloading-updates","current":5,"total":6,"progress":42}
[2025-05-16 20:34:53.451] [info]  DiscordSplash.onStateUpdate: {"status":"downloading-updates","current":5,"total":6,"progress":43}
[2025-05-16 20:34:53.451] [info]  Splash.onStateUpdate: {"status":"downloading-updates","current":5,"total":6,"progress":43}
[2025-05-16 20:34:53.648] [info]  Splash.updateCountdownSeconds: undefined
[2025-05-16 20:34:53.994] [info]  DiscordSplash.onStateUpdate: {"status":"downloading-updates","current":5,"total":6,"progress":44}
[2025-05-16 20:34:53.995] [info]  Splash.onStateUpdate: {"status":"downloading-updates","current":5,"total":6,"progress":44}
[2025-05-16 20:34:54.373] [info]  DiscordSplash.onStateUpdate: {"status":"downloading-updates","current":5,"total":6,"progress":45}
[2025-05-16 20:34:54.373] [info]  Splash.onStateUpdate: {"status":"downloading-updates","current":5,"total":6,"progress":45}
[2025-05-16 20:34:54.648] [info]  Splash.updateCountdownSeconds: undefined
[2025-05-16 20:34:54.894] [info]  DiscordSplash.onStateUpdate: {"status":"downloading-updates","current":5,"total":6,"progress":46}
[2025-05-16 20:34:54.894] [info]  Splash.onStateUpdate: {"status":"downloading-updates","current":5,"total":6,"progress":46}
[2025-05-16 20:34:55.258] [info]  DiscordSplash.onStateUpdate: {"status":"downloading-updates","current":5,"total":6,"progress":47}
[2025-05-16 20:34:55.288] [info]  Splash.onStateUpdate: {"status":"downloading-updates","current":5,"total":6,"progress":47}
[2025-05-16 20:34:55.523] [info]  DiscordSplash.onStateUpdate: {"status":"downloading-updates","current":5,"total":6,"progress":48}
[2025-05-16 20:34:55.523] [info]  Splash.onStateUpdate: {"status":"downloading-updates","current":5,"total":6,"progress":48}
[2025-05-16 20:34:55.648] [info]  Splash.updateCountdownSeconds: undefined
[2025-05-16 20:34:55.902] [info]  DiscordSplash.onStateUpdate: {"status":"downloading-updates","current":5,"total":6,"progress":49}
[2025-05-16 20:34:55.902] [info]  Splash.onStateUpdate: {"status":"downloading-updates","current":5,"total":6,"progress":49}
[2025-05-16 20:34:56.648] [info]  Splash.updateCountdownSeconds: undefined
[2025-05-16 20:34:56.825] [info]  DiscordSplash.onStateUpdate: {"status":"downloading-updates","current":5,"total":6,"progress":50}
[2025-05-16 20:34:56.825] [info]  Splash.onStateUpdate: {"status":"downloading-updates","current":5,"total":6,"progress":50}
[2025-05-16 20:34:56.938] [info]  DiscordSplash.onStateUpdate: {"status":"downloading-updates","current":5,"total":6,"progress":51}
[2025-05-16 20:34:56.939] [info]  Splash.onStateUpdate: {"status":"downloading-updates","current":5,"total":6,"progress":51}
[2025-05-16 20:34:57.648] [info]  Splash.updateCountdownSeconds: undefined
[2025-05-16 20:34:57.730] [info]  DiscordSplash.onStateUpdate: {"status":"downloading-updates","current":5,"total":6,"progress":52}
[2025-05-16 20:34:57.730] [info]  Splash.onStateUpdate: {"status":"downloading-updates","current":5,"total":6,"progress":52}
[2025-05-16 20:34:57.803] [info]  DiscordSplash.onStateUpdate: {"status":"downloading-updates","current":5,"total":6,"progress":53}
[2025-05-16 20:34:57.803] [info]  Splash.onStateUpdate: {"status":"downloading-updates","current":5,"total":6,"progress":53}
[2025-05-16 20:34:58.193] [info]  DiscordSplash.onStateUpdate: {"status":"downloading-updates","current":5,"total":6,"progress":54}
[2025-05-16 20:34:58.193] [info]  Splash.onStateUpdate: {"status":"downloading-updates","current":5,"total":6,"progress":54}
[2025-05-16 20:34:58.648] [info]  Splash.updateCountdownSeconds: undefined
[2025-05-16 20:34:58.976] [info]  DiscordSplash.onStateUpdate: {"status":"downloading-updates","current":5,"total":6,"progress":55}
[2025-05-16 20:34:58.977] [info]  Splash.onStateUpdate: {"status":"downloading-updates","current":5,"total":6,"progress":55}
[2025-05-16 20:34:59.071] [info]  DiscordSplash.onStateUpdate: {"status":"downloading-updates","current":5,"total":6,"progress":56}
[2025-05-16 20:34:59.071] [info]  Splash.onStateUpdate: {"status":"downloading-updates","current":5,"total":6,"progress":56}
[2025-05-16 20:34:59.561] [info]  DiscordSplash.onStateUpdate: {"status":"downloading-updates","current":5,"total":6,"progress":57}
[2025-05-16 20:34:59.561] [info]  Splash.onStateUpdate: {"status":"downloading-updates","current":5,"total":6,"progress":57}
[2025-05-16 20:34:59.646] [info]  DiscordSplash.onStateUpdate: {"status":"downloading-updates","current":5,"total":6,"progress":58}
[2025-05-16 20:34:59.646] [info]  Splash.onStateUpdate: {"status":"downloading-updates","current":5,"total":6,"progress":58}
[2025-05-16 20:34:59.647] [info]  Splash.updateCountdownSeconds: undefined
[2025-05-16 20:35:00.373] [info]  DiscordSplash.onStateUpdate: {"status":"downloading-updates","current":5,"total":6,"progress":59}
[2025-05-16 20:35:00.373] [info]  Splash.onStateUpdate: {"status":"downloading-updates","current":5,"total":6,"progress":59}
[2025-05-16 20:35:00.648] [info]  Splash.updateCountdownSeconds: undefined
[2025-05-16 20:35:00.681] [info]  DiscordSplash.onStateUpdate: {"status":"downloading-updates","current":5,"total":6,"progress":60}
[2025-05-16 20:35:00.681] [info]  Splash.onStateUpdate: {"status":"downloading-updates","current":5,"total":6,"progress":60}
[2025-05-16 20:35:01.436] [info]  DiscordSplash.onStateUpdate: {"status":"downloading-updates","current":5,"total":6,"progress":61}
[2025-05-16 20:35:01.436] [info]  Splash.onStateUpdate: {"status":"downloading-updates","current":5,"total":6,"progress":61}
[2025-05-16 20:35:01.582] [info]  DiscordSplash.onStateUpdate: {"status":"downloading-updates","current":5,"total":6,"progress":62}
[2025-05-16 20:35:01.582] [info]  Splash.onStateUpdate: {"status":"downloading-updates","current":5,"total":6,"progress":62}
[2025-05-16 20:35:01.648] [info]  Splash.updateCountdownSeconds: undefined
[2025-05-16 20:35:01.736] [info]  DiscordSplash.onStateUpdate: {"status":"downloading-updates","current":5,"total":6,"progress":63}
[2025-05-16 20:35:01.736] [info]  Splash.onStateUpdate: {"status":"downloading-updates","current":5,"total":6,"progress":63}
[2025-05-16 20:35:02.461] [info]  DiscordSplash.onStateUpdate: {"status":"downloading-updates","current":5,"total":6,"progress":64}
[2025-05-16 20:35:02.462] [info]  Splash.onStateUpdate: {"status":"downloading-updates","current":5,"total":6,"progress":64}
[2025-05-16 20:35:02.648] [info]  Splash.updateCountdownSeconds: undefined
[2025-05-16 20:35:02.688] [info]  DiscordSplash.onStateUpdate: {"status":"downloading-updates","current":5,"total":6,"progress":65}
[2025-05-16 20:35:02.689] [info]  Splash.onStateUpdate: {"status":"downloading-updates","current":5,"total":6,"progress":65}
[2025-05-16 20:35:03.024] [info]  DiscordSplash.onStateUpdate: {"status":"downloading-updates","current":5,"total":6,"progress":66}
[2025-05-16 20:35:03.024] [info]  Splash.onStateUpdate: {"status":"downloading-updates","current":5,"total":6,"progress":66}
[2025-05-16 20:35:03.559] [info]  DiscordSplash.onStateUpdate: {"status":"downloading-updates","current":5,"total":6,"progress":67}
[2025-05-16 20:35:03.559] [info]  Splash.onStateUpdate: {"status":"downloading-updates","current":5,"total":6,"progress":67}
[2025-05-16 20:35:03.648] [info]  Splash.updateCountdownSeconds: undefined
[2025-05-16 20:35:04.157] [info]  DiscordSplash.onStateUpdate: {"status":"downloading-updates","current":5,"total":6,"progress":68}
[2025-05-16 20:35:04.157] [info]  Splash.onStateUpdate: {"status":"downloading-updates","current":5,"total":6,"progress":68}
[2025-05-16 20:35:04.283] [info]  DiscordSplash.onStateUpdate: {"status":"downloading-updates","current":5,"total":6,"progress":69}
[2025-05-16 20:35:04.283] [info]  Splash.onStateUpdate: {"status":"downloading-updates","current":5,"total":6,"progress":69}
[2025-05-16 20:35:04.648] [info]  Splash.updateCountdownSeconds: undefined
[2025-05-16 20:35:04.849] [info]  DiscordSplash.onStateUpdate: {"status":"downloading-updates","current":5,"total":6,"progress":70}
[2025-05-16 20:35:04.849] [info]  Splash.onStateUpdate: {"status":"downloading-updates","current":5,"total":6,"progress":70}
[2025-05-16 20:35:05.453] [info]  DiscordSplash.onStateUpdate: {"status":"downloading-updates","current":5,"total":6,"progress":71}
[2025-05-16 20:35:05.453] [info]  Splash.onStateUpdate: {"status":"downloading-updates","current":5,"total":6,"progress":71}
[2025-05-16 20:35:05.551] [info]  DiscordSplash.onStateUpdate: {"status":"downloading-updates","current":5,"total":6,"progress":72}
[2025-05-16 20:35:05.551] [info]  Splash.onStateUpdate: {"status":"downloading-updates","current":5,"total":6,"progress":72}
[2025-05-16 20:35:05.648] [info]  Splash.updateCountdownSeconds: undefined
[2025-05-16 20:35:06.056] [info]  DiscordSplash.onStateUpdate: {"status":"downloading-updates","current":5,"total":6,"progress":73}
[2025-05-16 20:35:06.057] [info]  Splash.onStateUpdate: {"status":"downloading-updates","current":5,"total":6,"progress":73}
[2025-05-16 20:35:06.606] [info]  DiscordSplash.onStateUpdate: {"status":"downloading-updates","current":5,"total":6,"progress":74}
[2025-05-16 20:35:06.606] [info]  Splash.onStateUpdate: {"status":"downloading-updates","current":5,"total":6,"progress":74}
[2025-05-16 20:35:06.648] [info]  Splash.updateCountdownSeconds: undefined
[2025-05-16 20:35:06.688] [info]  DiscordSplash.onStateUpdate: {"status":"downloading-updates","current":5,"total":6,"progress":75}
[2025-05-16 20:35:06.689] [info]  Splash.onStateUpdate: {"status":"downloading-updates","current":5,"total":6,"progress":75}
[2025-05-16 20:35:07.552] [info]  DiscordSplash.onStateUpdate: {"status":"downloading-updates","current":5,"total":6,"progress":76}
[2025-05-16 20:35:07.553] [info]  Splash.onStateUpdate: {"status":"downloading-updates","current":5,"total":6,"progress":76}
[2025-05-16 20:35:07.648] [info]  Splash.updateCountdownSeconds: undefined
[2025-05-16 20:35:08.255] [info]  DiscordSplash.onStateUpdate: {"status":"downloading-updates","current":5,"total":6,"progress":77}
[2025-05-16 20:35:08.256] [info]  Splash.onStateUpdate: {"status":"downloading-updates","current":5,"total":6,"progress":77}
[2025-05-16 20:35:08.303] [info]  DiscordSplash.onStateUpdate: {"status":"downloading-updates","current":5,"total":6,"progress":78}
[2025-05-16 20:35:08.303] [info]  Splash.onStateUpdate: {"status":"downloading-updates","current":5,"total":6,"progress":78}
[2025-05-16 20:35:08.648] [info]  Splash.updateCountdownSeconds: undefined
[2025-05-16 20:35:09.201] [info]  DiscordSplash.onStateUpdate: {"status":"downloading-updates","current":5,"total":6,"progress":79}
[2025-05-16 20:35:09.202] [info]  Splash.onStateUpdate: {"status":"downloading-updates","current":5,"total":6,"progress":79}
[2025-05-16 20:35:09.275] [info]  DiscordSplash.onStateUpdate: {"status":"downloading-updates","current":5,"total":6,"progress":80}
[2025-05-16 20:35:09.275] [info]  Splash.onStateUpdate: {"status":"downloading-updates","current":5,"total":6,"progress":80}
[2025-05-16 20:35:09.648] [info]  Splash.updateCountdownSeconds: undefined
[2025-05-16 20:35:09.880] [info]  DiscordSplash.onStateUpdate: {"status":"downloading-updates","current":5,"total":6,"progress":81}
[2025-05-16 20:35:09.880] [info]  Splash.onStateUpdate: {"status":"downloading-updates","current":5,"total":6,"progress":81}
[2025-05-16 20:35:10.072] [info]  DiscordSplash.onStateUpdate: {"status":"downloading-updates","current":5,"total":6,"progress":82}
[2025-05-16 20:35:10.073] [info]  Splash.onStateUpdate: {"status":"downloading-updates","current":5,"total":6,"progress":82}
[2025-05-16 20:35:10.453] [info]  DiscordSplash.onStateUpdate: {"status":"downloading-updates","current":5,"total":6,"progress":83}
[2025-05-16 20:35:10.453] [info]  Splash.onStateUpdate: {"status":"downloading-updates","current":5,"total":6,"progress":83}
[2025-05-16 20:35:10.648] [info]  Splash.updateCountdownSeconds: undefined
[2025-05-16 20:35:10.923] [info]  DiscordSplash.onStateUpdate: {"status":"downloading-updates","current":5,"total":6,"progress":84}
[2025-05-16 20:35:10.923] [info]  Splash.onStateUpdate: {"status":"downloading-updates","current":5,"total":6,"progress":84}
[2025-05-16 20:35:11.028] [info]  DiscordSplash.onStateUpdate: {"status":"downloading-updates","current":5,"total":6,"progress":85}
[2025-05-16 20:35:11.028] [info]  Splash.onStateUpdate: {"status":"downloading-updates","current":5,"total":6,"progress":85}
[2025-05-16 20:35:11.648] [info]  Splash.updateCountdownSeconds: undefined
[2025-05-16 20:35:11.867] [info]  DiscordSplash.onStateUpdate: {"status":"downloading-updates","current":5,"total":6,"progress":86}
[2025-05-16 20:35:11.867] [info]  Splash.onStateUpdate: {"status":"downloading-updates","current":5,"total":6,"progress":86}
[2025-05-16 20:35:11.921] [info]  DiscordSplash.onStateUpdate: {"status":"downloading-updates","current":5,"total":6,"progress":87}
[2025-05-16 20:35:11.921] [info]  Splash.onStateUpdate: {"status":"downloading-updates","current":5,"total":6,"progress":87}
[2025-05-16 20:35:12.310] [info]  DiscordSplash.onStateUpdate: {"status":"downloading-updates","current":5,"total":6,"progress":88}
[2025-05-16 20:35:12.311] [info]  Splash.onStateUpdate: {"status":"downloading-updates","current":5,"total":6,"progress":88}
[2025-05-16 20:35:12.648] [info]  Splash.updateCountdownSeconds: undefined
[2025-05-16 20:35:12.823] [info]  DiscordSplash.onStateUpdate: {"status":"downloading-updates","current":5,"total":6,"progress":89}
[2025-05-16 20:35:12.823] [info]  Splash.onStateUpdate: {"status":"downloading-updates","current":5,"total":6,"progress":89}
[2025-05-16 20:35:13.320] [info]  DiscordSplash.onStateUpdate: {"status":"downloading-updates","current":5,"total":6,"progress":90}
[2025-05-16 20:35:13.320] [info]  Splash.onStateUpdate: {"status":"downloading-updates","current":5,"total":6,"progress":90}
[2025-05-16 20:35:13.422] [info]  DiscordSplash.onStateUpdate: {"status":"downloading-updates","current":5,"total":6,"progress":91}
[2025-05-16 20:35:13.422] [info]  Splash.onStateUpdate: {"status":"downloading-updates","current":5,"total":6,"progress":91}
[2025-05-16 20:35:13.648] [info]  Splash.updateCountdownSeconds: undefined
[2025-05-16 20:35:14.074] [info]  DiscordSplash.onStateUpdate: {"status":"downloading-updates","current":5,"total":6,"progress":92}
[2025-05-16 20:35:14.074] [info]  Splash.onStateUpdate: {"status":"downloading-updates","current":5,"total":6,"progress":92}
[2025-05-16 20:35:14.605] [info]  DiscordSplash.onStateUpdate: {"status":"downloading-updates","current":5,"total":6,"progress":93}
[2025-05-16 20:35:14.605] [info]  Splash.onStateUpdate: {"status":"downloading-updates","current":5,"total":6,"progress":93}
[2025-05-16 20:35:14.648] [info]  Splash.updateCountdownSeconds: undefined
[2025-05-16 20:35:14.678] [info]  DiscordSplash.onStateUpdate: {"status":"downloading-updates","current":5,"total":6,"progress":94}
[2025-05-16 20:35:14.678] [info]  Splash.onStateUpdate: {"status":"downloading-updates","current":5,"total":6,"progress":94}
[2025-05-16 20:35:15.648] [info]  Splash.updateCountdownSeconds: undefined
[2025-05-16 20:35:15.751] [info]  DiscordSplash.onStateUpdate: {"status":"downloading-updates","current":5,"total":6,"progress":95}
[2025-05-16 20:35:15.751] [info]  Splash.onStateUpdate: {"status":"downloading-updates","current":5,"total":6,"progress":95}
[2025-05-16 20:35:15.816] [info]  DiscordSplash.onStateUpdate: {"status":"downloading-updates","current":5,"total":6,"progress":96}
[2025-05-16 20:35:15.817] [info]  Splash.onStateUpdate: {"status":"downloading-updates","current":5,"total":6,"progress":96}
[2025-05-16 20:35:16.234] [info]  DiscordSplash.onStateUpdate: {"status":"downloading-updates","current":5,"total":6,"progress":97}
[2025-05-16 20:35:16.234] [info]  Splash.onStateUpdate: {"status":"downloading-updates","current":5,"total":6,"progress":97}
[2025-05-16 20:35:16.490] [info]  DiscordSplash.onStateUpdate: {"status":"downloading-updates","current":5,"total":6,"progress":98}
[2025-05-16 20:35:16.490] [info]  Splash.onStateUpdate: {"status":"downloading-updates","current":5,"total":6,"progress":98}
[2025-05-16 20:35:16.648] [info]  Splash.updateCountdownSeconds: undefined
[2025-05-16 20:35:16.953] [info]  DiscordSplash.onStateUpdate: {"status":"downloading-updates","current":5,"total":6,"progress":99}
[2025-05-16 20:35:16.953] [info]  Splash.onStateUpdate: {"status":"downloading-updates","current":5,"total":6,"progress":99}
[2025-05-16 20:35:17.358] [info]  DiscordSplash.onStateUpdate: {"status":"downloading-updates","current":5,"total":6,"progress":100}
[2025-05-16 20:35:17.358] [info]  Splash.onStateUpdate: {"status":"downloading-updates","current":5,"total":6,"progress":100}
[2025-05-16 20:35:17.359] [info]  DiscordSplash.onStateUpdate: {"status":"downloading-updates","current":6,"total":6}
[2025-05-16 20:35:17.359] [info]  Splash.onStateUpdate: {"status":"downloading-updates","current":6,"total":6}
[2025-05-16 20:35:17.648] [info]  Splash.updateCountdownSeconds: undefined
[2025-05-16 20:35:17.663] [info]  DiscordSplash.onStateUpdate: {"status":"downloading-updates","current":6,"total":6,"progress":1}
[2025-05-16 20:35:17.664] [info]  Splash.onStateUpdate: {"status":"downloading-updates","current":6,"total":6,"progress":1}
[2025-05-16 20:35:17.666] [info]  DiscordSplash.onStateUpdate: {"status":"downloading-updates","current":6,"total":6,"progress":4}
[2025-05-16 20:35:17.666] [info]  Splash.onStateUpdate: {"status":"downloading-updates","current":6,"total":6,"progress":4}
[2025-05-16 20:35:17.667] [info]  DiscordSplash.onStateUpdate: {"status":"downloading-updates","current":6,"total":6,"progress":6}
[2025-05-16 20:35:17.667] [info]  Splash.onStateUpdate: {"status":"downloading-updates","current":6,"total":6,"progress":6}
[2025-05-16 20:35:17.668] [info]  DiscordSplash.onStateUpdate: {"status":"downloading-updates","current":6,"total":6,"progress":7}
[2025-05-16 20:35:17.668] [info]  Splash.onStateUpdate: {"status":"downloading-updates","current":6,"total":6,"progress":7}
[2025-05-16 20:35:17.671] [info]  DiscordSplash.onStateUpdate: {"status":"downloading-updates","current":6,"total":6,"progress":14}
[2025-05-16 20:35:17.671] [info]  Splash.onStateUpdate: {"status":"downloading-updates","current":6,"total":6,"progress":14}
[2025-05-16 20:35:17.672] [info]  DiscordSplash.onStateUpdate: {"status":"downloading-updates","current":6,"total":6,"progress":15}
[2025-05-16 20:35:17.672] [info]  Splash.onStateUpdate: {"status":"downloading-updates","current":6,"total":6,"progress":15}
[2025-05-16 20:35:17.674] [info]  DiscordSplash.onStateUpdate: {"status":"downloading-updates","current":6,"total":6,"progress":19}
[2025-05-16 20:35:17.674] [info]  Splash.onStateUpdate: {"status":"downloading-updates","current":6,"total":6,"progress":19}
[2025-05-16 20:35:17.674] [info]  DiscordSplash.onStateUpdate: {"status":"downloading-updates","current":6,"total":6,"progress":20}
[2025-05-16 20:35:17.675] [info]  Splash.onStateUpdate: {"status":"downloading-updates","current":6,"total":6,"progress":20}
[2025-05-16 20:35:17.679] [info]  DiscordSplash.onStateUpdate: {"status":"downloading-updates","current":6,"total":6,"progress":21}
[2025-05-16 20:35:17.679] [info]  Splash.onStateUpdate: {"status":"downloading-updates","current":6,"total":6,"progress":21}
[2025-05-16 20:35:17.679] [info]  DiscordSplash.onStateUpdate: {"status":"downloading-updates","current":6,"total":6,"progress":22}
[2025-05-16 20:35:17.679] [info]  Splash.onStateUpdate: {"status":"downloading-updates","current":6,"total":6,"progress":22}
[2025-05-16 20:35:17.682] [info]  DiscordSplash.onStateUpdate: {"status":"downloading-updates","current":6,"total":6,"progress":23}
[2025-05-16 20:35:17.683] [info]  Splash.onStateUpdate: {"status":"downloading-updates","current":6,"total":6,"progress":23}
[2025-05-16 20:35:17.685] [info]  DiscordSplash.onStateUpdate: {"status":"downloading-updates","current":6,"total":6,"progress":24}
[2025-05-16 20:35:17.685] [info]  Splash.onStateUpdate: {"status":"downloading-updates","current":6,"total":6,"progress":24}
[2025-05-16 20:35:17.685] [info]  DiscordSplash.onStateUpdate: {"status":"downloading-updates","current":6,"total":6,"progress":26}
[2025-05-16 20:35:17.685] [info]  Splash.onStateUpdate: {"status":"downloading-updates","current":6,"total":6,"progress":26}
[2025-05-16 20:35:17.687] [info]  DiscordSplash.onStateUpdate: {"status":"downloading-updates","current":6,"total":6,"progress":27}
[2025-05-16 20:35:17.687] [info]  Splash.onStateUpdate: {"status":"downloading-updates","current":6,"total":6,"progress":27}
[2025-05-16 20:35:17.687] [info]  DiscordSplash.onStateUpdate: {"status":"downloading-updates","current":6,"total":6,"progress":28}
[2025-05-16 20:35:17.687] [info]  Splash.onStateUpdate: {"status":"downloading-updates","current":6,"total":6,"progress":28}
[2025-05-16 20:35:17.689] [info]  DiscordSplash.onStateUpdate: {"status":"downloading-updates","current":6,"total":6,"progress":29}
[2025-05-16 20:35:17.689] [info]  Splash.onStateUpdate: {"status":"downloading-updates","current":6,"total":6,"progress":29}
[2025-05-16 20:35:17.699] [info]  DiscordSplash.onStateUpdate: {"status":"downloading-updates","current":6,"total":6,"progress":30}
[2025-05-16 20:35:17.699] [info]  Splash.onStateUpdate: {"status":"downloading-updates","current":6,"total":6,"progress":30}
[2025-05-16 20:35:17.699] [info]  DiscordSplash.onStateUpdate: {"status":"downloading-updates","current":6,"total":6,"progress":32}
[2025-05-16 20:35:17.699] [info]  Splash.onStateUpdate: {"status":"downloading-updates","current":6,"total":6,"progress":32}
[2025-05-16 20:35:17.701] [info]  DiscordSplash.onStateUpdate: {"status":"downloading-updates","current":6,"total":6,"progress":34}
[2025-05-16 20:35:17.701] [info]  Splash.onStateUpdate: {"status":"downloading-updates","current":6,"total":6,"progress":34}
[2025-05-16 20:35:17.704] [info]  DiscordSplash.onStateUpdate: {"status":"downloading-updates","current":6,"total":6,"progress":35}
[2025-05-16 20:35:17.704] [info]  Splash.onStateUpdate: {"status":"downloading-updates","current":6,"total":6,"progress":35}
[2025-05-16 20:35:17.707] [info]  DiscordSplash.onStateUpdate: {"status":"downloading-updates","current":6,"total":6,"progress":36}
[2025-05-16 20:35:17.707] [info]  Splash.onStateUpdate: {"status":"downloading-updates","current":6,"total":6,"progress":36}
[2025-05-16 20:35:17.707] [info]  DiscordSplash.onStateUpdate: {"status":"downloading-updates","current":6,"total":6,"progress":37}
[2025-05-16 20:35:17.707] [info]  Splash.onStateUpdate: {"status":"downloading-updates","current":6,"total":6,"progress":37}
[2025-05-16 20:35:17.708] [info]  DiscordSplash.onStateUpdate: {"status":"downloading-updates","current":6,"total":6,"progress":40}
[2025-05-16 20:35:17.708] [info]  Splash.onStateUpdate: {"status":"downloading-updates","current":6,"total":6,"progress":40}
[2025-05-16 20:35:17.712] [info]  DiscordSplash.onStateUpdate: {"status":"downloading-updates","current":6,"total":6,"progress":41}
[2025-05-16 20:35:17.712] [info]  Splash.onStateUpdate: {"status":"downloading-updates","current":6,"total":6,"progress":41}
[2025-05-16 20:35:17.713] [info]  DiscordSplash.onStateUpdate: {"status":"downloading-updates","current":6,"total":6,"progress":42}
[2025-05-16 20:35:17.713] [info]  Splash.onStateUpdate: {"status":"downloading-updates","current":6,"total":6,"progress":42}
[2025-05-16 20:35:17.713] [info]  DiscordSplash.onStateUpdate: {"status":"downloading-updates","current":6,"total":6,"progress":43}
[2025-05-16 20:35:17.713] [info]  Splash.onStateUpdate: {"status":"downloading-updates","current":6,"total":6,"progress":43}
[2025-05-16 20:35:17.716] [info]  DiscordSplash.onStateUpdate: {"status":"downloading-updates","current":6,"total":6,"progress":44}
[2025-05-16 20:35:17.716] [info]  Splash.onStateUpdate: {"status":"downloading-updates","current":6,"total":6,"progress":44}
[2025-05-16 20:35:17.716] [info]  DiscordSplash.onStateUpdate: {"status":"downloading-updates","current":6,"total":6,"progress":45}
[2025-05-16 20:35:17.716] [info]  Splash.onStateUpdate: {"status":"downloading-updates","current":6,"total":6,"progress":45}
[2025-05-16 20:35:17.719] [info]  DiscordSplash.onStateUpdate: {"status":"downloading-updates","current":6,"total":6,"progress":46}
[2025-05-16 20:35:17.719] [info]  Splash.onStateUpdate: {"status":"downloading-updates","current":6,"total":6,"progress":46}
[2025-05-16 20:35:17.728] [info]  DiscordSplash.onStateUpdate: {"status":"downloading-updates","current":6,"total":6,"progress":48}
[2025-05-16 20:35:17.729] [info]  Splash.onStateUpdate: {"status":"downloading-updates","current":6,"total":6,"progress":48}
[2025-05-16 20:35:17.729] [info]  DiscordSplash.onStateUpdate: {"status":"downloading-updates","current":6,"total":6,"progress":51}
[2025-05-16 20:35:17.729] [info]  Splash.onStateUpdate: {"status":"downloading-updates","current":6,"total":6,"progress":51}
[2025-05-16 20:35:17.729] [info]  DiscordSplash.onStateUpdate: {"status":"downloading-updates","current":6,"total":6,"progress":52}
[2025-05-16 20:35:17.729] [info]  Splash.onStateUpdate: {"status":"downloading-updates","current":6,"total":6,"progress":52}
[2025-05-16 20:35:17.734] [info]  DiscordSplash.onStateUpdate: {"status":"downloading-updates","current":6,"total":6,"progress":53}
[2025-05-16 20:35:17.734] [info]  Splash.onStateUpdate: {"status":"downloading-updates","current":6,"total":6,"progress":53}
[2025-05-16 20:35:17.734] [info]  DiscordSplash.onStateUpdate: {"status":"downloading-updates","current":6,"total":6,"progress":54}
[2025-05-16 20:35:17.734] [info]  Splash.onStateUpdate: {"status":"downloading-updates","current":6,"total":6,"progress":54}
[2025-05-16 20:35:17.738] [info]  DiscordSplash.onStateUpdate: {"status":"downloading-updates","current":6,"total":6,"progress":55}
[2025-05-16 20:35:17.739] [info]  Splash.onStateUpdate: {"status":"downloading-updates","current":6,"total":6,"progress":55}
[2025-05-16 20:35:17.739] [info]  DiscordSplash.onStateUpdate: {"status":"downloading-updates","current":6,"total":6,"progress":56}
[2025-05-16 20:35:17.739] [info]  Splash.onStateUpdate: {"status":"downloading-updates","current":6,"total":6,"progress":56}
[2025-05-16 20:35:17.741] [info]  DiscordSplash.onStateUpdate: {"status":"downloading-updates","current":6,"total":6,"progress":57}
[2025-05-16 20:35:17.741] [info]  Splash.onStateUpdate: {"status":"downloading-updates","current":6,"total":6,"progress":57}
[2025-05-16 20:35:17.741] [info]  DiscordSplash.onStateUpdate: {"status":"downloading-updates","current":6,"total":6,"progress":58}
[2025-05-16 20:35:17.742] [info]  Splash.onStateUpdate: {"status":"downloading-updates","current":6,"total":6,"progress":58}
[2025-05-16 20:35:17.742] [info]  DiscordSplash.onStateUpdate: {"status":"downloading-updates","current":6,"total":6,"progress":59}
[2025-05-16 20:35:17.742] [info]  Splash.onStateUpdate: {"status":"downloading-updates","current":6,"total":6,"progress":59}
[2025-05-16 20:35:17.745] [info]  DiscordSplash.onStateUpdate: {"status":"downloading-updates","current":6,"total":6,"progress":60}
[2025-05-16 20:35:17.745] [info]  Splash.onStateUpdate: {"status":"downloading-updates","current":6,"total":6,"progress":60}
[2025-05-16 20:35:17.746] [info]  DiscordSplash.onStateUpdate: {"status":"downloading-updates","current":6,"total":6,"progress":61}
[2025-05-16 20:35:17.746] [info]  Splash.onStateUpdate: {"status":"downloading-updates","current":6,"total":6,"progress":61}
[2025-05-16 20:35:17.746] [info]  DiscordSplash.onStateUpdate: {"status":"downloading-updates","current":6,"total":6,"progress":64}
[2025-05-16 20:35:17.746] [info]  Splash.onStateUpdate: {"status":"downloading-updates","current":6,"total":6,"progress":64}
[2025-05-16 20:35:17.747] [info]  DiscordSplash.onStateUpdate: {"status":"downloading-updates","current":6,"total":6,"progress":65}
[2025-05-16 20:35:17.747] [info]  Splash.onStateUpdate: {"status":"downloading-updates","current":6,"total":6,"progress":65}
[2025-05-16 20:35:17.750] [info]  DiscordSplash.onStateUpdate: {"status":"downloading-updates","current":6,"total":6,"progress":66}
[2025-05-16 20:35:17.750] [info]  Splash.onStateUpdate: {"status":"downloading-updates","current":6,"total":6,"progress":66}
[2025-05-16 20:35:17.752] [info]  DiscordSplash.onStateUpdate: {"status":"downloading-updates","current":6,"total":6,"progress":67}
[2025-05-16 20:35:17.752] [info]  Splash.onStateUpdate: {"status":"downloading-updates","current":6,"total":6,"progress":67}
[2025-05-16 20:35:17.757] [info]  DiscordSplash.onStateUpdate: {"status":"downloading-updates","current":6,"total":6,"progress":68}
[2025-05-16 20:35:17.757] [info]  Splash.onStateUpdate: {"status":"downloading-updates","current":6,"total":6,"progress":68}
[2025-05-16 20:35:17.757] [info]  DiscordSplash.onStateUpdate: {"status":"downloading-updates","current":6,"total":6,"progress":70}
[2025-05-16 20:35:17.757] [info]  Splash.onStateUpdate: {"status":"downloading-updates","current":6,"total":6,"progress":70}
[2025-05-16 20:35:17.761] [info]  DiscordSplash.onStateUpdate: {"status":"downloading-updates","current":6,"total":6,"progress":71}
[2025-05-16 20:35:17.761] [info]  Splash.onStateUpdate: {"status":"downloading-updates","current":6,"total":6,"progress":71}
[2025-05-16 20:35:17.762] [info]  DiscordSplash.onStateUpdate: {"status":"downloading-updates","current":6,"total":6,"progress":73}
[2025-05-16 20:35:17.763] [info]  Splash.onStateUpdate: {"status":"downloading-updates","current":6,"total":6,"progress":73}
[2025-05-16 20:35:17.770] [info]  DiscordSplash.onStateUpdate: {"status":"downloading-updates","current":6,"total":6,"progress":74}
[2025-05-16 20:35:17.770] [info]  Splash.onStateUpdate: {"status":"downloading-updates","current":6,"total":6,"progress":74}
[2025-05-16 20:35:17.770] [info]  DiscordSplash.onStateUpdate: {"status":"downloading-updates","current":6,"total":6,"progress":76}
[2025-05-16 20:35:17.771] [info]  Splash.onStateUpdate: {"status":"downloading-updates","current":6,"total":6,"progress":76}
[2025-05-16 20:35:17.771] [info]  DiscordSplash.onStateUpdate: {"status":"downloading-updates","current":6,"total":6,"progress":78}
[2025-05-16 20:35:17.771] [info]  Splash.onStateUpdate: {"status":"downloading-updates","current":6,"total":6,"progress":78}
[2025-05-16 20:35:17.773] [info]  DiscordSplash.onStateUpdate: {"status":"downloading-updates","current":6,"total":6,"progress":79}
[2025-05-16 20:35:17.773] [info]  Splash.onStateUpdate: {"status":"downloading-updates","current":6,"total":6,"progress":79}
[2025-05-16 20:35:17.773] [info]  DiscordSplash.onStateUpdate: {"status":"downloading-updates","current":6,"total":6,"progress":80}
[2025-05-16 20:35:17.773] [info]  Splash.onStateUpdate: {"status":"downloading-updates","current":6,"total":6,"progress":80}
[2025-05-16 20:35:17.935] [info]  DiscordSplash.onStateUpdate: {"status":"downloading-updates","current":6,"total":6,"progress":82}
[2025-05-16 20:35:17.936] [info]  Splash.onStateUpdate: {"status":"downloading-updates","current":6,"total":6,"progress":82}
[2025-05-16 20:35:17.995] [info]  DiscordSplash.onStateUpdate: {"status":"downloading-updates","current":6,"total":6,"progress":83}
[2025-05-16 20:35:17.995] [info]  Splash.onStateUpdate: {"status":"downloading-updates","current":6,"total":6,"progress":83}
[2025-05-16 20:35:17.995] [info]  DiscordSplash.onStateUpdate: {"status":"downloading-updates","current":6,"total":6,"progress":87}
[2025-05-16 20:35:17.995] [info]  Splash.onStateUpdate: {"status":"downloading-updates","current":6,"total":6,"progress":87}
[2025-05-16 20:35:18.000] [info]  DiscordSplash.onStateUpdate: {"status":"downloading-updates","current":6,"total":6,"progress":88}
[2025-05-16 20:35:18.000] [info]  Splash.onStateUpdate: {"status":"downloading-updates","current":6,"total":6,"progress":88}
[2025-05-16 20:35:18.000] [info]  DiscordSplash.onStateUpdate: {"status":"downloading-updates","current":6,"total":6,"progress":89}
[2025-05-16 20:35:18.000] [info]  Splash.onStateUpdate: {"status":"downloading-updates","current":6,"total":6,"progress":89}
[2025-05-16 20:35:18.004] [info]  DiscordSplash.onStateUpdate: {"status":"downloading-updates","current":6,"total":6,"progress":90}
[2025-05-16 20:35:18.004] [info]  Splash.onStateUpdate: {"status":"downloading-updates","current":6,"total":6,"progress":90}
[2025-05-16 20:35:18.005] [info]  DiscordSplash.onStateUpdate: {"status":"downloading-updates","current":6,"total":6,"progress":92}
[2025-05-16 20:35:18.005] [info]  Splash.onStateUpdate: {"status":"downloading-updates","current":6,"total":6,"progress":92}
[2025-05-16 20:35:18.005] [info]  DiscordSplash.onStateUpdate: {"status":"downloading-updates","current":6,"total":6,"progress":94}
[2025-05-16 20:35:18.005] [info]  Splash.onStateUpdate: {"status":"downloading-updates","current":6,"total":6,"progress":94}
[2025-05-16 20:35:18.010] [info]  DiscordSplash.onStateUpdate: {"status":"downloading-updates","current":6,"total":6,"progress":95}
[2025-05-16 20:35:18.010] [info]  Splash.onStateUpdate: {"status":"downloading-updates","current":6,"total":6,"progress":95}
[2025-05-16 20:35:18.011] [info]  DiscordSplash.onStateUpdate: {"status":"downloading-updates","current":6,"total":6,"progress":98}
[2025-05-16 20:35:18.011] [info]  Splash.onStateUpdate: {"status":"downloading-updates","current":6,"total":6,"progress":98}
[2025-05-16 20:35:18.012] [info]  DiscordSplash.onStateUpdate: {"status":"downloading-updates","current":6,"total":6,"progress":99}
[2025-05-16 20:35:18.013] [info]  Splash.onStateUpdate: {"status":"downloading-updates","current":6,"total":6,"progress":99}
[2025-05-16 20:35:18.013] [info]  DiscordSplash.onStateUpdate: {"status":"downloading-updates","current":6,"total":6,"progress":100}
[2025-05-16 20:35:18.013] [info]  Splash.onStateUpdate: {"status":"downloading-updates","current":6,"total":6,"progress":100}
[2025-05-16 20:35:18.014] [info]  DiscordSplash.onStateUpdate: {"status":"installing-updates","current":1,"total":6}
[2025-05-16 20:35:18.015] [info]  Splash.onStateUpdate: {"status":"installing-updates","current":1,"total":6}
[2025-05-16 20:35:18.018] [info]  DiscordSplash.onStateUpdate: {"status":"installing-updates","current":1,"total":6,"progress":33}
[2025-05-16 20:35:18.018] [info]  Splash.onStateUpdate: {"status":"installing-updates","current":1,"total":6,"progress":33}
[2025-05-16 20:35:18.022] [info]  DiscordSplash.onStateUpdate: {"status":"installing-updates","current":1,"total":6,"progress":66}
[2025-05-16 20:35:18.022] [info]  Splash.onStateUpdate: {"status":"installing-updates","current":1,"total":6,"progress":66}
[2025-05-16 20:35:18.023] [info]  DiscordSplash.onStateUpdate: {"status":"installing-updates","current":1,"total":6,"progress":100}
[2025-05-16 20:35:18.023] [info]  Splash.onStateUpdate: {"status":"installing-updates","current":1,"total":6,"progress":100}
[2025-05-16 20:35:18.062] [info]  DiscordSplash.onStateUpdate: {"status":"installing-updates","current":2,"total":6}
[2025-05-16 20:35:18.062] [info]  Splash.onStateUpdate: {"status":"installing-updates","current":2,"total":6}
[2025-05-16 20:35:18.063] [info]  DiscordSplash.onStateUpdate: {"status":"installing-updates","current":2,"total":6,"progress":25}
[2025-05-16 20:35:18.063] [info]  Splash.onStateUpdate: {"status":"installing-updates","current":2,"total":6,"progress":25}
[2025-05-16 20:35:18.093] [info]  DiscordSplash.onStateUpdate: {"status":"installing-updates","current":2,"total":6,"progress":50}
[2025-05-16 20:35:18.093] [info]  Splash.onStateUpdate: {"status":"installing-updates","current":2,"total":6,"progress":50}
[2025-05-16 20:35:18.095] [info]  DiscordSplash.onStateUpdate: {"status":"installing-updates","current":2,"total":6,"progress":75}
[2025-05-16 20:35:18.095] [info]  Splash.onStateUpdate: {"status":"installing-updates","current":2,"total":6,"progress":75}
[2025-05-16 20:35:18.096] [info]  DiscordSplash.onStateUpdate: {"status":"installing-updates","current":2,"total":6,"progress":100}
[2025-05-16 20:35:18.096] [info]  Splash.onStateUpdate: {"status":"installing-updates","current":2,"total":6,"progress":100}
[2025-05-16 20:35:18.097] [info]  DiscordSplash.onStateUpdate: {"status":"installing-updates","current":3,"total":6}
[2025-05-16 20:35:18.097] [info]  Splash.onStateUpdate: {"status":"installing-updates","current":3,"total":6}
[2025-05-16 20:35:18.100] [info]  DiscordSplash.onStateUpdate: {"status":"installing-updates","current":3,"total":6,"progress":0}
[2025-05-16 20:35:18.100] [info]  Splash.onStateUpdate: {"status":"installing-updates","current":3,"total":6,"progress":0}
[2025-05-16 20:35:18.101] [info]  DiscordSplash.onStateUpdate: {"status":"installing-updates","current":3,"total":6,"progress":0}
[2025-05-16 20:35:18.101] [info]  Splash.onStateUpdate: {"status":"installing-updates","current":3,"total":6,"progress":0}
[2025-05-16 20:35:18.101] [info]  DiscordSplash.onStateUpdate: {"status":"installing-updates","current":3,"total":6,"progress":0}
[2025-05-16 20:35:18.101] [info]  Splash.onStateUpdate: {"status":"installing-updates","current":3,"total":6,"progress":0}
[2025-05-16 20:35:18.103] [info]  DiscordSplash.onStateUpdate: {"status":"installing-updates","current":3,"total":6,"progress":0}
[2025-05-16 20:35:18.103] [info]  Splash.onStateUpdate: {"status":"installing-updates","current":3,"total":6,"progress":0}
[2025-05-16 20:35:18.103] [info]  DiscordSplash.onStateUpdate: {"status":"installing-updates","current":3,"total":6,"progress":0}
[2025-05-16 20:35:18.103] [info]  Splash.onStateUpdate: {"status":"installing-updates","current":3,"total":6,"progress":0}
[2025-05-16 20:35:18.103] [info]  DiscordSplash.onStateUpdate: {"status":"installing-updates","current":3,"total":6,"progress":0}
[2025-05-16 20:35:18.103] [info]  Splash.onStateUpdate: {"status":"installing-updates","current":3,"total":6,"progress":0}
[2025-05-16 20:35:18.104] [info]  DiscordSplash.onStateUpdate: {"status":"installing-updates","current":3,"total":6,"progress":1}
[2025-05-16 20:35:18.104] [info]  Splash.onStateUpdate: {"status":"installing-updates","current":3,"total":6,"progress":1}
[2025-05-16 20:35:18.104] [info]  DiscordSplash.onStateUpdate: {"status":"installing-updates","current":3,"total":6,"progress":1}
[2025-05-16 20:35:18.104] [info]  Splash.onStateUpdate: {"status":"installing-updates","current":3,"total":6,"progress":1}
[2025-05-16 20:35:18.105] [info]  DiscordSplash.onStateUpdate: {"status":"installing-updates","current":3,"total":6,"progress":1}
[2025-05-16 20:35:18.105] [info]  Splash.onStateUpdate: {"status":"installing-updates","current":3,"total":6,"progress":1}
[2025-05-16 20:35:18.105] [info]  DiscordSplash.onStateUpdate: {"status":"installing-updates","current":3,"total":6,"progress":1}
[2025-05-16 20:35:18.106] [info]  Splash.onStateUpdate: {"status":"installing-updates","current":3,"total":6,"progress":1}
[2025-05-16 20:35:18.106] [info]  DiscordSplash.onStateUpdate: {"status":"installing-updates","current":3,"total":6,"progress":1}
[2025-05-16 20:35:18.106] [info]  Splash.onStateUpdate: {"status":"installing-updates","current":3,"total":6,"progress":1}
[2025-05-16 20:35:18.107] [info]  DiscordSplash.onStateUpdate: {"status":"installing-updates","current":3,"total":6,"progress":1}
[2025-05-16 20:35:18.107] [info]  Splash.onStateUpdate: {"status":"installing-updates","current":3,"total":6,"progress":1}
[2025-05-16 20:35:18.107] [info]  DiscordSplash.onStateUpdate: {"status":"installing-updates","current":3,"total":6,"progress":2}
[2025-05-16 20:35:18.107] [info]  Splash.onStateUpdate: {"status":"installing-updates","current":3,"total":6,"progress":2}
[2025-05-16 20:35:18.108] [info]  DiscordSplash.onStateUpdate: {"status":"installing-updates","current":3,"total":6,"progress":2}
[2025-05-16 20:35:18.108] [info]  Splash.onStateUpdate: {"status":"installing-updates","current":3,"total":6,"progress":2}
[2025-05-16 20:35:18.108] [info]  DiscordSplash.onStateUpdate: {"status":"installing-updates","current":3,"total":6,"progress":2}
[2025-05-16 20:35:18.109] [info]  Splash.onStateUpdate: {"status":"installing-updates","current":3,"total":6,"progress":2}
[2025-05-16 20:35:18.109] [info]  DiscordSplash.onStateUpdate: {"status":"installing-updates","current":3,"total":6,"progress":2}
[2025-05-16 20:35:18.109] [info]  Splash.onStateUpdate: {"status":"installing-updates","current":3,"total":6,"progress":2}
[2025-05-16 20:35:18.110] [info]  DiscordSplash.onStateUpdate: {"status":"installing-updates","current":3,"total":6,"progress":2}
[2025-05-16 20:35:18.110] [info]  Splash.onStateUpdate: {"status":"installing-updates","current":3,"total":6,"progress":2}
[2025-05-16 20:35:18.111] [info]  DiscordSplash.onStateUpdate: {"status":"installing-updates","current":3,"total":6,"progress":2}
[2025-05-16 20:35:18.111] [info]  Splash.onStateUpdate: {"status":"installing-updates","current":3,"total":6,"progress":2}
[2025-05-16 20:35:18.112] [info]  DiscordSplash.onStateUpdate: {"status":"installing-updates","current":3,"total":6,"progress":3}
[2025-05-16 20:35:18.112] [info]  Splash.onStateUpdate: {"status":"installing-updates","current":3,"total":6,"progress":3}
[2025-05-16 20:35:18.112] [info]  DiscordSplash.onStateUpdate: {"status":"installing-updates","current":3,"total":6,"progress":3}
[2025-05-16 20:35:18.112] [info]  Splash.onStateUpdate: {"status":"installing-updates","current":3,"total":6,"progress":3}
[2025-05-16 20:35:18.113] [info]  DiscordSplash.onStateUpdate: {"status":"installing-updates","current":3,"total":6,"progress":3}
[2025-05-16 20:35:18.113] [info]  Splash.onStateUpdate: {"status":"installing-updates","current":3,"total":6,"progress":3}
[2025-05-16 20:35:18.113] [info]  DiscordSplash.onStateUpdate: {"status":"installing-updates","current":3,"total":6,"progress":3}
[2025-05-16 20:35:18.114] [info]  Splash.onStateUpdate: {"status":"installing-updates","current":3,"total":6,"progress":3}
[2025-05-16 20:35:18.114] [info]  DiscordSplash.onStateUpdate: {"status":"installing-updates","current":3,"total":6,"progress":3}
[2025-05-16 20:35:18.114] [info]  Splash.onStateUpdate: {"status":"installing-updates","current":3,"total":6,"progress":3}
[2025-05-16 20:35:18.115] [info]  DiscordSplash.onStateUpdate: {"status":"installing-updates","current":3,"total":6,"progress":3}
[2025-05-16 20:35:18.115] [info]  Splash.onStateUpdate: {"status":"installing-updates","current":3,"total":6,"progress":3}
[2025-05-16 20:35:18.116] [info]  DiscordSplash.onStateUpdate: {"status":"installing-updates","current":3,"total":6,"progress":4}
[2025-05-16 20:35:18.116] [info]  Splash.onStateUpdate: {"status":"installing-updates","current":3,"total":6,"progress":4}
[2025-05-16 20:35:18.116] [info]  DiscordSplash.onStateUpdate: {"status":"installing-updates","current":3,"total":6,"progress":4}
[2025-05-16 20:35:18.116] [info]  Splash.onStateUpdate: {"status":"installing-updates","current":3,"total":6,"progress":4}
[2025-05-16 20:35:18.117] [info]  DiscordSplash.onStateUpdate: {"status":"installing-updates","current":3,"total":6,"progress":4}
[2025-05-16 20:35:18.117] [info]  Splash.onStateUpdate: {"status":"installing-updates","current":3,"total":6,"progress":4}
[2025-05-16 20:35:18.117] [info]  DiscordSplash.onStateUpdate: {"status":"installing-updates","current":3,"total":6,"progress":4}
[2025-05-16 20:35:18.118] [info]  Splash.onStateUpdate: {"status":"installing-updates","current":3,"total":6,"progress":4}
[2025-05-16 20:35:18.118] [info]  DiscordSplash.onStateUpdate: {"status":"installing-updates","current":3,"total":6,"progress":4}
[2025-05-16 20:35:18.118] [info]  Splash.onStateUpdate: {"status":"installing-updates","current":3,"total":6,"progress":4}
[2025-05-16 20:35:18.119] [info]  DiscordSplash.onStateUpdate: {"status":"installing-updates","current":3,"total":6,"progress":4}
[2025-05-16 20:35:18.119] [info]  Splash.onStateUpdate: {"status":"installing-updates","current":3,"total":6,"progress":4}
[2025-05-16 20:35:18.119] [info]  DiscordSplash.onStateUpdate: {"status":"installing-updates","current":3,"total":6,"progress":5}
[2025-05-16 20:35:18.120] [info]  Splash.onStateUpdate: {"status":"installing-updates","current":3,"total":6,"progress":5}
[2025-05-16 20:35:18.120] [info]  DiscordSplash.onStateUpdate: {"status":"installing-updates","current":3,"total":6,"progress":5}
[2025-05-16 20:35:18.120] [info]  Splash.onStateUpdate: {"status":"installing-updates","current":3,"total":6,"progress":5}
[2025-05-16 20:35:18.121] [info]  DiscordSplash.onStateUpdate: {"status":"installing-updates","current":3,"total":6,"progress":5}
[2025-05-16 20:35:18.121] [info]  Splash.onStateUpdate: {"status":"installing-updates","current":3,"total":6,"progress":5}
[2025-05-16 20:35:18.121] [info]  DiscordSplash.onStateUpdate: {"status":"installing-updates","current":3,"total":6,"progress":5}
[2025-05-16 20:35:18.122] [info]  Splash.onStateUpdate: {"status":"installing-updates","current":3,"total":6,"progress":5}
[2025-05-16 20:35:18.122] [info]  DiscordSplash.onStateUpdate: {"status":"installing-updates","current":3,"total":6,"progress":5}
[2025-05-16 20:35:18.122] [info]  Splash.onStateUpdate: {"status":"installing-updates","current":3,"total":6,"progress":5}
[2025-05-16 20:35:18.123] [info]  DiscordSplash.onStateUpdate: {"status":"installing-updates","current":3,"total":6,"progress":5}
[2025-05-16 20:35:18.123] [info]  Splash.onStateUpdate: {"status":"installing-updates","current":3,"total":6,"progress":5}
[2025-05-16 20:35:18.123] [info]  DiscordSplash.onStateUpdate: {"status":"installing-updates","current":3,"total":6,"progress":5}
[2025-05-16 20:35:18.123] [info]  Splash.onStateUpdate: {"status":"installing-updates","current":3,"total":6,"progress":5}
[2025-05-16 20:35:18.124] [info]  DiscordSplash.onStateUpdate: {"status":"installing-updates","current":3,"total":6,"progress":6}
[2025-05-16 20:35:18.124] [info]  Splash.onStateUpdate: {"status":"installing-updates","current":3,"total":6,"progress":6}
[2025-05-16 20:35:18.125] [info]  DiscordSplash.onStateUpdate: {"status":"installing-updates","current":3,"total":6,"progress":6}
[2025-05-16 20:35:18.125] [info]  Splash.onStateUpdate: {"status":"installing-updates","current":3,"total":6,"progress":6}
[2025-05-16 20:35:18.125] [info]  DiscordSplash.onStateUpdate: {"status":"installing-updates","current":3,"total":6,"progress":6}
[2025-05-16 20:35:18.125] [info]  Splash.onStateUpdate: {"status":"installing-updates","current":3,"total":6,"progress":6}
[2025-05-16 20:35:18.126] [info]  DiscordSplash.onStateUpdate: {"status":"installing-updates","current":3,"total":6,"progress":6}
[2025-05-16 20:35:18.126] [info]  Splash.onStateUpdate: {"status":"installing-updates","current":3,"total":6,"progress":6}
[2025-05-16 20:35:18.127] [info]  DiscordSplash.onStateUpdate: {"status":"installing-updates","current":3,"total":6,"progress":6}
[2025-05-16 20:35:18.127] [info]  Splash.onStateUpdate: {"status":"installing-updates","current":3,"total":6,"progress":6}
[2025-05-16 20:35:18.128] [info]  DiscordSplash.onStateUpdate: {"status":"installing-updates","current":3,"total":6,"progress":6}
[2025-05-16 20:35:18.128] [info]  Splash.onStateUpdate: {"status":"installing-updates","current":3,"total":6,"progress":6}
[2025-05-16 20:35:18.129] [info]  DiscordSplash.onStateUpdate: {"status":"installing-updates","current":3,"total":6,"progress":7}
[2025-05-16 20:35:18.129] [info]  Splash.onStateUpdate: {"status":"installing-updates","current":3,"total":6,"progress":7}
[2025-05-16 20:35:18.129] [info]  DiscordSplash.onStateUpdate: {"status":"installing-updates","current":3,"total":6,"progress":7}
[2025-05-16 20:35:18.130] [info]  Splash.onStateUpdate: {"status":"installing-updates","current":3,"total":6,"progress":7}
[2025-05-16 20:35:18.130] [info]  DiscordSplash.onStateUpdate: {"status":"installing-updates","current":3,"total":6,"progress":7}
[2025-05-16 20:35:18.130] [info]  Splash.onStateUpdate: {"status":"installing-updates","current":3,"total":6,"progress":7}
[2025-05-16 20:35:18.131] [info]  DiscordSplash.onStateUpdate: {"status":"installing-updates","current":3,"total":6,"progress":7}
[2025-05-16 20:35:18.131] [info]  Splash.onStateUpdate: {"status":"installing-updates","current":3,"total":6,"progress":7}
[2025-05-16 20:35:18.131] [info]  DiscordSplash.onStateUpdate: {"status":"installing-updates","current":3,"total":6,"progress":7}
[2025-05-16 20:35:18.131] [info]  Splash.onStateUpdate: {"status":"installing-updates","current":3,"total":6,"progress":7}
[2025-05-16 20:35:18.132] [info]  DiscordSplash.onStateUpdate: {"status":"installing-updates","current":3,"total":6,"progress":7}
[2025-05-16 20:35:18.132] [info]  Splash.onStateUpdate: {"status":"installing-updates","current":3,"total":6,"progress":7}
[2025-05-16 20:35:18.132] [info]  DiscordSplash.onStateUpdate: {"status":"installing-updates","current":3,"total":6,"progress":8}
[2025-05-16 20:35:18.132] [info]  Splash.onStateUpdate: {"status":"installing-updates","current":3,"total":6,"progress":8}
[2025-05-16 20:35:18.133] [info]  DiscordSplash.onStateUpdate: {"status":"installing-updates","current":3,"total":6,"progress":8}
[2025-05-16 20:35:18.133] [info]  Splash.onStateUpdate: {"status":"installing-updates","current":3,"total":6,"progress":8}
[2025-05-16 20:35:18.133] [info]  DiscordSplash.onStateUpdate: {"status":"installing-updates","current":3,"total":6,"progress":8}
[2025-05-16 20:35:18.134] [info]  Splash.onStateUpdate: {"status":"installing-updates","current":3,"total":6,"progress":8}
[2025-05-16 20:35:18.134] [info]  DiscordSplash.onStateUpdate: {"status":"installing-updates","current":3,"total":6,"progress":8}
[2025-05-16 20:35:18.134] [info]  Splash.onStateUpdate: {"status":"installing-updates","current":3,"total":6,"progress":8}
[2025-05-16 20:35:18.135] [info]  DiscordSplash.onStateUpdate: {"status":"installing-updates","current":3,"total":6,"progress":8}
[2025-05-16 20:35:18.135] [info]  Splash.onStateUpdate: {"status":"installing-updates","current":3,"total":6,"progress":8}
[2025-05-16 20:35:18.135] [info]  DiscordSplash.onStateUpdate: {"status":"installing-updates","current":3,"total":6,"progress":8}
[2025-05-16 20:35:18.135] [info]  Splash.onStateUpdate: {"status":"installing-updates","current":3,"total":6,"progress":8}
[2025-05-16 20:35:18.136] [info]  DiscordSplash.onStateUpdate: {"status":"installing-updates","current":3,"total":6,"progress":9}
[2025-05-16 20:35:18.136] [info]  Splash.onStateUpdate: {"status":"installing-updates","current":3,"total":6,"progress":9}
[2025-05-16 20:35:18.137] [info]  DiscordSplash.onStateUpdate: {"status":"installing-updates","current":3,"total":6,"progress":9}
[2025-05-16 20:35:18.137] [info]  Splash.onStateUpdate: {"status":"installing-updates","current":3,"total":6,"progress":9}
[2025-05-16 20:35:18.137] [info]  DiscordSplash.onStateUpdate: {"status":"installing-updates","current":3,"total":6,"progress":9}
[2025-05-16 20:35:18.137] [info]  Splash.onStateUpdate: {"status":"installing-updates","current":3,"total":6,"progress":9}
[2025-05-16 20:35:18.138] [info]  DiscordSplash.onStateUpdate: {"status":"installing-updates","current":3,"total":6,"progress":9}
[2025-05-16 20:35:18.138] [info]  Splash.onStateUpdate: {"status":"installing-updates","current":3,"total":6,"progress":9}
[2025-05-16 20:35:18.138] [info]  DiscordSplash.onStateUpdate: {"status":"installing-updates","current":3,"total":6,"progress":9}
[2025-05-16 20:35:18.138] [info]  Splash.onStateUpdate: {"status":"installing-updates","current":3,"total":6,"progress":9}
[2025-05-16 20:35:18.139] [info]  DiscordSplash.onStateUpdate: {"status":"installing-updates","current":3,"total":6,"progress":9}
[2025-05-16 20:35:18.139] [info]  Splash.onStateUpdate: {"status":"installing-updates","current":3,"total":6,"progress":9}
[2025-05-16 20:35:18.140] [info]  DiscordSplash.onStateUpdate: {"status":"installing-updates","current":3,"total":6,"progress":10}
[2025-05-16 20:35:18.140] [info]  Splash.onStateUpdate: {"status":"installing-updates","current":3,"total":6,"progress":10}
[2025-05-16 20:35:18.140] [info]  DiscordSplash.onStateUpdate: {"status":"installing-updates","current":3,"total":6,"progress":10}
[2025-05-16 20:35:18.140] [info]  Splash.onStateUpdate: {"status":"installing-updates","current":3,"total":6,"progress":10}
[2025-05-16 20:35:18.141] [info]  DiscordSplash.onStateUpdate: {"status":"installing-updates","current":3,"total":6,"progress":10}
[2025-05-16 20:35:18.141] [info]  Splash.onStateUpdate: {"status":"installing-updates","current":3,"total":6,"progress":10}
[2025-05-16 20:35:18.141] [info]  DiscordSplash.onStateUpdate: {"status":"installing-updates","current":3,"total":6,"progress":10}
[2025-05-16 20:35:18.141] [info]  Splash.onStateUpdate: {"status":"installing-updates","current":3,"total":6,"progress":10}
[2025-05-16 20:35:18.142] [info]  DiscordSplash.onStateUpdate: {"status":"installing-updates","current":3,"total":6,"progress":10}
[2025-05-16 20:35:18.142] [info]  Splash.onStateUpdate: {"status":"installing-updates","current":3,"total":6,"progress":10}
[2025-05-16 20:35:18.143] [info]  DiscordSplash.onStateUpdate: {"status":"installing-updates","current":3,"total":6,"progress":10}
[2025-05-16 20:35:18.143] [info]  Splash.onStateUpdate: {"status":"installing-updates","current":3,"total":6,"progress":10}
[2025-05-16 20:35:18.144] [info]  DiscordSplash.onStateUpdate: {"status":"installing-updates","current":3,"total":6,"progress":11}
[2025-05-16 20:35:18.144] [info]  Splash.onStateUpdate: {"status":"installing-updates","current":3,"total":6,"progress":11}
[2025-05-16 20:35:18.144] [info]  DiscordSplash.onStateUpdate: {"status":"installing-updates","current":3,"total":6,"progress":11}
[2025-05-16 20:35:18.144] [info]  Splash.onStateUpdate: {"status":"installing-updates","current":3,"total":6,"progress":11}
[2025-05-16 20:35:18.145] [info]  DiscordSplash.onStateUpdate: {"status":"installing-updates","current":3,"total":6,"progress":11}
[2025-05-16 20:35:18.145] [info]  Splash.onStateUpdate: {"status":"installing-updates","current":3,"total":6,"progress":11}
[2025-05-16 20:35:18.145] [info]  DiscordSplash.onStateUpdate: {"status":"installing-updates","current":3,"total":6,"progress":11}
[2025-05-16 20:35:18.145] [info]  Splash.onStateUpdate: {"status":"installing-updates","current":3,"total":6,"progress":11}
[2025-05-16 20:35:18.146] [info]  DiscordSplash.onStateUpdate: {"status":"installing-updates","current":3,"total":6,"progress":11}
[2025-05-16 20:35:18.146] [info]  Splash.onStateUpdate: {"status":"installing-updates","current":3,"total":6,"progress":11}
[2025-05-16 20:35:18.146] [info]  DiscordSplash.onStateUpdate: {"status":"installing-updates","current":3,"total":6,"progress":11}
[2025-05-16 20:35:18.147] [info]  Splash.onStateUpdate: {"status":"installing-updates","current":3,"total":6,"progress":11}
[2025-05-16 20:35:18.147] [info]  DiscordSplash.onStateUpdate: {"status":"installing-updates","current":3,"total":6,"progress":11}
[2025-05-16 20:35:18.147] [info]  Splash.onStateUpdate: {"status":"installing-updates","current":3,"total":6,"progress":11}
[2025-05-16 20:35:18.148] [info]  DiscordSplash.onStateUpdate: {"status":"installing-updates","current":3,"total":6,"progress":12}
[2025-05-16 20:35:18.148] [info]  Splash.onStateUpdate: {"status":"installing-updates","current":3,"total":6,"progress":12}
[2025-05-16 20:35:18.148] [info]  DiscordSplash.onStateUpdate: {"status":"installing-updates","current":3,"total":6,"progress":12}
[2025-05-16 20:35:18.148] [info]  Splash.onStateUpdate: {"status":"installing-updates","current":3,"total":6,"progress":12}
[2025-05-16 20:35:18.149] [info]  DiscordSplash.onStateUpdate: {"status":"installing-updates","current":3,"total":6,"progress":12}
[2025-05-16 20:35:18.149] [info]  Splash.onStateUpdate: {"status":"installing-updates","current":3,"total":6,"progress":12}
[2025-05-16 20:35:18.149] [info]  DiscordSplash.onStateUpdate: {"status":"installing-updates","current":3,"total":6,"progress":12}
[2025-05-16 20:35:18.150] [info]  Splash.onStateUpdate: {"status":"installing-updates","current":3,"total":6,"progress":12}
[2025-05-16 20:35:18.150] [info]  DiscordSplash.onStateUpdate: {"status":"installing-updates","current":3,"total":6,"progress":12}
[2025-05-16 20:35:18.150] [info]  Splash.onStateUpdate: {"status":"installing-updates","current":3,"total":6,"progress":12}
[2025-05-16 20:35:18.151] [info]  DiscordSplash.onStateUpdate: {"status":"installing-updates","current":3,"total":6,"progress":12}
[2025-05-16 20:35:18.151] [info]  Splash.onStateUpdate: {"status":"installing-updates","current":3,"total":6,"progress":12}
[2025-05-16 20:35:18.151] [info]  DiscordSplash.onStateUpdate: {"status":"installing-updates","current":3,"total":6,"progress":13}
[2025-05-16 20:35:18.151] [info]  Splash.onStateUpdate: {"status":"installing-updates","current":3,"total":6,"progress":13}
[2025-05-16 20:35:18.152] [info]  DiscordSplash.onStateUpdate: {"status":"installing-updates","current":3,"total":6,"progress":13}
[2025-05-16 20:35:18.152] [info]  Splash.onStateUpdate: {"status":"installing-updates","current":3,"total":6,"progress":13}
[2025-05-16 20:35:18.153] [info]  DiscordSplash.onStateUpdate: {"status":"installing-updates","current":3,"total":6,"progress":13}
[2025-05-16 20:35:18.153] [info]  Splash.onStateUpdate: {"status":"installing-updates","current":3,"total":6,"progress":13}
[2025-05-16 20:35:18.153] [info]  DiscordSplash.onStateUpdate: {"status":"installing-updates","current":3,"total":6,"progress":13}
[2025-05-16 20:35:18.153] [info]  Splash.onStateUpdate: {"status":"installing-updates","current":3,"total":6,"progress":13}
[2025-05-16 20:35:18.154] [info]  DiscordSplash.onStateUpdate: {"status":"installing-updates","current":3,"total":6,"progress":13}
[2025-05-16 20:35:18.154] [info]  Splash.onStateUpdate: {"status":"installing-updates","current":3,"total":6,"progress":13}
[2025-05-16 20:35:18.155] [info]  DiscordSplash.onStateUpdate: {"status":"installing-updates","current":3,"total":6,"progress":13}
[2025-05-16 20:35:18.155] [info]  Splash.onStateUpdate: {"status":"installing-updates","current":3,"total":6,"progress":13}
[2025-05-16 20:35:18.155] [info]  DiscordSplash.onStateUpdate: {"status":"installing-updates","current":3,"total":6,"progress":14}
[2025-05-16 20:35:18.155] [info]  Splash.onStateUpdate: {"status":"installing-updates","current":3,"total":6,"progress":14}
[2025-05-16 20:35:18.156] [info]  DiscordSplash.onStateUpdate: {"status":"installing-updates","current":3,"total":6,"progress":14}
[2025-05-16 20:35:18.156] [info]  Splash.onStateUpdate: {"status":"installing-updates","current":3,"total":6,"progress":14}
[2025-05-16 20:35:18.157] [info]  DiscordSplash.onStateUpdate: {"status":"installing-updates","current":3,"total":6,"progress":14}
[2025-05-16 20:35:18.157] [info]  Splash.onStateUpdate: {"status":"installing-updates","current":3,"total":6,"progress":14}
[2025-05-16 20:35:18.157] [info]  DiscordSplash.onStateUpdate: {"status":"installing-updates","current":3,"total":6,"progress":14}
[2025-05-16 20:35:18.157] [info]  Splash.onStateUpdate: {"status":"installing-updates","current":3,"total":6,"progress":14}
[2025-05-16 20:35:18.158] [info]  DiscordSplash.onStateUpdate: {"status":"installing-updates","current":3,"total":6,"progress":14}
[2025-05-16 20:35:18.158] [info]  Splash.onStateUpdate: {"status":"installing-updates","current":3,"total":6,"progress":14}
[2025-05-16 20:35:18.158] [info]  DiscordSplash.onStateUpdate: {"status":"installing-updates","current":3,"total":6,"progress":14}
[2025-05-16 20:35:18.159] [info]  Splash.onStateUpdate: {"status":"installing-updates","current":3,"total":6,"progress":14}
[2025-05-16 20:35:18.159] [info]  DiscordSplash.onStateUpdate: {"status":"installing-updates","current":3,"total":6,"progress":15}
[2025-05-16 20:35:18.159] [info]  Splash.onStateUpdate: {"status":"installing-updates","current":3,"total":6,"progress":15}
[2025-05-16 20:35:18.160] [info]  DiscordSplash.onStateUpdate: {"status":"installing-updates","current":3,"total":6,"progress":15}
[2025-05-16 20:35:18.160] [info]  Splash.onStateUpdate: {"status":"installing-updates","current":3,"total":6,"progress":15}
[2025-05-16 20:35:18.160] [info]  DiscordSplash.onStateUpdate: {"status":"installing-updates","current":3,"total":6,"progress":15}
[2025-05-16 20:35:18.160] [info]  Splash.onStateUpdate: {"status":"installing-updates","current":3,"total":6,"progress":15}
[2025-05-16 20:35:18.161] [info]  DiscordSplash.onStateUpdate: {"status":"installing-updates","current":3,"total":6,"progress":15}
[2025-05-16 20:35:18.161] [info]  Splash.onStateUpdate: {"status":"installing-updates","current":3,"total":6,"progress":15}
[2025-05-16 20:35:18.162] [info]  DiscordSplash.onStateUpdate: {"status":"installing-updates","current":3,"total":6,"progress":15}
[2025-05-16 20:35:18.162] [info]  Splash.onStateUpdate: {"status":"installing-updates","current":3,"total":6,"progress":15}
[2025-05-16 20:35:18.162] [info]  DiscordSplash.onStateUpdate: {"status":"installing-updates","current":3,"total":6,"progress":15}
[2025-05-16 20:35:18.162] [info]  Splash.onStateUpdate: {"status":"installing-updates","current":3,"total":6,"progress":15}
[2025-05-16 20:35:18.163] [info]  DiscordSplash.onStateUpdate: {"status":"installing-updates","current":3,"total":6,"progress":16}
[2025-05-16 20:35:18.163] [info]  Splash.onStateUpdate: {"status":"installing-updates","current":3,"total":6,"progress":16}
[2025-05-16 20:35:18.164] [info]  DiscordSplash.onStateUpdate: {"status":"installing-updates","current":3,"total":6,"progress":16}
[2025-05-16 20:35:18.164] [info]  Splash.onStateUpdate: {"status":"installing-updates","current":3,"total":6,"progress":16}
[2025-05-16 20:35:18.164] [info]  DiscordSplash.onStateUpdate: {"status":"installing-updates","current":3,"total":6,"progress":16}
[2025-05-16 20:35:18.164] [info]  Splash.onStateUpdate: {"status":"installing-updates","current":3,"total":6,"progress":16}
[2025-05-16 20:35:18.165] [info]  DiscordSplash.onStateUpdate: {"status":"installing-updates","current":3,"total":6,"progress":16}
[2025-05-16 20:35:18.165] [info]  Splash.onStateUpdate: {"status":"installing-updates","current":3,"total":6,"progress":16}
[2025-05-16 20:35:18.165] [info]  DiscordSplash.onStateUpdate: {"status":"installing-updates","current":3,"total":6,"progress":16}
[2025-05-16 20:35:18.166] [info]  Splash.onStateUpdate: {"status":"installing-updates","current":3,"total":6,"progress":16}
[2025-05-16 20:35:18.166] [info]  DiscordSplash.onStateUpdate: {"status":"installing-updates","current":3,"total":6,"progress":16}
[2025-05-16 20:35:18.166] [info]  Splash.onStateUpdate: {"status":"installing-updates","current":3,"total":6,"progress":16}
[2025-05-16 20:35:18.167] [info]  DiscordSplash.onStateUpdate: {"status":"installing-updates","current":3,"total":6,"progress":17}
[2025-05-16 20:35:18.167] [info]  Splash.onStateUpdate: {"status":"installing-updates","current":3,"total":6,"progress":17}
[2025-05-16 20:35:18.168] [info]  DiscordSplash.onStateUpdate: {"status":"installing-updates","current":3,"total":6,"progress":17}
[2025-05-16 20:35:18.168] [info]  Splash.onStateUpdate: {"status":"installing-updates","current":3,"total":6,"progress":17}
[2025-05-16 20:35:18.168] [info]  DiscordSplash.onStateUpdate: {"status":"installing-updates","current":3,"total":6,"progress":17}
[2025-05-16 20:35:18.168] [info]  Splash.onStateUpdate: {"status":"installing-updates","current":3,"total":6,"progress":17}
[2025-05-16 20:35:18.169] [info]  DiscordSplash.onStateUpdate: {"status":"installing-updates","current":3,"total":6,"progress":17}
[2025-05-16 20:35:18.169] [info]  Splash.onStateUpdate: {"status":"installing-updates","current":3,"total":6,"progress":17}
[2025-05-16 20:35:18.170] [info]  DiscordSplash.onStateUpdate: {"status":"installing-updates","current":3,"total":6,"progress":17}
[2025-05-16 20:35:18.170] [info]  Splash.onStateUpdate: {"status":"installing-updates","current":3,"total":6,"progress":17}
[2025-05-16 20:35:18.171] [info]  DiscordSplash.onStateUpdate: {"status":"installing-updates","current":3,"total":6,"progress":17}
[2025-05-16 20:35:18.171] [info]  Splash.onStateUpdate: {"status":"installing-updates","current":3,"total":6,"progress":17}
[2025-05-16 20:35:18.171] [info]  DiscordSplash.onStateUpdate: {"status":"installing-updates","current":3,"total":6,"progress":17}
[2025-05-16 20:35:18.171] [info]  Splash.onStateUpdate: {"status":"installing-updates","current":3,"total":6,"progress":17}
[2025-05-16 20:35:18.172] [info]  DiscordSplash.onStateUpdate: {"status":"installing-updates","current":3,"total":6,"progress":18}
[2025-05-16 20:35:18.172] [info]  Splash.onStateUpdate: {"status":"installing-updates","current":3,"total":6,"progress":18}
[2025-05-16 20:35:18.173] [info]  DiscordSplash.onStateUpdate: {"status":"installing-updates","current":3,"total":6,"progress":18}
[2025-05-16 20:35:18.173] [info]  Splash.onStateUpdate: {"status":"installing-updates","current":3,"total":6,"progress":18}
[2025-05-16 20:35:18.173] [info]  DiscordSplash.onStateUpdate: {"status":"installing-updates","current":3,"total":6,"progress":18}
[2025-05-16 20:35:18.173] [info]  Splash.onStateUpdate: {"status":"installing-updates","current":3,"total":6,"progress":18}
[2025-05-16 20:35:18.174] [info]  DiscordSplash.onStateUpdate: {"status":"installing-updates","current":3,"total":6,"progress":18}
[2025-05-16 20:35:18.174] [info]  Splash.onStateUpdate: {"status":"installing-updates","current":3,"total":6,"progress":18}
[2025-05-16 20:35:18.174] [info]  DiscordSplash.onStateUpdate: {"status":"installing-updates","current":3,"total":6,"progress":18}
[2025-05-16 20:35:18.175] [info]  Splash.onStateUpdate: {"status":"installing-updates","current":3,"total":6,"progress":18}
[2025-05-16 20:35:18.175] [info]  DiscordSplash.onStateUpdate: {"status":"installing-updates","current":3,"total":6,"progress":18}
[2025-05-16 20:35:18.175] [info]  Splash.onStateUpdate: {"status":"installing-updates","current":3,"total":6,"progress":18}
[2025-05-16 20:35:18.176] [info]  DiscordSplash.onStateUpdate: {"status":"installing-updates","current":3,"total":6,"progress":19}
[2025-05-16 20:35:18.176] [info]  Splash.onStateUpdate: {"status":"installing-updates","current":3,"total":6,"progress":19}
[2025-05-16 20:35:18.176] [info]  DiscordSplash.onStateUpdate: {"status":"installing-updates","current":3,"total":6,"progress":19}
[2025-05-16 20:35:18.176] [info]  Splash.onStateUpdate: {"status":"installing-updates","current":3,"total":6,"progress":19}
[2025-05-16 20:35:18.177] [info]  DiscordSplash.onStateUpdate: {"status":"installing-updates","current":3,"total":6,"progress":19}
[2025-05-16 20:35:18.177] [info]  Splash.onStateUpdate: {"status":"installing-updates","current":3,"total":6,"progress":19}
[2025-05-16 20:35:18.177] [info]  DiscordSplash.onStateUpdate: {"status":"installing-updates","current":3,"total":6,"progress":19}
[2025-05-16 20:35:18.178] [info]  Splash.onStateUpdate: {"status":"installing-updates","current":3,"total":6,"progress":19}
[2025-05-16 20:35:18.178] [info]  DiscordSplash.onStateUpdate: {"status":"installing-updates","current":3,"total":6,"progress":19}
[2025-05-16 20:35:18.178] [info]  Splash.onStateUpdate: {"status":"installing-updates","current":3,"total":6,"progress":19}
[2025-05-16 20:35:18.179] [info]  DiscordSplash.onStateUpdate: {"status":"installing-updates","current":3,"total":6,"progress":19}
[2025-05-16 20:35:18.179] [info]  Splash.onStateUpdate: {"status":"installing-updates","current":3,"total":6,"progress":19}
[2025-05-16 20:35:18.179] [info]  DiscordSplash.onStateUpdate: {"status":"installing-updates","current":3,"total":6,"progress":20}
[2025-05-16 20:35:18.179] [info]  Splash.onStateUpdate: {"status":"installing-updates","current":3,"total":6,"progress":20}
[2025-05-16 20:35:18.180] [info]  DiscordSplash.onStateUpdate: {"status":"installing-updates","current":3,"total":6,"progress":20}
[2025-05-16 20:35:18.180] [info]  Splash.onStateUpdate: {"status":"installing-updates","current":3,"total":6,"progress":20}
[2025-05-16 20:35:18.180] [info]  DiscordSplash.onStateUpdate: {"status":"installing-updates","current":3,"total":6,"progress":20}
[2025-05-16 20:35:18.180] [info]  Splash.onStateUpdate: {"status":"installing-updates","current":3,"total":6,"progress":20}
[2025-05-16 20:35:18.181] [info]  DiscordSplash.onStateUpdate: {"status":"installing-updates","current":3,"total":6,"progress":20}
[2025-05-16 20:35:18.181] [info]  Splash.onStateUpdate: {"status":"installing-updates","current":3,"total":6,"progress":20}
[2025-05-16 20:35:18.181] [info]  DiscordSplash.onStateUpdate: {"status":"installing-updates","current":3,"total":6,"progress":20}
[2025-05-16 20:35:18.181] [info]  Splash.onStateUpdate: {"status":"installing-updates","current":3,"total":6,"progress":20}
[2025-05-16 20:35:18.182] [info]  DiscordSplash.onStateUpdate: {"status":"installing-updates","current":3,"total":6,"progress":20}
[2025-05-16 20:35:18.182] [info]  Splash.onStateUpdate: {"status":"installing-updates","current":3,"total":6,"progress":20}
[2025-05-16 20:35:18.182] [info]  DiscordSplash.onStateUpdate: {"status":"installing-updates","current":3,"total":6,"progress":21}
[2025-05-16 20:35:18.182] [info]  Splash.onStateUpdate: {"status":"installing-updates","current":3,"total":6,"progress":21}
[2025-05-16 20:35:18.183] [info]  DiscordSplash.onStateUpdate: {"status":"installing-updates","current":3,"total":6,"progress":21}
[2025-05-16 20:35:18.183] [info]  Splash.onStateUpdate: {"status":"installing-updates","current":3,"total":6,"progress":21}
[2025-05-16 20:35:18.184] [info]  DiscordSplash.onStateUpdate: {"status":"installing-updates","current":3,"total":6,"progress":21}
[2025-05-16 20:35:18.184] [info]  Splash.onStateUpdate: {"status":"installing-updates","current":3,"total":6,"progress":21}
[2025-05-16 20:35:18.184] [info]  DiscordSplash.onStateUpdate: {"status":"installing-updates","current":3,"total":6,"progress":21}
[2025-05-16 20:35:18.184] [info]  Splash.onStateUpdate: {"status":"installing-updates","current":3,"total":6,"progress":21}
[2025-05-16 20:35:18.185] [info]  DiscordSplash.onStateUpdate: {"status":"installing-updates","current":3,"total":6,"progress":21}
[2025-05-16 20:35:18.185] [info]  Splash.onStateUpdate: {"status":"installing-updates","current":3,"total":6,"progress":21}
[2025-05-16 20:35:18.185] [info]  DiscordSplash.onStateUpdate: {"status":"installing-updates","current":3,"total":6,"progress":21}
[2025-05-16 20:35:18.186] [info]  Splash.onStateUpdate: {"status":"installing-updates","current":3,"total":6,"progress":21}
[2025-05-16 20:35:18.186] [info]  DiscordSplash.onStateUpdate: {"status":"installing-updates","current":3,"total":6,"progress":22}
[2025-05-16 20:35:18.186] [info]  Splash.onStateUpdate: {"status":"installing-updates","current":3,"total":6,"progress":22}
[2025-05-16 20:35:18.186] [info]  DiscordSplash.onStateUpdate: {"status":"installing-updates","current":3,"total":6,"progress":22}
[2025-05-16 20:35:18.187] [info]  Splash.onStateUpdate: {"status":"installing-updates","current":3,"total":6,"progress":22}
[2025-05-16 20:35:18.187] [info]  DiscordSplash.onStateUpdate: {"status":"installing-updates","current":3,"total":6,"progress":22}
[2025-05-16 20:35:18.187] [info]  Splash.onStateUpdate: {"status":"installing-updates","current":3,"total":6,"progress":22}
[2025-05-16 20:35:18.188] [info]  DiscordSplash.onStateUpdate: {"status":"installing-updates","current":3,"total":6,"progress":22}
[2025-05-16 20:35:18.188] [info]  Splash.onStateUpdate: {"status":"installing-updates","current":3,"total":6,"progress":22}
[2025-05-16 20:35:18.188] [info]  DiscordSplash.onStateUpdate: {"status":"installing-updates","current":3,"total":6,"progress":22}
[2025-05-16 20:35:18.188] [info]  Splash.onStateUpdate: {"status":"installing-updates","current":3,"total":6,"progress":22}
[2025-05-16 20:35:18.189] [info]  DiscordSplash.onStateUpdate: {"status":"installing-updates","current":3,"total":6,"progress":22}
[2025-05-16 20:35:18.189] [info]  Splash.onStateUpdate: {"status":"installing-updates","current":3,"total":6,"progress":22}
[2025-05-16 20:35:18.189] [info]  DiscordSplash.onStateUpdate: {"status":"installing-updates","current":3,"total":6,"progress":23}
[2025-05-16 20:35:18.189] [info]  Splash.onStateUpdate: {"status":"installing-updates","current":3,"total":6,"progress":23}
[2025-05-16 20:35:18.190] [info]  DiscordSplash.onStateUpdate: {"status":"installing-updates","current":3,"total":6,"progress":23}
[2025-05-16 20:35:18.190] [info]  Splash.onStateUpdate: {"status":"installing-updates","current":3,"total":6,"progress":23}
[2025-05-16 20:35:18.190] [info]  DiscordSplash.onStateUpdate: {"status":"installing-updates","current":3,"total":6,"progress":23}
[2025-05-16 20:35:18.190] [info]  Splash.onStateUpdate: {"status":"installing-updates","current":3,"total":6,"progress":23}
[2025-05-16 20:35:18.191] [info]  DiscordSplash.onStateUpdate: {"status":"installing-updates","current":3,"total":6,"progress":23}
[2025-05-16 20:35:18.191] [info]  Splash.onStateUpdate: {"status":"installing-updates","current":3,"total":6,"progress":23}
[2025-05-16 20:35:18.191] [info]  DiscordSplash.onStateUpdate: {"status":"installing-updates","current":3,"total":6,"progress":23}
[2025-05-16 20:35:18.191] [info]  Splash.onStateUpdate: {"status":"installing-updates","current":3,"total":6,"progress":23}
[2025-05-16 20:35:18.192] [info]  DiscordSplash.onStateUpdate: {"status":"installing-updates","current":3,"total":6,"progress":23}
[2025-05-16 20:35:18.192] [info]  Splash.onStateUpdate: {"status":"installing-updates","current":3,"total":6,"progress":23}
[2025-05-16 20:35:18.192] [info]  DiscordSplash.onStateUpdate: {"status":"installing-updates","current":3,"total":6,"progress":23}
[2025-05-16 20:35:18.192] [info]  Splash.onStateUpdate: {"status":"installing-updates","current":3,"total":6,"progress":23}
[2025-05-16 20:35:18.193] [info]  DiscordSplash.onStateUpdate: {"status":"installing-updates","current":3,"total":6,"progress":24}
[2025-05-16 20:35:18.193] [info]  Splash.onStateUpdate: {"status":"installing-updates","current":3,"total":6,"progress":24}
[2025-05-16 20:35:18.194] [info]  DiscordSplash.onStateUpdate: {"status":"installing-updates","current":3,"total":6,"progress":24}
[2025-05-16 20:35:18.194] [info]  Splash.onStateUpdate: {"status":"installing-updates","current":3,"total":6,"progress":24}
[2025-05-16 20:35:18.194] [info]  DiscordSplash.onStateUpdate: {"status":"installing-updates","current":3,"total":6,"progress":24}
[2025-05-16 20:35:18.194] [info]  Splash.onStateUpdate: {"status":"installing-updates","current":3,"total":6,"progress":24}
[2025-05-16 20:35:18.195] [info]  DiscordSplash.onStateUpdate: {"status":"installing-updates","current":3,"total":6,"progress":24}
[2025-05-16 20:35:18.196] [info]  Splash.onStateUpdate: {"status":"installing-updates","current":3,"total":6,"progress":24}
[2025-05-16 20:35:18.196] [info]  DiscordSplash.onStateUpdate: {"status":"installing-updates","current":3,"total":6,"progress":24}
[2025-05-16 20:35:18.196] [info]  Splash.onStateUpdate: {"status":"installing-updates","current":3,"total":6,"progress":24}
[2025-05-16 20:35:18.197] [info]  DiscordSplash.onStateUpdate: {"status":"installing-updates","current":3,"total":6,"progress":24}
[2025-05-16 20:35:18.197] [info]  Splash.onStateUpdate: {"status":"installing-updates","current":3,"total":6,"progress":24}
[2025-05-16 20:35:18.197] [info]  DiscordSplash.onStateUpdate: {"status":"installing-updates","current":3,"total":6,"progress":25}
[2025-05-16 20:35:18.198] [info]  Splash.onStateUpdate: {"status":"installing-updates","current":3,"total":6,"progress":25}
[2025-05-16 20:35:18.198] [info]  DiscordSplash.onStateUpdate: {"status":"installing-updates","current":3,"total":6,"progress":25}
[2025-05-16 20:35:18.198] [info]  Splash.onStateUpdate: {"status":"installing-updates","current":3,"total":6,"progress":25}
[2025-05-16 20:35:18.199] [info]  DiscordSplash.onStateUpdate: {"status":"installing-updates","current":3,"total":6,"progress":25}
[2025-05-16 20:35:18.199] [info]  Splash.onStateUpdate: {"status":"installing-updates","current":3,"total":6,"progress":25}
[2025-05-16 20:35:18.199] [info]  DiscordSplash.onStateUpdate: {"status":"installing-updates","current":3,"total":6,"progress":25}
[2025-05-16 20:35:18.199] [info]  Splash.onStateUpdate: {"status":"installing-updates","current":3,"total":6,"progress":25}
[2025-05-16 20:35:18.200] [info]  DiscordSplash.onStateUpdate: {"status":"installing-updates","current":3,"total":6,"progress":25}
[2025-05-16 20:35:18.200] [info]  Splash.onStateUpdate: {"status":"installing-updates","current":3,"total":6,"progress":25}
[2025-05-16 20:35:18.201] [info]  DiscordSplash.onStateUpdate: {"status":"installing-updates","current":3,"total":6,"progress":25}
[2025-05-16 20:35:18.201] [info]  Splash.onStateUpdate: {"status":"installing-updates","current":3,"total":6,"progress":25}
[2025-05-16 20:35:18.201] [info]  DiscordSplash.onStateUpdate: {"status":"installing-updates","current":3,"total":6,"progress":26}
[2025-05-16 20:35:18.201] [info]  Splash.onStateUpdate: {"status":"installing-updates","current":3,"total":6,"progress":26}
[2025-05-16 20:35:18.202] [info]  DiscordSplash.onStateUpdate: {"status":"installing-updates","current":3,"total":6,"progress":26}
[2025-05-16 20:35:18.202] [info]  Splash.onStateUpdate: {"status":"installing-updates","current":3,"total":6,"progress":26}
[2025-05-16 20:35:18.203] [info]  DiscordSplash.onStateUpdate: {"status":"installing-updates","current":3,"total":6,"progress":26}
[2025-05-16 20:35:18.203] [info]  Splash.onStateUpdate: {"status":"installing-updates","current":3,"total":6,"progress":26}
[2025-05-16 20:35:18.203] [info]  DiscordSplash.onStateUpdate: {"status":"installing-updates","current":3,"total":6,"progress":26}
[2025-05-16 20:35:18.203] [info]  Splash.onStateUpdate: {"status":"installing-updates","current":3,"total":6,"progress":26}
[2025-05-16 20:35:18.204] [info]  DiscordSplash.onStateUpdate: {"status":"installing-updates","current":3,"total":6,"progress":26}
[2025-05-16 20:35:18.204] [info]  Splash.onStateUpdate: {"status":"installing-updates","current":3,"total":6,"progress":26}
[2025-05-16 20:35:18.205] [info]  DiscordSplash.onStateUpdate: {"status":"installing-updates","current":3,"total":6,"progress":26}
[2025-05-16 20:35:18.205] [info]  Splash.onStateUpdate: {"status":"installing-updates","current":3,"total":6,"progress":26}
[2025-05-16 20:35:18.205] [info]  DiscordSplash.onStateUpdate: {"status":"installing-updates","current":3,"total":6,"progress":27}
[2025-05-16 20:35:18.205] [info]  Splash.onStateUpdate: {"status":"installing-updates","current":3,"total":6,"progress":27}
[2025-05-16 20:35:18.206] [info]  DiscordSplash.onStateUpdate: {"status":"installing-updates","current":3,"total":6,"progress":27}
[2025-05-16 20:35:18.206] [info]  Splash.onStateUpdate: {"status":"installing-updates","current":3,"total":6,"progress":27}
[2025-05-16 20:35:18.206] [info]  DiscordSplash.onStateUpdate: {"status":"installing-updates","current":3,"total":6,"progress":27}
[2025-05-16 20:35:18.206] [info]  Splash.onStateUpdate: {"status":"installing-updates","current":3,"total":6,"progress":27}
[2025-05-16 20:35:18.207] [info]  DiscordSplash.onStateUpdate: {"status":"installing-updates","current":3,"total":6,"progress":27}
[2025-05-16 20:35:18.207] [info]  Splash.onStateUpdate: {"status":"installing-updates","current":3,"total":6,"progress":27}
[2025-05-16 20:35:18.207] [info]  DiscordSplash.onStateUpdate: {"status":"installing-updates","current":3,"total":6,"progress":27}
[2025-05-16 20:35:18.207] [info]  Splash.onStateUpdate: {"status":"installing-updates","current":3,"total":6,"progress":27}
[2025-05-16 20:35:18.208] [info]  DiscordSplash.onStateUpdate: {"status":"installing-updates","current":3,"total":6,"progress":27}
[2025-05-16 20:35:18.208] [info]  Splash.onStateUpdate: {"status":"installing-updates","current":3,"total":6,"progress":27}
[2025-05-16 20:35:18.209] [info]  DiscordSplash.onStateUpdate: {"status":"installing-updates","current":3,"total":6,"progress":28}
[2025-05-16 20:35:18.209] [info]  Splash.onStateUpdate: {"status":"installing-updates","current":3,"total":6,"progress":28}
[2025-05-16 20:35:18.209] [info]  DiscordSplash.onStateUpdate: {"status":"installing-updates","current":3,"total":6,"progress":28}
[2025-05-16 20:35:18.209] [info]  Splash.onStateUpdate: {"status":"installing-updates","current":3,"total":6,"progress":28}
[2025-05-16 20:35:18.210] [info]  DiscordSplash.onStateUpdate: {"status":"installing-updates","current":3,"total":6,"progress":28}
[2025-05-16 20:35:18.210] [info]  Splash.onStateUpdate: {"status":"installing-updates","current":3,"total":6,"progress":28}
[2025-05-16 20:35:18.210] [info]  DiscordSplash.onStateUpdate: {"status":"installing-updates","current":3,"total":6,"progress":28}
[2025-05-16 20:35:18.211] [info]  Splash.onStateUpdate: {"status":"installing-updates","current":3,"total":6,"progress":28}
[2025-05-16 20:35:18.211] [info]  DiscordSplash.onStateUpdate: {"status":"installing-updates","current":3,"total":6,"progress":28}
[2025-05-16 20:35:18.211] [info]  Splash.onStateUpdate: {"status":"installing-updates","current":3,"total":6,"progress":28}
[2025-05-16 20:35:18.212] [info]  DiscordSplash.onStateUpdate: {"status":"installing-updates","current":3,"total":6,"progress":28}
[2025-05-16 20:35:18.212] [info]  Splash.onStateUpdate: {"status":"installing-updates","current":3,"total":6,"progress":28}
[2025-05-16 20:35:18.212] [info]  DiscordSplash.onStateUpdate: {"status":"installing-updates","current":3,"total":6,"progress":29}
[2025-05-16 20:35:18.212] [info]  Splash.onStateUpdate: {"status":"installing-updates","current":3,"total":6,"progress":29}
[2025-05-16 20:35:18.213] [info]  DiscordSplash.onStateUpdate: {"status":"installing-updates","current":3,"total":6,"progress":29}
[2025-05-16 20:35:18.213] [info]  Splash.onStateUpdate: {"status":"installing-updates","current":3,"total":6,"progress":29}
[2025-05-16 20:35:18.213] [info]  DiscordSplash.onStateUpdate: {"status":"installing-updates","current":3,"total":6,"progress":29}
[2025-05-16 20:35:18.213] [info]  Splash.onStateUpdate: {"status":"installing-updates","current":3,"total":6,"progress":29}
[2025-05-16 20:35:18.214] [info]  DiscordSplash.onStateUpdate: {"status":"installing-updates","current":3,"total":6,"progress":29}
[2025-05-16 20:35:18.214] [info]  Splash.onStateUpdate: {"status":"installing-updates","current":3,"total":6,"progress":29}
[2025-05-16 20:35:18.215] [info]  DiscordSplash.onStateUpdate: {"status":"installing-updates","current":3,"total":6,"progress":29}
[2025-05-16 20:35:18.215] [info]  Splash.onStateUpdate: {"status":"installing-updates","current":3,"total":6,"progress":29}
[2025-05-16 20:35:18.215] [info]  DiscordSplash.onStateUpdate: {"status":"installing-updates","current":3,"total":6,"progress":29}
[2025-05-16 20:35:18.215] [info]  Splash.onStateUpdate: {"status":"installing-updates","current":3,"total":6,"progress":29}
[2025-05-16 20:35:18.216] [info]  DiscordSplash.onStateUpdate: {"status":"installing-updates","current":3,"total":6,"progress":29}
[2025-05-16 20:35:18.216] [info]  Splash.onStateUpdate: {"status":"installing-updates","current":3,"total":6,"progress":29}
[2025-05-16 20:35:18.216] [info]  DiscordSplash.onStateUpdate: {"status":"installing-updates","current":3,"total":6,"progress":30}
[2025-05-16 20:35:18.217] [info]  Splash.onStateUpdate: {"status":"installing-updates","current":3,"total":6,"progress":30}
[2025-05-16 20:35:18.217] [info]  DiscordSplash.onStateUpdate: {"status":"installing-updates","current":3,"total":6,"progress":30}
[2025-05-16 20:35:18.217] [info]  Splash.onStateUpdate: {"status":"installing-updates","current":3,"total":6,"progress":30}
[2025-05-16 20:35:18.218] [info]  DiscordSplash.onStateUpdate: {"status":"installing-updates","current":3,"total":6,"progress":30}
[2025-05-16 20:35:18.218] [info]  Splash.onStateUpdate: {"status":"installing-updates","current":3,"total":6,"progress":30}
[2025-05-16 20:35:18.218] [info]  DiscordSplash.onStateUpdate: {"status":"installing-updates","current":3,"total":6,"progress":30}
[2025-05-16 20:35:18.218] [info]  Splash.onStateUpdate: {"status":"installing-updates","current":3,"total":6,"progress":30}
[2025-05-16 20:35:18.219] [info]  DiscordSplash.onStateUpdate: {"status":"installing-updates","current":3,"total":6,"progress":30}
[2025-05-16 20:35:18.219] [info]  Splash.onStateUpdate: {"status":"installing-updates","current":3,"total":6,"progress":30}
[2025-05-16 20:35:18.220] [info]  DiscordSplash.onStateUpdate: {"status":"installing-updates","current":3,"total":6,"progress":30}
[2025-05-16 20:35:18.220] [info]  Splash.onStateUpdate: {"status":"installing-updates","current":3,"total":6,"progress":30}
[2025-05-16 20:35:18.220] [info]  DiscordSplash.onStateUpdate: {"status":"installing-updates","current":3,"total":6,"progress":31}
[2025-05-16 20:35:18.220] [info]  Splash.onStateUpdate: {"status":"installing-updates","current":3,"total":6,"progress":31}
[2025-05-16 20:35:18.221] [info]  DiscordSplash.onStateUpdate: {"status":"installing-updates","current":3,"total":6,"progress":31}
[2025-05-16 20:35:18.221] [info]  Splash.onStateUpdate: {"status":"installing-updates","current":3,"total":6,"progress":31}
[2025-05-16 20:35:18.222] [info]  DiscordSplash.onStateUpdate: {"status":"installing-updates","current":3,"total":6,"progress":31}
[2025-05-16 20:35:18.222] [info]  Splash.onStateUpdate: {"status":"installing-updates","current":3,"total":6,"progress":31}
[2025-05-16 20:35:18.222] [info]  DiscordSplash.onStateUpdate: {"status":"installing-updates","current":3,"total":6,"progress":31}
[2025-05-16 20:35:18.223] [info]  Splash.onStateUpdate: {"status":"installing-updates","current":3,"total":6,"progress":31}
[2025-05-16 20:35:18.223] [info]  DiscordSplash.onStateUpdate: {"status":"installing-updates","current":3,"total":6,"progress":31}
[2025-05-16 20:35:18.223] [info]  Splash.onStateUpdate: {"status":"installing-updates","current":3,"total":6,"progress":31}
[2025-05-16 20:35:18.224] [info]  DiscordSplash.onStateUpdate: {"status":"installing-updates","current":3,"total":6,"progress":31}
[2025-05-16 20:35:18.224] [info]  Splash.onStateUpdate: {"status":"installing-updates","current":3,"total":6,"progress":31}
[2025-05-16 20:35:18.224] [info]  DiscordSplash.onStateUpdate: {"status":"installing-updates","current":3,"total":6,"progress":32}
[2025-05-16 20:35:18.224] [info]  Splash.onStateUpdate: {"status":"installing-updates","current":3,"total":6,"progress":32}
[2025-05-16 20:35:18.225] [info]  DiscordSplash.onStateUpdate: {"status":"installing-updates","current":3,"total":6,"progress":32}
[2025-05-16 20:35:18.225] [info]  Splash.onStateUpdate: {"status":"installing-updates","current":3,"total":6,"progress":32}
[2025-05-16 20:35:18.225] [info]  DiscordSplash.onStateUpdate: {"status":"installing-updates","current":3,"total":6,"progress":32}
[2025-05-16 20:35:18.226] [info]  Splash.onStateUpdate: {"status":"installing-updates","current":3,"total":6,"progress":32}
[2025-05-16 20:35:18.226] [info]  DiscordSplash.onStateUpdate: {"status":"installing-updates","current":3,"total":6,"progress":32}
[2025-05-16 20:35:18.226] [info]  Splash.onStateUpdate: {"status":"installing-updates","current":3,"total":6,"progress":32}
[2025-05-16 20:35:18.227] [info]  DiscordSplash.onStateUpdate: {"status":"installing-updates","current":3,"total":6,"progress":32}
[2025-05-16 20:35:18.227] [info]  Splash.onStateUpdate: {"status":"installing-updates","current":3,"total":6,"progress":32}
[2025-05-16 20:35:18.227] [info]  DiscordSplash.onStateUpdate: {"status":"installing-updates","current":3,"total":6,"progress":32}
[2025-05-16 20:35:18.227] [info]  Splash.onStateUpdate: {"status":"installing-updates","current":3,"total":6,"progress":32}
[2025-05-16 20:35:18.228] [info]  DiscordSplash.onStateUpdate: {"status":"installing-updates","current":3,"total":6,"progress":33}
[2025-05-16 20:35:18.228] [info]  Splash.onStateUpdate: {"status":"installing-updates","current":3,"total":6,"progress":33}
[2025-05-16 20:35:18.228] [info]  DiscordSplash.onStateUpdate: {"status":"installing-updates","current":3,"total":6,"progress":33}
[2025-05-16 20:35:18.228] [info]  Splash.onStateUpdate: {"status":"installing-updates","current":3,"total":6,"progress":33}
[2025-05-16 20:35:18.229] [info]  DiscordSplash.onStateUpdate: {"status":"installing-updates","current":3,"total":6,"progress":33}
[2025-05-16 20:35:18.229] [info]  Splash.onStateUpdate: {"status":"installing-updates","current":3,"total":6,"progress":33}
[2025-05-16 20:35:18.229] [info]  DiscordSplash.onStateUpdate: {"status":"installing-updates","current":3,"total":6,"progress":33}
[2025-05-16 20:35:18.229] [info]  Splash.onStateUpdate: {"status":"installing-updates","current":3,"total":6,"progress":33}
[2025-05-16 20:35:18.230] [info]  DiscordSplash.onStateUpdate: {"status":"installing-updates","current":3,"total":6,"progress":33}
[2025-05-16 20:35:18.230] [info]  Splash.onStateUpdate: {"status":"installing-updates","current":3,"total":6,"progress":33}
[2025-05-16 20:35:18.230] [info]  DiscordSplash.onStateUpdate: {"status":"installing-updates","current":3,"total":6,"progress":33}
[2025-05-16 20:35:18.230] [info]  Splash.onStateUpdate: {"status":"installing-updates","current":3,"total":6,"progress":33}
[2025-05-16 20:35:18.231] [info]  DiscordSplash.onStateUpdate: {"status":"installing-updates","current":3,"total":6,"progress":34}
[2025-05-16 20:35:18.231] [info]  Splash.onStateUpdate: {"status":"installing-updates","current":3,"total":6,"progress":34}
[2025-05-16 20:35:18.231] [info]  DiscordSplash.onStateUpdate: {"status":"installing-updates","current":3,"total":6,"progress":34}
[2025-05-16 20:35:18.232] [info]  Splash.onStateUpdate: {"status":"installing-updates","current":3,"total":6,"progress":34}
[2025-05-16 20:35:18.232] [info]  DiscordSplash.onStateUpdate: {"status":"installing-updates","current":3,"total":6,"progress":34}
[2025-05-16 20:35:18.232] [info]  Splash.onStateUpdate: {"status":"installing-updates","current":3,"total":6,"progress":34}
[2025-05-16 20:35:18.233] [info]  DiscordSplash.onStateUpdate: {"status":"installing-updates","current":3,"total":6,"progress":34}
[2025-05-16 20:35:18.233] [info]  Splash.onStateUpdate: {"status":"installing-updates","current":3,"total":6,"progress":34}
[2025-05-16 20:35:18.233] [info]  DiscordSplash.onStateUpdate: {"status":"installing-updates","current":3,"total":6,"progress":34}
[2025-05-16 20:35:18.233] [info]  Splash.onStateUpdate: {"status":"installing-updates","current":3,"total":6,"progress":34}
[2025-05-16 20:35:18.234] [info]  DiscordSplash.onStateUpdate: {"status":"installing-updates","current":3,"total":6,"progress":34}
[2025-05-16 20:35:18.234] [info]  Splash.onStateUpdate: {"status":"installing-updates","current":3,"total":6,"progress":34}
[2025-05-16 20:35:18.235] [info]  DiscordSplash.onStateUpdate: {"status":"installing-updates","current":3,"total":6,"progress":35}
[2025-05-16 20:35:18.235] [info]  Splash.onStateUpdate: {"status":"installing-updates","current":3,"total":6,"progress":35}
[2025-05-16 20:35:18.235] [info]  DiscordSplash.onStateUpdate: {"status":"installing-updates","current":3,"total":6,"progress":35}
[2025-05-16 20:35:18.235] [info]  Splash.onStateUpdate: {"status":"installing-updates","current":3,"total":6,"progress":35}
[2025-05-16 20:35:18.236] [info]  DiscordSplash.onStateUpdate: {"status":"installing-updates","current":3,"total":6,"progress":35}
[2025-05-16 20:35:18.236] [info]  Splash.onStateUpdate: {"status":"installing-updates","current":3,"total":6,"progress":35}
[2025-05-16 20:35:18.236] [info]  DiscordSplash.onStateUpdate: {"status":"installing-updates","current":3,"total":6,"progress":35}
[2025-05-16 20:35:18.237] [info]  Splash.onStateUpdate: {"status":"installing-updates","current":3,"total":6,"progress":35}
[2025-05-16 20:35:18.237] [info]  DiscordSplash.onStateUpdate: {"status":"installing-updates","current":3,"total":6,"progress":35}
[2025-05-16 20:35:18.237] [info]  Splash.onStateUpdate: {"status":"installing-updates","current":3,"total":6,"progress":35}
[2025-05-16 20:35:18.238] [info]  DiscordSplash.onStateUpdate: {"status":"installing-updates","current":3,"total":6,"progress":35}
[2025-05-16 20:35:18.238] [info]  Splash.onStateUpdate: {"status":"installing-updates","current":3,"total":6,"progress":35}
[2025-05-16 20:35:18.238] [info]  DiscordSplash.onStateUpdate: {"status":"installing-updates","current":3,"total":6,"progress":35}
[2025-05-16 20:35:18.238] [info]  Splash.onStateUpdate: {"status":"installing-updates","current":3,"total":6,"progress":35}
[2025-05-16 20:35:18.239] [info]  DiscordSplash.onStateUpdate: {"status":"installing-updates","current":3,"total":6,"progress":36}
[2025-05-16 20:35:18.239] [info]  Splash.onStateUpdate: {"status":"installing-updates","current":3,"total":6,"progress":36}
[2025-05-16 20:35:18.240] [info]  DiscordSplash.onStateUpdate: {"status":"installing-updates","current":3,"total":6,"progress":36}
[2025-05-16 20:35:18.240] [info]  Splash.onStateUpdate: {"status":"installing-updates","current":3,"total":6,"progress":36}
[2025-05-16 20:35:18.240] [info]  DiscordSplash.onStateUpdate: {"status":"installing-updates","current":3,"total":6,"progress":36}
[2025-05-16 20:35:18.240] [info]  Splash.onStateUpdate: {"status":"installing-updates","current":3,"total":6,"progress":36}
[2025-05-16 20:35:18.241] [info]  DiscordSplash.onStateUpdate: {"status":"installing-updates","current":3,"total":6,"progress":36}
[2025-05-16 20:35:18.241] [info]  Splash.onStateUpdate: {"status":"installing-updates","current":3,"total":6,"progress":36}
[2025-05-16 20:35:18.241] [info]  DiscordSplash.onStateUpdate: {"status":"installing-updates","current":3,"total":6,"progress":36}
[2025-05-16 20:35:18.241] [info]  Splash.onStateUpdate: {"status":"installing-updates","current":3,"total":6,"progress":36}
[2025-05-16 20:35:18.242] [info]  DiscordSplash.onStateUpdate: {"status":"installing-updates","current":3,"total":6,"progress":36}
[2025-05-16 20:35:18.242] [info]  Splash.onStateUpdate: {"status":"installing-updates","current":3,"total":6,"progress":36}
[2025-05-16 20:35:18.242] [info]  DiscordSplash.onStateUpdate: {"status":"installing-updates","current":3,"total":6,"progress":37}
[2025-05-16 20:35:18.242] [info]  Splash.onStateUpdate: {"status":"installing-updates","current":3,"total":6,"progress":37}
[2025-05-16 20:35:18.243] [info]  DiscordSplash.onStateUpdate: {"status":"installing-updates","current":3,"total":6,"progress":37}
[2025-05-16 20:35:18.243] [info]  Splash.onStateUpdate: {"status":"installing-updates","current":3,"total":6,"progress":37}
[2025-05-16 20:35:18.244] [info]  DiscordSplash.onStateUpdate: {"status":"installing-updates","current":3,"total":6,"progress":37}
[2025-05-16 20:35:18.244] [info]  Splash.onStateUpdate: {"status":"installing-updates","current":3,"total":6,"progress":37}
[2025-05-16 20:35:18.245] [info]  DiscordSplash.onStateUpdate: {"status":"installing-updates","current":3,"total":6,"progress":37}
[2025-05-16 20:35:18.245] [info]  Splash.onStateUpdate: {"status":"installing-updates","current":3,"total":6,"progress":37}
[2025-05-16 20:35:18.245] [info]  DiscordSplash.onStateUpdate: {"status":"installing-updates","current":3,"total":6,"progress":37}
[2025-05-16 20:35:18.245] [info]  Splash.onStateUpdate: {"status":"installing-updates","current":3,"total":6,"progress":37}
[2025-05-16 20:35:18.246] [info]  DiscordSplash.onStateUpdate: {"status":"installing-updates","current":3,"total":6,"progress":37}
[2025-05-16 20:35:18.246] [info]  Splash.onStateUpdate: {"status":"installing-updates","current":3,"total":6,"progress":37}
[2025-05-16 20:35:18.246] [info]  DiscordSplash.onStateUpdate: {"status":"installing-updates","current":3,"total":6,"progress":38}
[2025-05-16 20:35:18.246] [info]  Splash.onStateUpdate: {"status":"installing-updates","current":3,"total":6,"progress":38}
[2025-05-16 20:35:18.247] [info]  DiscordSplash.onStateUpdate: {"status":"installing-updates","current":3,"total":6,"progress":38}
[2025-05-16 20:35:18.247] [info]  Splash.onStateUpdate: {"status":"installing-updates","current":3,"total":6,"progress":38}
[2025-05-16 20:35:18.247] [info]  DiscordSplash.onStateUpdate: {"status":"installing-updates","current":3,"total":6,"progress":38}
[2025-05-16 20:35:18.247] [info]  Splash.onStateUpdate: {"status":"installing-updates","current":3,"total":6,"progress":38}
[2025-05-16 20:35:18.248] [info]  DiscordSplash.onStateUpdate: {"status":"installing-updates","current":3,"total":6,"progress":38}
[2025-05-16 20:35:18.248] [info]  Splash.onStateUpdate: {"status":"installing-updates","current":3,"total":6,"progress":38}
[2025-05-16 20:35:18.249] [info]  DiscordSplash.onStateUpdate: {"status":"installing-updates","current":3,"total":6,"progress":38}
[2025-05-16 20:35:18.249] [info]  Splash.onStateUpdate: {"status":"installing-updates","current":3,"total":6,"progress":38}
[2025-05-16 20:35:18.249] [info]  DiscordSplash.onStateUpdate: {"status":"installing-updates","current":3,"total":6,"progress":38}
[2025-05-16 20:35:18.249] [info]  Splash.onStateUpdate: {"status":"installing-updates","current":3,"total":6,"progress":38}
[2025-05-16 20:35:18.250] [info]  DiscordSplash.onStateUpdate: {"status":"installing-updates","current":3,"total":6,"progress":39}
[2025-05-16 20:35:18.250] [info]  Splash.onStateUpdate: {"status":"installing-updates","current":3,"total":6,"progress":39}
[2025-05-16 20:35:18.250] [info]  DiscordSplash.onStateUpdate: {"status":"installing-updates","current":3,"total":6,"progress":39}
[2025-05-16 20:35:18.251] [info]  Splash.onStateUpdate: {"status":"installing-updates","current":3,"total":6,"progress":39}
[2025-05-16 20:35:18.251] [info]  DiscordSplash.onStateUpdate: {"status":"installing-updates","current":3,"total":6,"progress":39}
[2025-05-16 20:35:18.251] [info]  Splash.onStateUpdate: {"status":"installing-updates","current":3,"total":6,"progress":39}
[2025-05-16 20:35:18.252] [info]  DiscordSplash.onStateUpdate: {"status":"installing-updates","current":3,"total":6,"progress":39}
[2025-05-16 20:35:18.252] [info]  Splash.onStateUpdate: {"status":"installing-updates","current":3,"total":6,"progress":39}
[2025-05-16 20:35:18.252] [info]  DiscordSplash.onStateUpdate: {"status":"installing-updates","current":3,"total":6,"progress":39}
[2025-05-16 20:35:18.252] [info]  Splash.onStateUpdate: {"status":"installing-updates","current":3,"total":6,"progress":39}
[2025-05-16 20:35:18.253] [info]  DiscordSplash.onStateUpdate: {"status":"installing-updates","current":3,"total":6,"progress":39}
[2025-05-16 20:35:18.253] [info]  Splash.onStateUpdate: {"status":"installing-updates","current":3,"total":6,"progress":39}
[2025-05-16 20:35:18.254] [info]  DiscordSplash.onStateUpdate: {"status":"installing-updates","current":3,"total":6,"progress":40}
[2025-05-16 20:35:18.254] [info]  Splash.onStateUpdate: {"status":"installing-updates","current":3,"total":6,"progress":40}
[2025-05-16 20:35:18.255] [info]  DiscordSplash.onStateUpdate: {"status":"installing-updates","current":3,"total":6,"progress":40}
[2025-05-16 20:35:18.255] [info]  Splash.onStateUpdate: {"status":"installing-updates","current":3,"total":6,"progress":40}
[2025-05-16 20:35:18.256] [info]  DiscordSplash.onStateUpdate: {"status":"installing-updates","current":3,"total":6,"progress":40}
[2025-05-16 20:35:18.256] [info]  Splash.onStateUpdate: {"status":"installing-updates","current":3,"total":6,"progress":40}
[2025-05-16 20:35:18.257] [info]  DiscordSplash.onStateUpdate: {"status":"installing-updates","current":3,"total":6,"progress":40}
[2025-05-16 20:35:18.257] [info]  Splash.onStateUpdate: {"status":"installing-updates","current":3,"total":6,"progress":40}
[2025-05-16 20:35:18.258] [info]  DiscordSplash.onStateUpdate: {"status":"installing-updates","current":3,"total":6,"progress":40}
[2025-05-16 20:35:18.258] [info]  Splash.onStateUpdate: {"status":"installing-updates","current":3,"total":6,"progress":40}
[2025-05-16 20:35:18.260] [info]  DiscordSplash.onStateUpdate: {"status":"installing-updates","current":3,"total":6,"progress":40}
[2025-05-16 20:35:18.260] [info]  Splash.onStateUpdate: {"status":"installing-updates","current":3,"total":6,"progress":40}
[2025-05-16 20:35:18.261] [info]  DiscordSplash.onStateUpdate: {"status":"installing-updates","current":3,"total":6,"progress":41}
[2025-05-16 20:35:18.261] [info]  Splash.onStateUpdate: {"status":"installing-updates","current":3,"total":6,"progress":41}
[2025-05-16 20:35:18.262] [info]  DiscordSplash.onStateUpdate: {"status":"installing-updates","current":3,"total":6,"progress":41}
[2025-05-16 20:35:18.262] [info]  Splash.onStateUpdate: {"status":"installing-updates","current":3,"total":6,"progress":41}
[2025-05-16 20:35:18.262] [info]  DiscordSplash.onStateUpdate: {"status":"installing-updates","current":3,"total":6,"progress":41}
[2025-05-16 20:35:18.262] [info]  Splash.onStateUpdate: {"status":"installing-updates","current":3,"total":6,"progress":41}
[2025-05-16 20:35:18.263] [info]  DiscordSplash.onStateUpdate: {"status":"installing-updates","current":3,"total":6,"progress":41}
[2025-05-16 20:35:18.263] [info]  Splash.onStateUpdate: {"status":"installing-updates","current":3,"total":6,"progress":41}
[2025-05-16 20:35:18.263] [info]  DiscordSplash.onStateUpdate: {"status":"installing-updates","current":3,"total":6,"progress":41}
[2025-05-16 20:35:18.263] [info]  Splash.onStateUpdate: {"status":"installing-updates","current":3,"total":6,"progress":41}
[2025-05-16 20:35:18.264] [info]  DiscordSplash.onStateUpdate: {"status":"installing-updates","current":3,"total":6,"progress":41}
[2025-05-16 20:35:18.264] [info]  Splash.onStateUpdate: {"status":"installing-updates","current":3,"total":6,"progress":41}
[2025-05-16 20:35:18.264] [info]  DiscordSplash.onStateUpdate: {"status":"installing-updates","current":3,"total":6,"progress":41}
[2025-05-16 20:35:18.264] [info]  Splash.onStateUpdate: {"status":"installing-updates","current":3,"total":6,"progress":41}
[2025-05-16 20:35:18.265] [info]  DiscordSplash.onStateUpdate: {"status":"installing-updates","current":3,"total":6,"progress":42}
[2025-05-16 20:35:18.265] [info]  Splash.onStateUpdate: {"status":"installing-updates","current":3,"total":6,"progress":42}
[2025-05-16 20:35:18.265] [info]  DiscordSplash.onStateUpdate: {"status":"installing-updates","current":3,"total":6,"progress":42}
[2025-05-16 20:35:18.266] [info]  Splash.onStateUpdate: {"status":"installing-updates","current":3,"total":6,"progress":42}
[2025-05-16 20:35:18.266] [info]  DiscordSplash.onStateUpdate: {"status":"installing-updates","current":3,"total":6,"progress":42}
[2025-05-16 20:35:18.266] [info]  Splash.onStateUpdate: {"status":"installing-updates","current":3,"total":6,"progress":42}
[2025-05-16 20:35:18.267] [info]  DiscordSplash.onStateUpdate: {"status":"installing-updates","current":3,"total":6,"progress":42}
[2025-05-16 20:35:18.267] [info]  Splash.onStateUpdate: {"status":"installing-updates","current":3,"total":6,"progress":42}
[2025-05-16 20:35:18.268] [info]  DiscordSplash.onStateUpdate: {"status":"installing-updates","current":3,"total":6,"progress":42}
[2025-05-16 20:35:18.268] [info]  Splash.onStateUpdate: {"status":"installing-updates","current":3,"total":6,"progress":42}
[2025-05-16 20:35:18.268] [info]  DiscordSplash.onStateUpdate: {"status":"installing-updates","current":3,"total":6,"progress":42}
[2025-05-16 20:35:18.268] [info]  Splash.onStateUpdate: {"status":"installing-updates","current":3,"total":6,"progress":42}
[2025-05-16 20:35:18.269] [info]  DiscordSplash.onStateUpdate: {"status":"installing-updates","current":3,"total":6,"progress":43}
[2025-05-16 20:35:18.269] [info]  Splash.onStateUpdate: {"status":"installing-updates","current":3,"total":6,"progress":43}
[2025-05-16 20:35:18.269] [info]  DiscordSplash.onStateUpdate: {"status":"installing-updates","current":3,"total":6,"progress":43}
[2025-05-16 20:35:18.269] [info]  Splash.onStateUpdate: {"status":"installing-updates","current":3,"total":6,"progress":43}
[2025-05-16 20:35:18.270] [info]  DiscordSplash.onStateUpdate: {"status":"installing-updates","current":3,"total":6,"progress":43}
[2025-05-16 20:35:18.270] [info]  Splash.onStateUpdate: {"status":"installing-updates","current":3,"total":6,"progress":43}
[2025-05-16 20:35:18.270] [info]  DiscordSplash.onStateUpdate: {"status":"installing-updates","current":3,"total":6,"progress":43}
[2025-05-16 20:35:18.270] [info]  Splash.onStateUpdate: {"status":"installing-updates","current":3,"total":6,"progress":43}
[2025-05-16 20:35:18.271] [info]  DiscordSplash.onStateUpdate: {"status":"installing-updates","current":3,"total":6,"progress":43}
[2025-05-16 20:35:18.271] [info]  Splash.onStateUpdate: {"status":"installing-updates","current":3,"total":6,"progress":43}
[2025-05-16 20:35:18.271] [info]  DiscordSplash.onStateUpdate: {"status":"installing-updates","current":3,"total":6,"progress":43}
[2025-05-16 20:35:18.271] [info]  Splash.onStateUpdate: {"status":"installing-updates","current":3,"total":6,"progress":43}
[2025-05-16 20:35:18.272] [info]  DiscordSplash.onStateUpdate: {"status":"installing-updates","current":3,"total":6,"progress":44}
[2025-05-16 20:35:18.272] [info]  Splash.onStateUpdate: {"status":"installing-updates","current":3,"total":6,"progress":44}
[2025-05-16 20:35:18.272] [info]  DiscordSplash.onStateUpdate: {"status":"installing-updates","current":3,"total":6,"progress":44}
[2025-05-16 20:35:18.272] [info]  Splash.onStateUpdate: {"status":"installing-updates","current":3,"total":6,"progress":44}
[2025-05-16 20:35:18.273] [info]  DiscordSplash.onStateUpdate: {"status":"installing-updates","current":3,"total":6,"progress":44}
[2025-05-16 20:35:18.273] [info]  Splash.onStateUpdate: {"status":"installing-updates","current":3,"total":6,"progress":44}
[2025-05-16 20:35:18.273] [info]  DiscordSplash.onStateUpdate: {"status":"installing-updates","current":3,"total":6,"progress":44}
[2025-05-16 20:35:18.273] [info]  Splash.onStateUpdate: {"status":"installing-updates","current":3,"total":6,"progress":44}
[2025-05-16 20:35:18.274] [info]  DiscordSplash.onStateUpdate: {"status":"installing-updates","current":3,"total":6,"progress":44}
[2025-05-16 20:35:18.274] [info]  Splash.onStateUpdate: {"status":"installing-updates","current":3,"total":6,"progress":44}
[2025-05-16 20:35:18.274] [info]  DiscordSplash.onStateUpdate: {"status":"installing-updates","current":3,"total":6,"progress":44}
[2025-05-16 20:35:18.274] [info]  Splash.onStateUpdate: {"status":"installing-updates","current":3,"total":6,"progress":44}
[2025-05-16 20:35:18.275] [info]  DiscordSplash.onStateUpdate: {"status":"installing-updates","current":3,"total":6,"progress":45}
[2025-05-16 20:35:18.275] [info]  Splash.onStateUpdate: {"status":"installing-updates","current":3,"total":6,"progress":45}
[2025-05-16 20:35:18.275] [info]  DiscordSplash.onStateUpdate: {"status":"installing-updates","current":3,"total":6,"progress":45}
[2025-05-16 20:35:18.275] [info]  Splash.onStateUpdate: {"status":"installing-updates","current":3,"total":6,"progress":45}
[2025-05-16 20:35:18.276] [info]  DiscordSplash.onStateUpdate: {"status":"installing-updates","current":3,"total":6,"progress":45}
[2025-05-16 20:35:18.276] [info]  Splash.onStateUpdate: {"status":"installing-updates","current":3,"total":6,"progress":45}
[2025-05-16 20:35:18.276] [info]  DiscordSplash.onStateUpdate: {"status":"installing-updates","current":3,"total":6,"progress":45}
[2025-05-16 20:35:18.276] [info]  Splash.onStateUpdate: {"status":"installing-updates","current":3,"total":6,"progress":45}
[2025-05-16 20:35:18.277] [info]  DiscordSplash.onStateUpdate: {"status":"installing-updates","current":3,"total":6,"progress":45}
[2025-05-16 20:35:18.277] [info]  Splash.onStateUpdate: {"status":"installing-updates","current":3,"total":6,"progress":45}
[2025-05-16 20:35:18.277] [info]  DiscordSplash.onStateUpdate: {"status":"installing-updates","current":3,"total":6,"progress":45}
[2025-05-16 20:35:18.277] [info]  Splash.onStateUpdate: {"status":"installing-updates","current":3,"total":6,"progress":45}
[2025-05-16 20:35:18.278] [info]  DiscordSplash.onStateUpdate: {"status":"installing-updates","current":3,"total":6,"progress":46}
[2025-05-16 20:35:18.278] [info]  Splash.onStateUpdate: {"status":"installing-updates","current":3,"total":6,"progress":46}
[2025-05-16 20:35:18.279] [info]  DiscordSplash.onStateUpdate: {"status":"installing-updates","current":3,"total":6,"progress":46}
[2025-05-16 20:35:18.279] [info]  Splash.onStateUpdate: {"status":"installing-updates","current":3,"total":6,"progress":46}
[2025-05-16 20:35:18.279] [info]  DiscordSplash.onStateUpdate: {"status":"installing-updates","current":3,"total":6,"progress":46}
[2025-05-16 20:35:18.280] [info]  Splash.onStateUpdate: {"status":"installing-updates","current":3,"total":6,"progress":46}
[2025-05-16 20:35:18.280] [info]  DiscordSplash.onStateUpdate: {"status":"installing-updates","current":3,"total":6,"progress":46}
[2025-05-16 20:35:18.280] [info]  Splash.onStateUpdate: {"status":"installing-updates","current":3,"total":6,"progress":46}
[2025-05-16 20:35:18.280] [info]  DiscordSplash.onStateUpdate: {"status":"installing-updates","current":3,"total":6,"progress":46}
[2025-05-16 20:35:18.280] [info]  Splash.onStateUpdate: {"status":"installing-updates","current":3,"total":6,"progress":46}
[2025-05-16 20:35:18.281] [info]  DiscordSplash.onStateUpdate: {"status":"installing-updates","current":3,"total":6,"progress":46}
[2025-05-16 20:35:18.281] [info]  Splash.onStateUpdate: {"status":"installing-updates","current":3,"total":6,"progress":46}
[2025-05-16 20:35:18.281] [info]  DiscordSplash.onStateUpdate: {"status":"installing-updates","current":3,"total":6,"progress":47}
[2025-05-16 20:35:18.282] [info]  Splash.onStateUpdate: {"status":"installing-updates","current":3,"total":6,"progress":47}
[2025-05-16 20:35:18.282] [info]  DiscordSplash.onStateUpdate: {"status":"installing-updates","current":3,"total":6,"progress":47}
[2025-05-16 20:35:18.282] [info]  Splash.onStateUpdate: {"status":"installing-updates","current":3,"total":6,"progress":47}
[2025-05-16 20:35:18.282] [info]  DiscordSplash.onStateUpdate: {"status":"installing-updates","current":3,"total":6,"progress":47}
[2025-05-16 20:35:18.283] [info]  Splash.onStateUpdate: {"status":"installing-updates","current":3,"total":6,"progress":47}
[2025-05-16 20:35:18.283] [info]  DiscordSplash.onStateUpdate: {"status":"installing-updates","current":3,"total":6,"progress":47}
[2025-05-16 20:35:18.283] [info]  Splash.onStateUpdate: {"status":"installing-updates","current":3,"total":6,"progress":47}
[2025-05-16 20:35:18.283] [info]  DiscordSplash.onStateUpdate: {"status":"installing-updates","current":3,"total":6,"progress":47}
[2025-05-16 20:35:18.283] [info]  Splash.onStateUpdate: {"status":"installing-updates","current":3,"total":6,"progress":47}
[2025-05-16 20:35:18.284] [info]  DiscordSplash.onStateUpdate: {"status":"installing-updates","current":3,"total":6,"progress":47}
[2025-05-16 20:35:18.284] [info]  Splash.onStateUpdate: {"status":"installing-updates","current":3,"total":6,"progress":47}
[2025-05-16 20:35:18.284] [info]  DiscordSplash.onStateUpdate: {"status":"installing-updates","current":3,"total":6,"progress":47}
[2025-05-16 20:35:18.284] [info]  Splash.onStateUpdate: {"status":"installing-updates","current":3,"total":6,"progress":47}
[2025-05-16 20:35:18.285] [info]  DiscordSplash.onStateUpdate: {"status":"installing-updates","current":3,"total":6,"progress":48}
[2025-05-16 20:35:18.285] [info]  Splash.onStateUpdate: {"status":"installing-updates","current":3,"total":6,"progress":48}
[2025-05-16 20:35:18.285] [info]  DiscordSplash.onStateUpdate: {"status":"installing-updates","current":3,"total":6,"progress":48}
[2025-05-16 20:35:18.286] [info]  Splash.onStateUpdate: {"status":"installing-updates","current":3,"total":6,"progress":48}
[2025-05-16 20:35:18.286] [info]  DiscordSplash.onStateUpdate: {"status":"installing-updates","current":3,"total":6,"progress":48}
[2025-05-16 20:35:18.286] [info]  Splash.onStateUpdate: {"status":"installing-updates","current":3,"total":6,"progress":48}
[2025-05-16 20:35:18.287] [info]  DiscordSplash.onStateUpdate: {"status":"installing-updates","current":3,"total":6,"progress":48}
[2025-05-16 20:35:18.287] [info]  Splash.onStateUpdate: {"status":"installing-updates","current":3,"total":6,"progress":48}
[2025-05-16 20:35:18.287] [info]  DiscordSplash.onStateUpdate: {"status":"installing-updates","current":3,"total":6,"progress":48}
[2025-05-16 20:35:18.288] [info]  Splash.onStateUpdate: {"status":"installing-updates","current":3,"total":6,"progress":48}
[2025-05-16 20:35:18.288] [info]  DiscordSplash.onStateUpdate: {"status":"installing-updates","current":3,"total":6,"progress":48}
[2025-05-16 20:35:18.288] [info]  Splash.onStateUpdate: {"status":"installing-updates","current":3,"total":6,"progress":48}
[2025-05-16 20:35:18.288] [info]  DiscordSplash.onStateUpdate: {"status":"installing-updates","current":3,"total":6,"progress":49}
[2025-05-16 20:35:18.289] [info]  Splash.onStateUpdate: {"status":"installing-updates","current":3,"total":6,"progress":49}
[2025-05-16 20:35:18.289] [info]  DiscordSplash.onStateUpdate: {"status":"installing-updates","current":3,"total":6,"progress":49}
[2025-05-16 20:35:18.289] [info]  Splash.onStateUpdate: {"status":"installing-updates","current":3,"total":6,"progress":49}
[2025-05-16 20:35:18.289] [info]  DiscordSplash.onStateUpdate: {"status":"installing-updates","current":3,"total":6,"progress":49}
[2025-05-16 20:35:18.290] [info]  Splash.onStateUpdate: {"status":"installing-updates","current":3,"total":6,"progress":49}
[2025-05-16 20:35:18.290] [info]  DiscordSplash.onStateUpdate: {"status":"installing-updates","current":3,"total":6,"progress":49}
[2025-05-16 20:35:18.290] [info]  Splash.onStateUpdate: {"status":"installing-updates","current":3,"total":6,"progress":49}
[2025-05-16 20:35:18.291] [info]  DiscordSplash.onStateUpdate: {"status":"installing-updates","current":3,"total":6,"progress":49}
[2025-05-16 20:35:18.291] [info]  Splash.onStateUpdate: {"status":"installing-updates","current":3,"total":6,"progress":49}
[2025-05-16 20:35:18.291] [info]  DiscordSplash.onStateUpdate: {"status":"installing-updates","current":3,"total":6,"progress":49}
[2025-05-16 20:35:18.291] [info]  Splash.onStateUpdate: {"status":"installing-updates","current":3,"total":6,"progress":49}
[2025-05-16 20:35:18.292] [info]  DiscordSplash.onStateUpdate: {"status":"installing-updates","current":3,"total":6,"progress":50}
[2025-05-16 20:35:18.292] [info]  Splash.onStateUpdate: {"status":"installing-updates","current":3,"total":6,"progress":50}
[2025-05-16 20:35:18.292] [info]  DiscordSplash.onStateUpdate: {"status":"installing-updates","current":3,"total":6,"progress":50}
[2025-05-16 20:35:18.292] [info]  Splash.onStateUpdate: {"status":"installing-updates","current":3,"total":6,"progress":50}
[2025-05-16 20:35:18.293] [info]  DiscordSplash.onStateUpdate: {"status":"installing-updates","current":3,"total":6,"progress":50}
[2025-05-16 20:35:18.293] [info]  Splash.onStateUpdate: {"status":"installing-updates","current":3,"total":6,"progress":50}
[2025-05-16 20:35:18.293] [info]  DiscordSplash.onStateUpdate: {"status":"installing-updates","current":3,"total":6,"progress":50}
[2025-05-16 20:35:18.293] [info]  Splash.onStateUpdate: {"status":"installing-updates","current":3,"total":6,"progress":50}
[2025-05-16 20:35:18.294] [info]  DiscordSplash.onStateUpdate: {"status":"installing-updates","current":3,"total":6,"progress":50}
[2025-05-16 20:35:18.294] [info]  Splash.onStateUpdate: {"status":"installing-updates","current":3,"total":6,"progress":50}
[2025-05-16 20:35:18.294] [info]  DiscordSplash.onStateUpdate: {"status":"installing-updates","current":3,"total":6,"progress":50}
[2025-05-16 20:35:18.294] [info]  Splash.onStateUpdate: {"status":"installing-updates","current":3,"total":6,"progress":50}
[2025-05-16 20:35:18.295] [info]  DiscordSplash.onStateUpdate: {"status":"installing-updates","current":3,"total":6,"progress":51}
[2025-05-16 20:35:18.295] [info]  Splash.onStateUpdate: {"status":"installing-updates","current":3,"total":6,"progress":51}
[2025-05-16 20:35:18.295] [info]  DiscordSplash.onStateUpdate: {"status":"installing-updates","current":3,"total":6,"progress":51}
[2025-05-16 20:35:18.295] [info]  Splash.onStateUpdate: {"status":"installing-updates","current":3,"total":6,"progress":51}
[2025-05-16 20:35:18.296] [info]  DiscordSplash.onStateUpdate: {"status":"installing-updates","current":3,"total":6,"progress":51}
[2025-05-16 20:35:18.296] [info]  Splash.onStateUpdate: {"status":"installing-updates","current":3,"total":6,"progress":51}
[2025-05-16 20:35:18.296] [info]  DiscordSplash.onStateUpdate: {"status":"installing-updates","current":3,"total":6,"progress":51}
[2025-05-16 20:35:18.296] [info]  Splash.onStateUpdate: {"status":"installing-updates","current":3,"total":6,"progress":51}
[2025-05-16 20:35:18.297] [info]  DiscordSplash.onStateUpdate: {"status":"installing-updates","current":3,"total":6,"progress":51}
[2025-05-16 20:35:18.297] [info]  Splash.onStateUpdate: {"status":"installing-updates","current":3,"total":6,"progress":51}
[2025-05-16 20:35:18.297] [info]  DiscordSplash.onStateUpdate: {"status":"installing-updates","current":3,"total":6,"progress":51}
[2025-05-16 20:35:18.297] [info]  Splash.onStateUpdate: {"status":"installing-updates","current":3,"total":6,"progress":51}
[2025-05-16 20:35:18.298] [info]  DiscordSplash.onStateUpdate: {"status":"installing-updates","current":3,"total":6,"progress":52}
[2025-05-16 20:35:18.298] [info]  Splash.onStateUpdate: {"status":"installing-updates","current":3,"total":6,"progress":52}
[2025-05-16 20:35:18.298] [info]  DiscordSplash.onStateUpdate: {"status":"installing-updates","current":3,"total":6,"progress":52}
[2025-05-16 20:35:18.299] [info]  Splash.onStateUpdate: {"status":"installing-updates","current":3,"total":6,"progress":52}
[2025-05-16 20:35:18.299] [info]  DiscordSplash.onStateUpdate: {"status":"installing-updates","current":3,"total":6,"progress":52}
[2025-05-16 20:35:18.299] [info]  Splash.onStateUpdate: {"status":"installing-updates","current":3,"total":6,"progress":52}
[2025-05-16 20:35:18.299] [info]  DiscordSplash.onStateUpdate: {"status":"installing-updates","current":3,"total":6,"progress":52}
[2025-05-16 20:35:18.300] [info]  Splash.onStateUpdate: {"status":"installing-updates","current":3,"total":6,"progress":52}
[2025-05-16 20:35:18.300] [info]  DiscordSplash.onStateUpdate: {"status":"installing-updates","current":3,"total":6,"progress":52}
[2025-05-16 20:35:18.300] [info]  Splash.onStateUpdate: {"status":"installing-updates","current":3,"total":6,"progress":52}
[2025-05-16 20:35:18.300] [info]  DiscordSplash.onStateUpdate: {"status":"installing-updates","current":3,"total":6,"progress":52}
[2025-05-16 20:35:18.301] [info]  Splash.onStateUpdate: {"status":"installing-updates","current":3,"total":6,"progress":52}
[2025-05-16 20:35:18.301] [info]  DiscordSplash.onStateUpdate: {"status":"installing-updates","current":3,"total":6,"progress":52}
[2025-05-16 20:35:18.301] [info]  Splash.onStateUpdate: {"status":"installing-updates","current":3,"total":6,"progress":52}
[2025-05-16 20:35:18.301] [info]  DiscordSplash.onStateUpdate: {"status":"installing-updates","current":3,"total":6,"progress":53}
[2025-05-16 20:35:18.302] [info]  Splash.onStateUpdate: {"status":"installing-updates","current":3,"total":6,"progress":53}
[2025-05-16 20:35:18.302] [info]  DiscordSplash.onStateUpdate: {"status":"installing-updates","current":3,"total":6,"progress":53}
[2025-05-16 20:35:18.302] [info]  Splash.onStateUpdate: {"status":"installing-updates","current":3,"total":6,"progress":53}
[2025-05-16 20:35:18.303] [info]  DiscordSplash.onStateUpdate: {"status":"installing-updates","current":3,"total":6,"progress":53}
[2025-05-16 20:35:18.303] [info]  Splash.onStateUpdate: {"status":"installing-updates","current":3,"total":6,"progress":53}
[2025-05-16 20:35:18.303] [info]  DiscordSplash.onStateUpdate: {"status":"installing-updates","current":3,"total":6,"progress":53}
[2025-05-16 20:35:18.303] [info]  Splash.onStateUpdate: {"status":"installing-updates","current":3,"total":6,"progress":53}
[2025-05-16 20:35:18.304] [info]  DiscordSplash.onStateUpdate: {"status":"installing-updates","current":3,"total":6,"progress":53}
[2025-05-16 20:35:18.304] [info]  Splash.onStateUpdate: {"status":"installing-updates","current":3,"total":6,"progress":53}
[2025-05-16 20:35:18.304] [info]  DiscordSplash.onStateUpdate: {"status":"installing-updates","current":3,"total":6,"progress":53}
[2025-05-16 20:35:18.304] [info]  Splash.onStateUpdate: {"status":"installing-updates","current":3,"total":6,"progress":53}
[2025-05-16 20:35:18.305] [info]  DiscordSplash.onStateUpdate: {"status":"installing-updates","current":3,"total":6,"progress":54}
[2025-05-16 20:35:18.305] [info]  Splash.onStateUpdate: {"status":"installing-updates","current":3,"total":6,"progress":54}
[2025-05-16 20:35:18.305] [info]  DiscordSplash.onStateUpdate: {"status":"installing-updates","current":3,"total":6,"progress":54}
[2025-05-16 20:35:18.305] [info]  Splash.onStateUpdate: {"status":"installing-updates","current":3,"total":6,"progress":54}
[2025-05-16 20:35:18.306] [info]  DiscordSplash.onStateUpdate: {"status":"installing-updates","current":3,"total":6,"progress":54}
[2025-05-16 20:35:18.306] [info]  Splash.onStateUpdate: {"status":"installing-updates","current":3,"total":6,"progress":54}
[2025-05-16 20:35:18.306] [info]  DiscordSplash.onStateUpdate: {"status":"installing-updates","current":3,"total":6,"progress":54}
[2025-05-16 20:35:18.306] [info]  Splash.onStateUpdate: {"status":"installing-updates","current":3,"total":6,"progress":54}
[2025-05-16 20:35:18.307] [info]  DiscordSplash.onStateUpdate: {"status":"installing-updates","current":3,"total":6,"progress":54}
[2025-05-16 20:35:18.307] [info]  Splash.onStateUpdate: {"status":"installing-updates","current":3,"total":6,"progress":54}
[2025-05-16 20:35:18.307] [info]  DiscordSplash.onStateUpdate: {"status":"installing-updates","current":3,"total":6,"progress":54}
[2025-05-16 20:35:18.307] [info]  Splash.onStateUpdate: {"status":"installing-updates","current":3,"total":6,"progress":54}
[2025-05-16 20:35:18.308] [info]  DiscordSplash.onStateUpdate: {"status":"installing-updates","current":3,"total":6,"progress":55}
[2025-05-16 20:35:18.308] [info]  Splash.onStateUpdate: {"status":"installing-updates","current":3,"total":6,"progress":55}
[2025-05-16 20:35:18.308] [info]  DiscordSplash.onStateUpdate: {"status":"installing-updates","current":3,"total":6,"progress":55}
[2025-05-16 20:35:18.308] [info]  Splash.onStateUpdate: {"status":"installing-updates","current":3,"total":6,"progress":55}
[2025-05-16 20:35:18.309] [info]  DiscordSplash.onStateUpdate: {"status":"installing-updates","current":3,"total":6,"progress":55}
[2025-05-16 20:35:18.309] [info]  Splash.onStateUpdate: {"status":"installing-updates","current":3,"total":6,"progress":55}
[2025-05-16 20:35:18.310] [info]  DiscordSplash.onStateUpdate: {"status":"installing-updates","current":3,"total":6,"progress":55}
[2025-05-16 20:35:18.310] [info]  Splash.onStateUpdate: {"status":"installing-updates","current":3,"total":6,"progress":55}
[2025-05-16 20:35:18.310] [info]  DiscordSplash.onStateUpdate: {"status":"installing-updates","current":3,"total":6,"progress":55}
[2025-05-16 20:35:18.310] [info]  Splash.onStateUpdate: {"status":"installing-updates","current":3,"total":6,"progress":55}
[2025-05-16 20:35:18.311] [info]  DiscordSplash.onStateUpdate: {"status":"installing-updates","current":3,"total":6,"progress":55}
[2025-05-16 20:35:18.311] [info]  Splash.onStateUpdate: {"status":"installing-updates","current":3,"total":6,"progress":55}
[2025-05-16 20:35:18.312] [info]  DiscordSplash.onStateUpdate: {"status":"installing-updates","current":3,"total":6,"progress":56}
[2025-05-16 20:35:18.312] [info]  Splash.onStateUpdate: {"status":"installing-updates","current":3,"total":6,"progress":56}
[2025-05-16 20:35:18.312] [info]  DiscordSplash.onStateUpdate: {"status":"installing-updates","current":3,"total":6,"progress":56}
[2025-05-16 20:35:18.312] [info]  Splash.onStateUpdate: {"status":"installing-updates","current":3,"total":6,"progress":56}
[2025-05-16 20:35:18.313] [info]  DiscordSplash.onStateUpdate: {"status":"installing-updates","current":3,"total":6,"progress":56}
[2025-05-16 20:35:18.313] [info]  Splash.onStateUpdate: {"status":"installing-updates","current":3,"total":6,"progress":56}
[2025-05-16 20:35:18.313] [info]  DiscordSplash.onStateUpdate: {"status":"installing-updates","current":3,"total":6,"progress":56}
[2025-05-16 20:35:18.313] [info]  Splash.onStateUpdate: {"status":"installing-updates","current":3,"total":6,"progress":56}
[2025-05-16 20:35:18.314] [info]  DiscordSplash.onStateUpdate: {"status":"installing-updates","current":3,"total":6,"progress":56}
[2025-05-16 20:35:18.314] [info]  Splash.onStateUpdate: {"status":"installing-updates","current":3,"total":6,"progress":56}
[2025-05-16 20:35:18.314] [info]  DiscordSplash.onStateUpdate: {"status":"installing-updates","current":3,"total":6,"progress":56}
[2025-05-16 20:35:18.314] [info]  Splash.onStateUpdate: {"status":"installing-updates","current":3,"total":6,"progress":56}
[2025-05-16 20:35:18.315] [info]  DiscordSplash.onStateUpdate: {"status":"installing-updates","current":3,"total":6,"progress":57}
[2025-05-16 20:35:18.315] [info]  Splash.onStateUpdate: {"status":"installing-updates","current":3,"total":6,"progress":57}
[2025-05-16 20:35:18.315] [info]  DiscordSplash.onStateUpdate: {"status":"installing-updates","current":3,"total":6,"progress":57}
[2025-05-16 20:35:18.315] [info]  Splash.onStateUpdate: {"status":"installing-updates","current":3,"total":6,"progress":57}
[2025-05-16 20:35:18.316] [info]  DiscordSplash.onStateUpdate: {"status":"installing-updates","current":3,"total":6,"progress":57}
[2025-05-16 20:35:18.316] [info]  Splash.onStateUpdate: {"status":"installing-updates","current":3,"total":6,"progress":57}
[2025-05-16 20:35:18.317] [info]  DiscordSplash.onStateUpdate: {"status":"installing-updates","current":3,"total":6,"progress":57}
[2025-05-16 20:35:18.317] [info]  Splash.onStateUpdate: {"status":"installing-updates","current":3,"total":6,"progress":57}
[2025-05-16 20:35:18.317] [info]  DiscordSplash.onStateUpdate: {"status":"installing-updates","current":3,"total":6,"progress":57}
[2025-05-16 20:35:18.317] [info]  Splash.onStateUpdate: {"status":"installing-updates","current":3,"total":6,"progress":57}
[2025-05-16 20:35:18.318] [info]  DiscordSplash.onStateUpdate: {"status":"installing-updates","current":3,"total":6,"progress":57}
[2025-05-16 20:35:18.318] [info]  Splash.onStateUpdate: {"status":"installing-updates","current":3,"total":6,"progress":57}
[2025-05-16 20:35:18.318] [info]  DiscordSplash.onStateUpdate: {"status":"installing-updates","current":3,"total":6,"progress":58}
[2025-05-16 20:35:18.318] [info]  Splash.onStateUpdate: {"status":"installing-updates","current":3,"total":6,"progress":58}
[2025-05-16 20:35:18.319] [info]  DiscordSplash.onStateUpdate: {"status":"installing-updates","current":3,"total":6,"progress":58}
[2025-05-16 20:35:18.319] [info]  Splash.onStateUpdate: {"status":"installing-updates","current":3,"total":6,"progress":58}
[2025-05-16 20:35:18.319] [info]  DiscordSplash.onStateUpdate: {"status":"installing-updates","current":3,"total":6,"progress":58}
[2025-05-16 20:35:18.319] [info]  Splash.onStateUpdate: {"status":"installing-updates","current":3,"total":6,"progress":58}
[2025-05-16 20:35:18.320] [info]  DiscordSplash.onStateUpdate: {"status":"installing-updates","current":3,"total":6,"progress":58}
[2025-05-16 20:35:18.320] [info]  Splash.onStateUpdate: {"status":"installing-updates","current":3,"total":6,"progress":58}
[2025-05-16 20:35:18.321] [info]  DiscordSplash.onStateUpdate: {"status":"installing-updates","current":3,"total":6,"progress":58}
[2025-05-16 20:35:18.321] [info]  Splash.onStateUpdate: {"status":"installing-updates","current":3,"total":6,"progress":58}
[2025-05-16 20:35:18.321] [info]  DiscordSplash.onStateUpdate: {"status":"installing-updates","current":3,"total":6,"progress":58}
[2025-05-16 20:35:18.321] [info]  Splash.onStateUpdate: {"status":"installing-updates","current":3,"total":6,"progress":58}
[2025-05-16 20:35:18.322] [info]  DiscordSplash.onStateUpdate: {"status":"installing-updates","current":3,"total":6,"progress":58}
[2025-05-16 20:35:18.322] [info]  Splash.onStateUpdate: {"status":"installing-updates","current":3,"total":6,"progress":58}
[2025-05-16 20:35:18.322] [info]  DiscordSplash.onStateUpdate: {"status":"installing-updates","current":3,"total":6,"progress":59}
[2025-05-16 20:35:18.322] [info]  Splash.onStateUpdate: {"status":"installing-updates","current":3,"total":6,"progress":59}
[2025-05-16 20:35:18.323] [info]  DiscordSplash.onStateUpdate: {"status":"installing-updates","current":3,"total":6,"progress":59}
[2025-05-16 20:35:18.323] [info]  Splash.onStateUpdate: {"status":"installing-updates","current":3,"total":6,"progress":59}
[2025-05-16 20:35:18.323] [info]  DiscordSplash.onStateUpdate: {"status":"installing-updates","current":3,"total":6,"progress":59}
[2025-05-16 20:35:18.323] [info]  Splash.onStateUpdate: {"status":"installing-updates","current":3,"total":6,"progress":59}
[2025-05-16 20:35:18.324] [info]  DiscordSplash.onStateUpdate: {"status":"installing-updates","current":3,"total":6,"progress":59}
[2025-05-16 20:35:18.324] [info]  Splash.onStateUpdate: {"status":"installing-updates","current":3,"total":6,"progress":59}
[2025-05-16 20:35:18.324] [info]  DiscordSplash.onStateUpdate: {"status":"installing-updates","current":3,"total":6,"progress":59}
[2025-05-16 20:35:18.324] [info]  Splash.onStateUpdate: {"status":"installing-updates","current":3,"total":6,"progress":59}
[2025-05-16 20:35:18.325] [info]  DiscordSplash.onStateUpdate: {"status":"installing-updates","current":3,"total":6,"progress":59}
[2025-05-16 20:35:18.325] [info]  Splash.onStateUpdate: {"status":"installing-updates","current":3,"total":6,"progress":59}
[2025-05-16 20:35:18.325] [info]  DiscordSplash.onStateUpdate: {"status":"installing-updates","current":3,"total":6,"progress":60}
[2025-05-16 20:35:18.325] [info]  Splash.onStateUpdate: {"status":"installing-updates","current":3,"total":6,"progress":60}
[2025-05-16 20:35:18.326] [info]  DiscordSplash.onStateUpdate: {"status":"installing-updates","current":3,"total":6,"progress":60}
[2025-05-16 20:35:18.326] [info]  Splash.onStateUpdate: {"status":"installing-updates","current":3,"total":6,"progress":60}
[2025-05-16 20:35:18.326] [info]  DiscordSplash.onStateUpdate: {"status":"installing-updates","current":3,"total":6,"progress":60}
[2025-05-16 20:35:18.326] [info]  Splash.onStateUpdate: {"status":"installing-updates","current":3,"total":6,"progress":60}
[2025-05-16 20:35:18.327] [info]  DiscordSplash.onStateUpdate: {"status":"installing-updates","current":3,"total":6,"progress":60}
[2025-05-16 20:35:18.327] [info]  Splash.onStateUpdate: {"status":"installing-updates","current":3,"total":6,"progress":60}
[2025-05-16 20:35:18.327] [info]  DiscordSplash.onStateUpdate: {"status":"installing-updates","current":3,"total":6,"progress":60}
[2025-05-16 20:35:18.327] [info]  Splash.onStateUpdate: {"status":"installing-updates","current":3,"total":6,"progress":60}
[2025-05-16 20:35:18.328] [info]  DiscordSplash.onStateUpdate: {"status":"installing-updates","current":3,"total":6,"progress":60}
[2025-05-16 20:35:18.329] [info]  Splash.onStateUpdate: {"status":"installing-updates","current":3,"total":6,"progress":60}
[2025-05-16 20:35:18.329] [info]  DiscordSplash.onStateUpdate: {"status":"installing-updates","current":3,"total":6,"progress":61}
[2025-05-16 20:35:18.329] [info]  Splash.onStateUpdate: {"status":"installing-updates","current":3,"total":6,"progress":61}
[2025-05-16 20:35:18.329] [info]  DiscordSplash.onStateUpdate: {"status":"installing-updates","current":3,"total":6,"progress":61}
[2025-05-16 20:35:18.329] [info]  Splash.onStateUpdate: {"status":"installing-updates","current":3,"total":6,"progress":61}
[2025-05-16 20:35:18.330] [info]  DiscordSplash.onStateUpdate: {"status":"installing-updates","current":3,"total":6,"progress":61}
[2025-05-16 20:35:18.330] [info]  Splash.onStateUpdate: {"status":"installing-updates","current":3,"total":6,"progress":61}
[2025-05-16 20:35:18.330] [info]  DiscordSplash.onStateUpdate: {"status":"installing-updates","current":3,"total":6,"progress":61}
[2025-05-16 20:35:18.331] [info]  Splash.onStateUpdate: {"status":"installing-updates","current":3,"total":6,"progress":61}
[2025-05-16 20:35:18.331] [info]  DiscordSplash.onStateUpdate: {"status":"installing-updates","current":3,"total":6,"progress":61}
[2025-05-16 20:35:18.331] [info]  Splash.onStateUpdate: {"status":"installing-updates","current":3,"total":6,"progress":61}
[2025-05-16 20:35:18.332] [info]  DiscordSplash.onStateUpdate: {"status":"installing-updates","current":3,"total":6,"progress":61}
[2025-05-16 20:35:18.332] [info]  Splash.onStateUpdate: {"status":"installing-updates","current":3,"total":6,"progress":61}
[2025-05-16 20:35:18.332] [info]  DiscordSplash.onStateUpdate: {"status":"installing-updates","current":3,"total":6,"progress":62}
[2025-05-16 20:35:18.332] [info]  Splash.onStateUpdate: {"status":"installing-updates","current":3,"total":6,"progress":62}
[2025-05-16 20:35:18.333] [info]  DiscordSplash.onStateUpdate: {"status":"installing-updates","current":3,"total":6,"progress":62}
[2025-05-16 20:35:18.333] [info]  Splash.onStateUpdate: {"status":"installing-updates","current":3,"total":6,"progress":62}
[2025-05-16 20:35:18.333] [info]  DiscordSplash.onStateUpdate: {"status":"installing-updates","current":3,"total":6,"progress":62}
[2025-05-16 20:35:18.334] [info]  Splash.onStateUpdate: {"status":"installing-updates","current":3,"total":6,"progress":62}
[2025-05-16 20:35:18.334] [info]  DiscordSplash.onStateUpdate: {"status":"installing-updates","current":3,"total":6,"progress":62}
[2025-05-16 20:35:18.334] [info]  Splash.onStateUpdate: {"status":"installing-updates","current":3,"total":6,"progress":62}
[2025-05-16 20:35:18.336] [info]  DiscordSplash.onStateUpdate: {"status":"installing-updates","current":3,"total":6,"progress":62}
[2025-05-16 20:35:18.336] [info]  Splash.onStateUpdate: {"status":"installing-updates","current":3,"total":6,"progress":62}
[2025-05-16 20:35:18.336] [info]  DiscordSplash.onStateUpdate: {"status":"installing-updates","current":3,"total":6,"progress":62}
[2025-05-16 20:35:18.336] [info]  Splash.onStateUpdate: {"status":"installing-updates","current":3,"total":6,"progress":62}
[2025-05-16 20:35:18.337] [info]  DiscordSplash.onStateUpdate: {"status":"installing-updates","current":3,"total":6,"progress":63}
[2025-05-16 20:35:18.337] [info]  Splash.onStateUpdate: {"status":"installing-updates","current":3,"total":6,"progress":63}
[2025-05-16 20:35:18.337] [info]  DiscordSplash.onStateUpdate: {"status":"installing-updates","current":3,"total":6,"progress":63}
[2025-05-16 20:35:18.338] [info]  Splash.onStateUpdate: {"status":"installing-updates","current":3,"total":6,"progress":63}
[2025-05-16 20:35:18.338] [info]  DiscordSplash.onStateUpdate: {"status":"installing-updates","current":3,"total":6,"progress":63}
[2025-05-16 20:35:18.338] [info]  Splash.onStateUpdate: {"status":"installing-updates","current":3,"total":6,"progress":63}
[2025-05-16 20:35:18.338] [info]  DiscordSplash.onStateUpdate: {"status":"installing-updates","current":3,"total":6,"progress":63}
[2025-05-16 20:35:18.339] [info]  Splash.onStateUpdate: {"status":"installing-updates","current":3,"total":6,"progress":63}
[2025-05-16 20:35:18.339] [info]  DiscordSplash.onStateUpdate: {"status":"installing-updates","current":3,"total":6,"progress":63}
[2025-05-16 20:35:18.339] [info]  Splash.onStateUpdate: {"status":"installing-updates","current":3,"total":6,"progress":63}
[2025-05-16 20:35:18.339] [info]  DiscordSplash.onStateUpdate: {"status":"installing-updates","current":3,"total":6,"progress":63}
[2025-05-16 20:35:18.340] [info]  Splash.onStateUpdate: {"status":"installing-updates","current":3,"total":6,"progress":63}
[2025-05-16 20:35:18.340] [info]  DiscordSplash.onStateUpdate: {"status":"installing-updates","current":3,"total":6,"progress":64}
[2025-05-16 20:35:18.340] [info]  Splash.onStateUpdate: {"status":"installing-updates","current":3,"total":6,"progress":64}
[2025-05-16 20:35:18.341] [info]  DiscordSplash.onStateUpdate: {"status":"installing-updates","current":3,"total":6,"progress":64}
[2025-05-16 20:35:18.341] [info]  Splash.onStateUpdate: {"status":"installing-updates","current":3,"total":6,"progress":64}
[2025-05-16 20:35:18.341] [info]  DiscordSplash.onStateUpdate: {"status":"installing-updates","current":3,"total":6,"progress":64}
[2025-05-16 20:35:18.341] [info]  Splash.onStateUpdate: {"status":"installing-updates","current":3,"total":6,"progress":64}
[2025-05-16 20:35:18.341] [info]  DiscordSplash.onStateUpdate: {"status":"installing-updates","current":3,"total":6,"progress":64}
[2025-05-16 20:35:18.342] [info]  Splash.onStateUpdate: {"status":"installing-updates","current":3,"total":6,"progress":64}
[2025-05-16 20:35:18.342] [info]  DiscordSplash.onStateUpdate: {"status":"installing-updates","current":3,"total":6,"progress":64}
[2025-05-16 20:35:18.342] [info]  Splash.onStateUpdate: {"status":"installing-updates","current":3,"total":6,"progress":64}
[2025-05-16 20:35:18.343] [info]  DiscordSplash.onStateUpdate: {"status":"installing-updates","current":3,"total":6,"progress":64}
[2025-05-16 20:35:18.343] [info]  Splash.onStateUpdate: {"status":"installing-updates","current":3,"total":6,"progress":64}
[2025-05-16 20:35:18.343] [info]  DiscordSplash.onStateUpdate: {"status":"installing-updates","current":3,"total":6,"progress":64}
[2025-05-16 20:35:18.343] [info]  Splash.onStateUpdate: {"status":"installing-updates","current":3,"total":6,"progress":64}
[2025-05-16 20:35:18.344] [info]  DiscordSplash.onStateUpdate: {"status":"installing-updates","current":3,"total":6,"progress":65}
[2025-05-16 20:35:18.344] [info]  Splash.onStateUpdate: {"status":"installing-updates","current":3,"total":6,"progress":65}
[2025-05-16 20:35:18.344] [info]  DiscordSplash.onStateUpdate: {"status":"installing-updates","current":3,"total":6,"progress":65}
[2025-05-16 20:35:18.344] [info]  Splash.onStateUpdate: {"status":"installing-updates","current":3,"total":6,"progress":65}
[2025-05-16 20:35:18.345] [info]  DiscordSplash.onStateUpdate: {"status":"installing-updates","current":3,"total":6,"progress":65}
[2025-05-16 20:35:18.345] [info]  Splash.onStateUpdate: {"status":"installing-updates","current":3,"total":6,"progress":65}
[2025-05-16 20:35:18.346] [info]  DiscordSplash.onStateUpdate: {"status":"installing-updates","current":3,"total":6,"progress":65}
[2025-05-16 20:35:18.346] [info]  Splash.onStateUpdate: {"status":"installing-updates","current":3,"total":6,"progress":65}
[2025-05-16 20:35:18.346] [info]  DiscordSplash.onStateUpdate: {"status":"installing-updates","current":3,"total":6,"progress":65}
[2025-05-16 20:35:18.346] [info]  Splash.onStateUpdate: {"status":"installing-updates","current":3,"total":6,"progress":65}
[2025-05-16 20:35:18.347] [info]  DiscordSplash.onStateUpdate: {"status":"installing-updates","current":3,"total":6,"progress":65}
[2025-05-16 20:35:18.347] [info]  Splash.onStateUpdate: {"status":"installing-updates","current":3,"total":6,"progress":65}
[2025-05-16 20:35:18.347] [info]  DiscordSplash.onStateUpdate: {"status":"installing-updates","current":3,"total":6,"progress":66}
[2025-05-16 20:35:18.347] [info]  Splash.onStateUpdate: {"status":"installing-updates","current":3,"total":6,"progress":66}
[2025-05-16 20:35:18.348] [info]  DiscordSplash.onStateUpdate: {"status":"installing-updates","current":3,"total":6,"progress":66}
[2025-05-16 20:35:18.348] [info]  Splash.onStateUpdate: {"status":"installing-updates","current":3,"total":6,"progress":66}
[2025-05-16 20:35:18.348] [info]  DiscordSplash.onStateUpdate: {"status":"installing-updates","current":3,"total":6,"progress":66}
[2025-05-16 20:35:18.348] [info]  Splash.onStateUpdate: {"status":"installing-updates","current":3,"total":6,"progress":66}
[2025-05-16 20:35:18.349] [info]  DiscordSplash.onStateUpdate: {"status":"installing-updates","current":3,"total":6,"progress":66}
[2025-05-16 20:35:18.349] [info]  Splash.onStateUpdate: {"status":"installing-updates","current":3,"total":6,"progress":66}
[2025-05-16 20:35:18.349] [info]  DiscordSplash.onStateUpdate: {"status":"installing-updates","current":3,"total":6,"progress":66}
[2025-05-16 20:35:18.349] [info]  Splash.onStateUpdate: {"status":"installing-updates","current":3,"total":6,"progress":66}
[2025-05-16 20:35:18.350] [info]  DiscordSplash.onStateUpdate: {"status":"installing-updates","current":3,"total":6,"progress":66}
[2025-05-16 20:35:18.350] [info]  Splash.onStateUpdate: {"status":"installing-updates","current":3,"total":6,"progress":66}
[2025-05-16 20:35:18.350] [info]  DiscordSplash.onStateUpdate: {"status":"installing-updates","current":3,"total":6,"progress":67}
[2025-05-16 20:35:18.350] [info]  Splash.onStateUpdate: {"status":"installing-updates","current":3,"total":6,"progress":67}
[2025-05-16 20:35:18.351] [info]  DiscordSplash.onStateUpdate: {"status":"installing-updates","current":3,"total":6,"progress":67}
[2025-05-16 20:35:18.351] [info]  Splash.onStateUpdate: {"status":"installing-updates","current":3,"total":6,"progress":67}
[2025-05-16 20:35:18.351] [info]  DiscordSplash.onStateUpdate: {"status":"installing-updates","current":3,"total":6,"progress":67}
[2025-05-16 20:35:18.351] [info]  Splash.onStateUpdate: {"status":"installing-updates","current":3,"total":6,"progress":67}
[2025-05-16 20:35:18.352] [info]  DiscordSplash.onStateUpdate: {"status":"installing-updates","current":3,"total":6,"progress":67}
[2025-05-16 20:35:18.352] [info]  Splash.onStateUpdate: {"status":"installing-updates","current":3,"total":6,"progress":67}
[2025-05-16 20:35:18.352] [info]  DiscordSplash.onStateUpdate: {"status":"installing-updates","current":3,"total":6,"progress":67}
[2025-05-16 20:35:18.352] [info]  Splash.onStateUpdate: {"status":"installing-updates","current":3,"total":6,"progress":67}
[2025-05-16 20:35:18.353] [info]  DiscordSplash.onStateUpdate: {"status":"installing-updates","current":3,"total":6,"progress":67}
[2025-05-16 20:35:18.353] [info]  Splash.onStateUpdate: {"status":"installing-updates","current":3,"total":6,"progress":67}
[2025-05-16 20:35:18.353] [info]  DiscordSplash.onStateUpdate: {"status":"installing-updates","current":3,"total":6,"progress":68}
[2025-05-16 20:35:18.353] [info]  Splash.onStateUpdate: {"status":"installing-updates","current":3,"total":6,"progress":68}
[2025-05-16 20:35:18.354] [info]  DiscordSplash.onStateUpdate: {"status":"installing-updates","current":3,"total":6,"progress":68}
[2025-05-16 20:35:18.354] [info]  Splash.onStateUpdate: {"status":"installing-updates","current":3,"total":6,"progress":68}
[2025-05-16 20:35:18.354] [info]  DiscordSplash.onStateUpdate: {"status":"installing-updates","current":3,"total":6,"progress":68}
[2025-05-16 20:35:18.354] [info]  Splash.onStateUpdate: {"status":"installing-updates","current":3,"total":6,"progress":68}
[2025-05-16 20:35:18.355] [info]  DiscordSplash.onStateUpdate: {"status":"installing-updates","current":3,"total":6,"progress":68}
[2025-05-16 20:35:18.355] [info]  Splash.onStateUpdate: {"status":"installing-updates","current":3,"total":6,"progress":68}
[2025-05-16 20:35:18.355] [info]  DiscordSplash.onStateUpdate: {"status":"installing-updates","current":3,"total":6,"progress":68}
[2025-05-16 20:35:18.355] [info]  Splash.onStateUpdate: {"status":"installing-updates","current":3,"total":6,"progress":68}
[2025-05-16 20:35:18.356] [info]  DiscordSplash.onStateUpdate: {"status":"installing-updates","current":3,"total":6,"progress":68}
[2025-05-16 20:35:18.356] [info]  Splash.onStateUpdate: {"status":"installing-updates","current":3,"total":6,"progress":68}
[2025-05-16 20:35:18.356] [info]  DiscordSplash.onStateUpdate: {"status":"installing-updates","current":3,"total":6,"progress":69}
[2025-05-16 20:35:18.356] [info]  Splash.onStateUpdate: {"status":"installing-updates","current":3,"total":6,"progress":69}
[2025-05-16 20:35:18.357] [info]  DiscordSplash.onStateUpdate: {"status":"installing-updates","current":3,"total":6,"progress":69}
[2025-05-16 20:35:18.357] [info]  Splash.onStateUpdate: {"status":"installing-updates","current":3,"total":6,"progress":69}
[2025-05-16 20:35:18.357] [info]  DiscordSplash.onStateUpdate: {"status":"installing-updates","current":3,"total":6,"progress":69}
[2025-05-16 20:35:18.357] [info]  Splash.onStateUpdate: {"status":"installing-updates","current":3,"total":6,"progress":69}
[2025-05-16 20:35:18.358] [info]  DiscordSplash.onStateUpdate: {"status":"installing-updates","current":3,"total":6,"progress":69}
[2025-05-16 20:35:18.358] [info]  Splash.onStateUpdate: {"status":"installing-updates","current":3,"total":6,"progress":69}
[2025-05-16 20:35:18.358] [info]  DiscordSplash.onStateUpdate: {"status":"installing-updates","current":3,"total":6,"progress":69}
[2025-05-16 20:35:18.358] [info]  Splash.onStateUpdate: {"status":"installing-updates","current":3,"total":6,"progress":69}
[2025-05-16 20:35:18.359] [info]  DiscordSplash.onStateUpdate: {"status":"installing-updates","current":3,"total":6,"progress":69}
[2025-05-16 20:35:18.359] [info]  Splash.onStateUpdate: {"status":"installing-updates","current":3,"total":6,"progress":69}
[2025-05-16 20:35:18.360] [info]  DiscordSplash.onStateUpdate: {"status":"installing-updates","current":3,"total":6,"progress":70}
[2025-05-16 20:35:18.360] [info]  Splash.onStateUpdate: {"status":"installing-updates","current":3,"total":6,"progress":70}
[2025-05-16 20:35:18.360] [info]  DiscordSplash.onStateUpdate: {"status":"installing-updates","current":3,"total":6,"progress":70}
[2025-05-16 20:35:18.360] [info]  Splash.onStateUpdate: {"status":"installing-updates","current":3,"total":6,"progress":70}
[2025-05-16 20:35:18.361] [info]  DiscordSplash.onStateUpdate: {"status":"installing-updates","current":3,"total":6,"progress":70}
[2025-05-16 20:35:18.361] [info]  Splash.onStateUpdate: {"status":"installing-updates","current":3,"total":6,"progress":70}
[2025-05-16 20:35:18.362] [info]  DiscordSplash.onStateUpdate: {"status":"installing-updates","current":3,"total":6,"progress":70}
[2025-05-16 20:35:18.362] [info]  Splash.onStateUpdate: {"status":"installing-updates","current":3,"total":6,"progress":70}
[2025-05-16 20:35:18.362] [info]  DiscordSplash.onStateUpdate: {"status":"installing-updates","current":3,"total":6,"progress":70}
[2025-05-16 20:35:18.363] [info]  Splash.onStateUpdate: {"status":"installing-updates","current":3,"total":6,"progress":70}
[2025-05-16 20:35:18.363] [info]  DiscordSplash.onStateUpdate: {"status":"installing-updates","current":3,"total":6,"progress":70}
[2025-05-16 20:35:18.363] [info]  Splash.onStateUpdate: {"status":"installing-updates","current":3,"total":6,"progress":70}
[2025-05-16 20:35:18.364] [info]  DiscordSplash.onStateUpdate: {"status":"installing-updates","current":3,"total":6,"progress":70}
[2025-05-16 20:35:18.364] [info]  Splash.onStateUpdate: {"status":"installing-updates","current":3,"total":6,"progress":70}
[2025-05-16 20:35:18.364] [info]  DiscordSplash.onStateUpdate: {"status":"installing-updates","current":3,"total":6,"progress":71}
[2025-05-16 20:35:18.364] [info]  Splash.onStateUpdate: {"status":"installing-updates","current":3,"total":6,"progress":71}
[2025-05-16 20:35:18.365] [info]  DiscordSplash.onStateUpdate: {"status":"installing-updates","current":3,"total":6,"progress":71}
[2025-05-16 20:35:18.365] [info]  Splash.onStateUpdate: {"status":"installing-updates","current":3,"total":6,"progress":71}
[2025-05-16 20:35:18.365] [info]  DiscordSplash.onStateUpdate: {"status":"installing-updates","current":3,"total":6,"progress":71}
[2025-05-16 20:35:18.365] [info]  Splash.onStateUpdate: {"status":"installing-updates","current":3,"total":6,"progress":71}
[2025-05-16 20:35:18.366] [info]  DiscordSplash.onStateUpdate: {"status":"installing-updates","current":3,"total":6,"progress":71}
[2025-05-16 20:35:18.366] [info]  Splash.onStateUpdate: {"status":"installing-updates","current":3,"total":6,"progress":71}
[2025-05-16 20:35:18.366] [info]  DiscordSplash.onStateUpdate: {"status":"installing-updates","current":3,"total":6,"progress":71}
[2025-05-16 20:35:18.366] [info]  Splash.onStateUpdate: {"status":"installing-updates","current":3,"total":6,"progress":71}
[2025-05-16 20:35:18.367] [info]  DiscordSplash.onStateUpdate: {"status":"installing-updates","current":3,"total":6,"progress":71}
[2025-05-16 20:35:18.367] [info]  Splash.onStateUpdate: {"status":"installing-updates","current":3,"total":6,"progress":71}
[2025-05-16 20:35:18.367] [info]  DiscordSplash.onStateUpdate: {"status":"installing-updates","current":3,"total":6,"progress":72}
[2025-05-16 20:35:18.367] [info]  Splash.onStateUpdate: {"status":"installing-updates","current":3,"total":6,"progress":72}
[2025-05-16 20:35:18.368] [info]  DiscordSplash.onStateUpdate: {"status":"installing-updates","current":3,"total":6,"progress":72}
[2025-05-16 20:35:18.368] [info]  Splash.onStateUpdate: {"status":"installing-updates","current":3,"total":6,"progress":72}
[2025-05-16 20:35:18.368] [info]  DiscordSplash.onStateUpdate: {"status":"installing-updates","current":3,"total":6,"progress":72}
[2025-05-16 20:35:18.368] [info]  Splash.onStateUpdate: {"status":"installing-updates","current":3,"total":6,"progress":72}
[2025-05-16 20:35:18.369] [info]  DiscordSplash.onStateUpdate: {"status":"installing-updates","current":3,"total":6,"progress":72}
[2025-05-16 20:35:18.369] [info]  Splash.onStateUpdate: {"status":"installing-updates","current":3,"total":6,"progress":72}
[2025-05-16 20:35:18.369] [info]  DiscordSplash.onStateUpdate: {"status":"installing-updates","current":3,"total":6,"progress":72}
[2025-05-16 20:35:18.369] [info]  Splash.onStateUpdate: {"status":"installing-updates","current":3,"total":6,"progress":72}
[2025-05-16 20:35:18.370] [info]  DiscordSplash.onStateUpdate: {"status":"installing-updates","current":3,"total":6,"progress":72}
[2025-05-16 20:35:18.370] [info]  Splash.onStateUpdate: {"status":"installing-updates","current":3,"total":6,"progress":72}
[2025-05-16 20:35:18.370] [info]  DiscordSplash.onStateUpdate: {"status":"installing-updates","current":3,"total":6,"progress":73}
[2025-05-16 20:35:18.371] [info]  Splash.onStateUpdate: {"status":"installing-updates","current":3,"total":6,"progress":73}
[2025-05-16 20:35:18.371] [info]  DiscordSplash.onStateUpdate: {"status":"installing-updates","current":3,"total":6,"progress":73}
[2025-05-16 20:35:18.371] [info]  Splash.onStateUpdate: {"status":"installing-updates","current":3,"total":6,"progress":73}
[2025-05-16 20:35:18.371] [info]  DiscordSplash.onStateUpdate: {"status":"installing-updates","current":3,"total":6,"progress":73}
[2025-05-16 20:35:18.372] [info]  Splash.onStateUpdate: {"status":"installing-updates","current":3,"total":6,"progress":73}
[2025-05-16 20:35:18.372] [info]  DiscordSplash.onStateUpdate: {"status":"installing-updates","current":3,"total":6,"progress":73}
[2025-05-16 20:35:18.372] [info]  Splash.onStateUpdate: {"status":"installing-updates","current":3,"total":6,"progress":73}
[2025-05-16 20:35:18.372] [info]  DiscordSplash.onStateUpdate: {"status":"installing-updates","current":3,"total":6,"progress":73}
[2025-05-16 20:35:18.373] [info]  Splash.onStateUpdate: {"status":"installing-updates","current":3,"total":6,"progress":73}
[2025-05-16 20:35:18.373] [info]  DiscordSplash.onStateUpdate: {"status":"installing-updates","current":3,"total":6,"progress":73}
[2025-05-16 20:35:18.373] [info]  Splash.onStateUpdate: {"status":"installing-updates","current":3,"total":6,"progress":73}
[2025-05-16 20:35:18.373] [info]  DiscordSplash.onStateUpdate: {"status":"installing-updates","current":3,"total":6,"progress":74}
[2025-05-16 20:35:18.373] [info]  Splash.onStateUpdate: {"status":"installing-updates","current":3,"total":6,"progress":74}
[2025-05-16 20:35:18.374] [info]  DiscordSplash.onStateUpdate: {"status":"installing-updates","current":3,"total":6,"progress":74}
[2025-05-16 20:35:18.374] [info]  Splash.onStateUpdate: {"status":"installing-updates","current":3,"total":6,"progress":74}
[2025-05-16 20:35:18.374] [info]  DiscordSplash.onStateUpdate: {"status":"installing-updates","current":3,"total":6,"progress":74}
[2025-05-16 20:35:18.374] [info]  Splash.onStateUpdate: {"status":"installing-updates","current":3,"total":6,"progress":74}
[2025-05-16 20:35:18.375] [info]  DiscordSplash.onStateUpdate: {"status":"installing-updates","current":3,"total":6,"progress":74}
[2025-05-16 20:35:18.375] [info]  Splash.onStateUpdate: {"status":"installing-updates","current":3,"total":6,"progress":74}
[2025-05-16 20:35:18.375] [info]  DiscordSplash.onStateUpdate: {"status":"installing-updates","current":3,"total":6,"progress":74}
[2025-05-16 20:35:18.375] [info]  Splash.onStateUpdate: {"status":"installing-updates","current":3,"total":6,"progress":74}
[2025-05-16 20:35:18.376] [info]  DiscordSplash.onStateUpdate: {"status":"installing-updates","current":3,"total":6,"progress":74}
[2025-05-16 20:35:18.376] [info]  Splash.onStateUpdate: {"status":"installing-updates","current":3,"total":6,"progress":74}
[2025-05-16 20:35:18.376] [info]  DiscordSplash.onStateUpdate: {"status":"installing-updates","current":3,"total":6,"progress":75}
[2025-05-16 20:35:18.376] [info]  Splash.onStateUpdate: {"status":"installing-updates","current":3,"total":6,"progress":75}
[2025-05-16 20:35:18.377] [info]  DiscordSplash.onStateUpdate: {"status":"installing-updates","current":3,"total":6,"progress":75}
[2025-05-16 20:35:18.377] [info]  Splash.onStateUpdate: {"status":"installing-updates","current":3,"total":6,"progress":75}
[2025-05-16 20:35:18.378] [info]  DiscordSplash.onStateUpdate: {"status":"installing-updates","current":3,"total":6,"progress":75}
[2025-05-16 20:35:18.378] [info]  Splash.onStateUpdate: {"status":"installing-updates","current":3,"total":6,"progress":75}
[2025-05-16 20:35:18.378] [info]  DiscordSplash.onStateUpdate: {"status":"installing-updates","current":3,"total":6,"progress":75}
[2025-05-16 20:35:18.379] [info]  Splash.onStateUpdate: {"status":"installing-updates","current":3,"total":6,"progress":75}
[2025-05-16 20:35:18.379] [info]  DiscordSplash.onStateUpdate: {"status":"installing-updates","current":3,"total":6,"progress":75}
[2025-05-16 20:35:18.379] [info]  Splash.onStateUpdate: {"status":"installing-updates","current":3,"total":6,"progress":75}
[2025-05-16 20:35:18.379] [info]  DiscordSplash.onStateUpdate: {"status":"installing-updates","current":3,"total":6,"progress":75}
[2025-05-16 20:35:18.379] [info]  Splash.onStateUpdate: {"status":"installing-updates","current":3,"total":6,"progress":75}
[2025-05-16 20:35:18.380] [info]  DiscordSplash.onStateUpdate: {"status":"installing-updates","current":3,"total":6,"progress":76}
[2025-05-16 20:35:18.380] [info]  Splash.onStateUpdate: {"status":"installing-updates","current":3,"total":6,"progress":76}
[2025-05-16 20:35:18.380] [info]  DiscordSplash.onStateUpdate: {"status":"installing-updates","current":3,"total":6,"progress":76}
[2025-05-16 20:35:18.380] [info]  Splash.onStateUpdate: {"status":"installing-updates","current":3,"total":6,"progress":76}
[2025-05-16 20:35:18.381] [info]  DiscordSplash.onStateUpdate: {"status":"installing-updates","current":3,"total":6,"progress":76}
[2025-05-16 20:35:18.381] [info]  Splash.onStateUpdate: {"status":"installing-updates","current":3,"total":6,"progress":76}
[2025-05-16 20:35:18.381] [info]  DiscordSplash.onStateUpdate: {"status":"installing-updates","current":3,"total":6,"progress":76}
[2025-05-16 20:35:18.381] [info]  Splash.onStateUpdate: {"status":"installing-updates","current":3,"total":6,"progress":76}
[2025-05-16 20:35:18.382] [info]  DiscordSplash.onStateUpdate: {"status":"installing-updates","current":3,"total":6,"progress":76}
[2025-05-16 20:35:18.382] [info]  Splash.onStateUpdate: {"status":"installing-updates","current":3,"total":6,"progress":76}
[2025-05-16 20:35:18.382] [info]  DiscordSplash.onStateUpdate: {"status":"installing-updates","current":3,"total":6,"progress":76}
[2025-05-16 20:35:18.383] [info]  Splash.onStateUpdate: {"status":"installing-updates","current":3,"total":6,"progress":76}
[2025-05-16 20:35:18.383] [info]  DiscordSplash.onStateUpdate: {"status":"installing-updates","current":3,"total":6,"progress":76}
[2025-05-16 20:35:18.383] [info]  Splash.onStateUpdate: {"status":"installing-updates","current":3,"total":6,"progress":76}
[2025-05-16 20:35:18.385] [info]  DiscordSplash.onStateUpdate: {"status":"installing-updates","current":3,"total":6,"progress":77}
[2025-05-16 20:35:18.385] [info]  Splash.onStateUpdate: {"status":"installing-updates","current":3,"total":6,"progress":77}
[2025-05-16 20:35:18.385] [info]  DiscordSplash.onStateUpdate: {"status":"installing-updates","current":3,"total":6,"progress":77}
[2025-05-16 20:35:18.385] [info]  Splash.onStateUpdate: {"status":"installing-updates","current":3,"total":6,"progress":77}
[2025-05-16 20:35:18.386] [info]  DiscordSplash.onStateUpdate: {"status":"installing-updates","current":3,"total":6,"progress":77}
[2025-05-16 20:35:18.386] [info]  Splash.onStateUpdate: {"status":"installing-updates","current":3,"total":6,"progress":77}
[2025-05-16 20:35:18.386] [info]  DiscordSplash.onStateUpdate: {"status":"installing-updates","current":3,"total":6,"progress":77}
[2025-05-16 20:35:18.386] [info]  Splash.onStateUpdate: {"status":"installing-updates","current":3,"total":6,"progress":77}
[2025-05-16 20:35:18.387] [info]  DiscordSplash.onStateUpdate: {"status":"installing-updates","current":3,"total":6,"progress":77}
[2025-05-16 20:35:18.387] [info]  Splash.onStateUpdate: {"status":"installing-updates","current":3,"total":6,"progress":77}
[2025-05-16 20:35:18.388] [info]  DiscordSplash.onStateUpdate: {"status":"installing-updates","current":3,"total":6,"progress":77}
[2025-05-16 20:35:18.389] [info]  Splash.onStateUpdate: {"status":"installing-updates","current":3,"total":6,"progress":77}
[2025-05-16 20:35:18.389] [info]  DiscordSplash.onStateUpdate: {"status":"installing-updates","current":3,"total":6,"progress":78}
[2025-05-16 20:35:18.390] [info]  Splash.onStateUpdate: {"status":"installing-updates","current":3,"total":6,"progress":78}
[2025-05-16 20:35:18.390] [info]  DiscordSplash.onStateUpdate: {"status":"installing-updates","current":3,"total":6,"progress":78}
[2025-05-16 20:35:18.390] [info]  Splash.onStateUpdate: {"status":"installing-updates","current":3,"total":6,"progress":78}
[2025-05-16 20:35:18.391] [info]  DiscordSplash.onStateUpdate: {"status":"installing-updates","current":3,"total":6,"progress":78}
[2025-05-16 20:35:18.391] [info]  Splash.onStateUpdate: {"status":"installing-updates","current":3,"total":6,"progress":78}
[2025-05-16 20:35:18.391] [info]  DiscordSplash.onStateUpdate: {"status":"installing-updates","current":3,"total":6,"progress":78}
[2025-05-16 20:35:18.392] [info]  Splash.onStateUpdate: {"status":"installing-updates","current":3,"total":6,"progress":78}
[2025-05-16 20:35:18.392] [info]  DiscordSplash.onStateUpdate: {"status":"installing-updates","current":3,"total":6,"progress":78}
[2025-05-16 20:35:18.392] [info]  Splash.onStateUpdate: {"status":"installing-updates","current":3,"total":6,"progress":78}
[2025-05-16 20:35:18.392] [info]  DiscordSplash.onStateUpdate: {"status":"installing-updates","current":3,"total":6,"progress":78}
[2025-05-16 20:35:18.393] [info]  Splash.onStateUpdate: {"status":"installing-updates","current":3,"total":6,"progress":78}
[2025-05-16 20:35:18.393] [info]  DiscordSplash.onStateUpdate: {"status":"installing-updates","current":3,"total":6,"progress":79}
[2025-05-16 20:35:18.393] [info]  Splash.onStateUpdate: {"status":"installing-updates","current":3,"total":6,"progress":79}
[2025-05-16 20:35:18.394] [info]  DiscordSplash.onStateUpdate: {"status":"installing-updates","current":3,"total":6,"progress":79}
[2025-05-16 20:35:18.394] [info]  Splash.onStateUpdate: {"status":"installing-updates","current":3,"total":6,"progress":79}
[2025-05-16 20:35:18.394] [info]  DiscordSplash.onStateUpdate: {"status":"installing-updates","current":3,"total":6,"progress":79}
[2025-05-16 20:35:18.394] [info]  Splash.onStateUpdate: {"status":"installing-updates","current":3,"total":6,"progress":79}
[2025-05-16 20:35:18.395] [info]  DiscordSplash.onStateUpdate: {"status":"installing-updates","current":3,"total":6,"progress":79}
[2025-05-16 20:35:18.395] [info]  Splash.onStateUpdate: {"status":"installing-updates","current":3,"total":6,"progress":79}
[2025-05-16 20:35:18.396] [info]  DiscordSplash.onStateUpdate: {"status":"installing-updates","current":3,"total":6,"progress":79}
[2025-05-16 20:35:18.396] [info]  Splash.onStateUpdate: {"status":"installing-updates","current":3,"total":6,"progress":79}
[2025-05-16 20:35:18.396] [info]  DiscordSplash.onStateUpdate: {"status":"installing-updates","current":3,"total":6,"progress":79}
[2025-05-16 20:35:18.396] [info]  Splash.onStateUpdate: {"status":"installing-updates","current":3,"total":6,"progress":79}
[2025-05-16 20:35:18.397] [info]  DiscordSplash.onStateUpdate: {"status":"installing-updates","current":3,"total":6,"progress":80}
[2025-05-16 20:35:18.397] [info]  Splash.onStateUpdate: {"status":"installing-updates","current":3,"total":6,"progress":80}
[2025-05-16 20:35:18.397] [info]  DiscordSplash.onStateUpdate: {"status":"installing-updates","current":3,"total":6,"progress":80}
[2025-05-16 20:35:18.397] [info]  Splash.onStateUpdate: {"status":"installing-updates","current":3,"total":6,"progress":80}
[2025-05-16 20:35:18.398] [info]  DiscordSplash.onStateUpdate: {"status":"installing-updates","current":3,"total":6,"progress":80}
[2025-05-16 20:35:18.398] [info]  Splash.onStateUpdate: {"status":"installing-updates","current":3,"total":6,"progress":80}
[2025-05-16 20:35:18.398] [info]  DiscordSplash.onStateUpdate: {"status":"installing-updates","current":3,"total":6,"progress":80}
[2025-05-16 20:35:18.398] [info]  Splash.onStateUpdate: {"status":"installing-updates","current":3,"total":6,"progress":80}
[2025-05-16 20:35:18.399] [info]  DiscordSplash.onStateUpdate: {"status":"installing-updates","current":3,"total":6,"progress":80}
[2025-05-16 20:35:18.399] [info]  Splash.onStateUpdate: {"status":"installing-updates","current":3,"total":6,"progress":80}
[2025-05-16 20:35:18.400] [info]  DiscordSplash.onStateUpdate: {"status":"installing-updates","current":3,"total":6,"progress":80}
[2025-05-16 20:35:18.400] [info]  Splash.onStateUpdate: {"status":"installing-updates","current":3,"total":6,"progress":80}
[2025-05-16 20:35:18.400] [info]  DiscordSplash.onStateUpdate: {"status":"installing-updates","current":3,"total":6,"progress":81}
[2025-05-16 20:35:18.400] [info]  Splash.onStateUpdate: {"status":"installing-updates","current":3,"total":6,"progress":81}
[2025-05-16 20:35:18.401] [info]  DiscordSplash.onStateUpdate: {"status":"installing-updates","current":3,"total":6,"progress":81}
[2025-05-16 20:35:18.401] [info]  Splash.onStateUpdate: {"status":"installing-updates","current":3,"total":6,"progress":81}
[2025-05-16 20:35:18.401] [info]  DiscordSplash.onStateUpdate: {"status":"installing-updates","current":3,"total":6,"progress":81}
[2025-05-16 20:35:18.401] [info]  Splash.onStateUpdate: {"status":"installing-updates","current":3,"total":6,"progress":81}
[2025-05-16 20:35:18.402] [info]  DiscordSplash.onStateUpdate: {"status":"installing-updates","current":3,"total":6,"progress":81}
[2025-05-16 20:35:18.402] [info]  Splash.onStateUpdate: {"status":"installing-updates","current":3,"total":6,"progress":81}
[2025-05-16 20:35:18.402] [info]  DiscordSplash.onStateUpdate: {"status":"installing-updates","current":3,"total":6,"progress":81}
[2025-05-16 20:35:18.403] [info]  Splash.onStateUpdate: {"status":"installing-updates","current":3,"total":6,"progress":81}
[2025-05-16 20:35:18.404] [info]  DiscordSplash.onStateUpdate: {"status":"installing-updates","current":3,"total":6,"progress":81}
[2025-05-16 20:35:18.404] [info]  Splash.onStateUpdate: {"status":"installing-updates","current":3,"total":6,"progress":81}
[2025-05-16 20:35:18.404] [info]  DiscordSplash.onStateUpdate: {"status":"installing-updates","current":3,"total":6,"progress":82}
[2025-05-16 20:35:18.404] [info]  Splash.onStateUpdate: {"status":"installing-updates","current":3,"total":6,"progress":82}
[2025-05-16 20:35:18.405] [info]  DiscordSplash.onStateUpdate: {"status":"installing-updates","current":3,"total":6,"progress":82}
[2025-05-16 20:35:18.405] [info]  Splash.onStateUpdate: {"status":"installing-updates","current":3,"total":6,"progress":82}
[2025-05-16 20:35:18.406] [info]  DiscordSplash.onStateUpdate: {"status":"installing-updates","current":3,"total":6,"progress":82}
[2025-05-16 20:35:18.406] [info]  Splash.onStateUpdate: {"status":"installing-updates","current":3,"total":6,"progress":82}
[2025-05-16 20:35:18.407] [info]  DiscordSplash.onStateUpdate: {"status":"installing-updates","current":3,"total":6,"progress":82}
[2025-05-16 20:35:18.407] [info]  Splash.onStateUpdate: {"status":"installing-updates","current":3,"total":6,"progress":82}
[2025-05-16 20:35:18.408] [info]  DiscordSplash.onStateUpdate: {"status":"installing-updates","current":3,"total":6,"progress":82}
[2025-05-16 20:35:18.408] [info]  Splash.onStateUpdate: {"status":"installing-updates","current":3,"total":6,"progress":82}
[2025-05-16 20:35:18.408] [info]  DiscordSplash.onStateUpdate: {"status":"installing-updates","current":3,"total":6,"progress":82}
[2025-05-16 20:35:18.408] [info]  Splash.onStateUpdate: {"status":"installing-updates","current":3,"total":6,"progress":82}
[2025-05-16 20:35:18.409] [info]  DiscordSplash.onStateUpdate: {"status":"installing-updates","current":3,"total":6,"progress":82}
[2025-05-16 20:35:18.409] [info]  Splash.onStateUpdate: {"status":"installing-updates","current":3,"total":6,"progress":82}
[2025-05-16 20:35:18.409] [info]  DiscordSplash.onStateUpdate: {"status":"installing-updates","current":3,"total":6,"progress":83}
[2025-05-16 20:35:18.409] [info]  Splash.onStateUpdate: {"status":"installing-updates","current":3,"total":6,"progress":83}
[2025-05-16 20:35:18.410] [info]  DiscordSplash.onStateUpdate: {"status":"installing-updates","current":3,"total":6,"progress":83}
[2025-05-16 20:35:18.410] [info]  Splash.onStateUpdate: {"status":"installing-updates","current":3,"total":6,"progress":83}
[2025-05-16 20:35:18.410] [info]  DiscordSplash.onStateUpdate: {"status":"installing-updates","current":3,"total":6,"progress":83}
[2025-05-16 20:35:18.410] [info]  Splash.onStateUpdate: {"status":"installing-updates","current":3,"total":6,"progress":83}
[2025-05-16 20:35:18.411] [info]  DiscordSplash.onStateUpdate: {"status":"installing-updates","current":3,"total":6,"progress":83}
[2025-05-16 20:35:18.411] [info]  Splash.onStateUpdate: {"status":"installing-updates","current":3,"total":6,"progress":83}
[2025-05-16 20:35:18.411] [info]  DiscordSplash.onStateUpdate: {"status":"installing-updates","current":3,"total":6,"progress":83}
[2025-05-16 20:35:18.411] [info]  Splash.onStateUpdate: {"status":"installing-updates","current":3,"total":6,"progress":83}
[2025-05-16 20:35:18.412] [info]  DiscordSplash.onStateUpdate: {"status":"installing-updates","current":3,"total":6,"progress":83}
[2025-05-16 20:35:18.412] [info]  Splash.onStateUpdate: {"status":"installing-updates","current":3,"total":6,"progress":83}
[2025-05-16 20:35:18.412] [info]  DiscordSplash.onStateUpdate: {"status":"installing-updates","current":3,"total":6,"progress":84}
[2025-05-16 20:35:18.412] [info]  Splash.onStateUpdate: {"status":"installing-updates","current":3,"total":6,"progress":84}
[2025-05-16 20:35:18.413] [info]  DiscordSplash.onStateUpdate: {"status":"installing-updates","current":3,"total":6,"progress":84}
[2025-05-16 20:35:18.413] [info]  Splash.onStateUpdate: {"status":"installing-updates","current":3,"total":6,"progress":84}
[2025-05-16 20:35:18.414] [info]  DiscordSplash.onStateUpdate: {"status":"installing-updates","current":3,"total":6,"progress":84}
[2025-05-16 20:35:18.414] [info]  Splash.onStateUpdate: {"status":"installing-updates","current":3,"total":6,"progress":84}
[2025-05-16 20:35:18.415] [info]  DiscordSplash.onStateUpdate: {"status":"installing-updates","current":3,"total":6,"progress":84}
[2025-05-16 20:35:18.415] [info]  Splash.onStateUpdate: {"status":"installing-updates","current":3,"total":6,"progress":84}
[2025-05-16 20:35:18.415] [info]  DiscordSplash.onStateUpdate: {"status":"installing-updates","current":3,"total":6,"progress":84}
[2025-05-16 20:35:18.415] [info]  Splash.onStateUpdate: {"status":"installing-updates","current":3,"total":6,"progress":84}
[2025-05-16 20:35:18.416] [info]  DiscordSplash.onStateUpdate: {"status":"installing-updates","current":3,"total":6,"progress":84}
[2025-05-16 20:35:18.416] [info]  Splash.onStateUpdate: {"status":"installing-updates","current":3,"total":6,"progress":84}
[2025-05-16 20:35:18.417] [info]  DiscordSplash.onStateUpdate: {"status":"installing-updates","current":3,"total":6,"progress":85}
[2025-05-16 20:35:18.417] [info]  Splash.onStateUpdate: {"status":"installing-updates","current":3,"total":6,"progress":85}
[2025-05-16 20:35:18.418] [info]  DiscordSplash.onStateUpdate: {"status":"installing-updates","current":3,"total":6,"progress":85}
[2025-05-16 20:35:18.418] [info]  Splash.onStateUpdate: {"status":"installing-updates","current":3,"total":6,"progress":85}
[2025-05-16 20:35:18.418] [info]  DiscordSplash.onStateUpdate: {"status":"installing-updates","current":3,"total":6,"progress":85}
[2025-05-16 20:35:18.418] [info]  Splash.onStateUpdate: {"status":"installing-updates","current":3,"total":6,"progress":85}
[2025-05-16 20:35:18.419] [info]  DiscordSplash.onStateUpdate: {"status":"installing-updates","current":3,"total":6,"progress":85}
[2025-05-16 20:35:18.419] [info]  Splash.onStateUpdate: {"status":"installing-updates","current":3,"total":6,"progress":85}
[2025-05-16 20:35:18.419] [info]  DiscordSplash.onStateUpdate: {"status":"installing-updates","current":3,"total":6,"progress":85}
[2025-05-16 20:35:18.419] [info]  Splash.onStateUpdate: {"status":"installing-updates","current":3,"total":6,"progress":85}
[2025-05-16 20:35:18.420] [info]  DiscordSplash.onStateUpdate: {"status":"installing-updates","current":3,"total":6,"progress":85}
[2025-05-16 20:35:18.420] [info]  Splash.onStateUpdate: {"status":"installing-updates","current":3,"total":6,"progress":85}
[2025-05-16 20:35:18.420] [info]  DiscordSplash.onStateUpdate: {"status":"installing-updates","current":3,"total":6,"progress":86}
[2025-05-16 20:35:18.420] [info]  Splash.onStateUpdate: {"status":"installing-updates","current":3,"total":6,"progress":86}
[2025-05-16 20:35:18.421] [info]  DiscordSplash.onStateUpdate: {"status":"installing-updates","current":3,"total":6,"progress":86}
[2025-05-16 20:35:18.421] [info]  Splash.onStateUpdate: {"status":"installing-updates","current":3,"total":6,"progress":86}
[2025-05-16 20:35:18.421] [info]  DiscordSplash.onStateUpdate: {"status":"installing-updates","current":3,"total":6,"progress":86}
[2025-05-16 20:35:18.421] [info]  Splash.onStateUpdate: {"status":"installing-updates","current":3,"total":6,"progress":86}
[2025-05-16 20:35:18.422] [info]  DiscordSplash.onStateUpdate: {"status":"installing-updates","current":3,"total":6,"progress":86}
[2025-05-16 20:35:18.422] [info]  Splash.onStateUpdate: {"status":"installing-updates","current":3,"total":6,"progress":86}
[2025-05-16 20:35:18.422] [info]  DiscordSplash.onStateUpdate: {"status":"installing-updates","current":3,"total":6,"progress":86}
[2025-05-16 20:35:18.422] [info]  Splash.onStateUpdate: {"status":"installing-updates","current":3,"total":6,"progress":86}
[2025-05-16 20:35:18.423] [info]  DiscordSplash.onStateUpdate: {"status":"installing-updates","current":3,"total":6,"progress":86}
[2025-05-16 20:35:18.423] [info]  Splash.onStateUpdate: {"status":"installing-updates","current":3,"total":6,"progress":86}
[2025-05-16 20:35:18.423] [info]  DiscordSplash.onStateUpdate: {"status":"installing-updates","current":3,"total":6,"progress":87}
[2025-05-16 20:35:18.423] [info]  Splash.onStateUpdate: {"status":"installing-updates","current":3,"total":6,"progress":87}
[2025-05-16 20:35:18.424] [info]  DiscordSplash.onStateUpdate: {"status":"installing-updates","current":3,"total":6,"progress":87}
[2025-05-16 20:35:18.424] [info]  Splash.onStateUpdate: {"status":"installing-updates","current":3,"total":6,"progress":87}
[2025-05-16 20:35:18.424] [info]  DiscordSplash.onStateUpdate: {"status":"installing-updates","current":3,"total":6,"progress":87}
[2025-05-16 20:35:18.424] [info]  Splash.onStateUpdate: {"status":"installing-updates","current":3,"total":6,"progress":87}
[2025-05-16 20:35:18.425] [info]  DiscordSplash.onStateUpdate: {"status":"installing-updates","current":3,"total":6,"progress":87}
[2025-05-16 20:35:18.425] [info]  Splash.onStateUpdate: {"status":"installing-updates","current":3,"total":6,"progress":87}
[2025-05-16 20:35:18.426] [info]  DiscordSplash.onStateUpdate: {"status":"installing-updates","current":3,"total":6,"progress":87}
[2025-05-16 20:35:18.426] [info]  Splash.onStateUpdate: {"status":"installing-updates","current":3,"total":6,"progress":87}
[2025-05-16 20:35:18.426] [info]  DiscordSplash.onStateUpdate: {"status":"installing-updates","current":3,"total":6,"progress":87}
[2025-05-16 20:35:18.426] [info]  Splash.onStateUpdate: {"status":"installing-updates","current":3,"total":6,"progress":87}
[2025-05-16 20:35:18.427] [info]  DiscordSplash.onStateUpdate: {"status":"installing-updates","current":3,"total":6,"progress":88}
[2025-05-16 20:35:18.427] [info]  Splash.onStateUpdate: {"status":"installing-updates","current":3,"total":6,"progress":88}
[2025-05-16 20:35:18.427] [info]  DiscordSplash.onStateUpdate: {"status":"installing-updates","current":3,"total":6,"progress":88}
[2025-05-16 20:35:18.427] [info]  Splash.onStateUpdate: {"status":"installing-updates","current":3,"total":6,"progress":88}
[2025-05-16 20:35:18.428] [info]  DiscordSplash.onStateUpdate: {"status":"installing-updates","current":3,"total":6,"progress":88}
[2025-05-16 20:35:18.428] [info]  Splash.onStateUpdate: {"status":"installing-updates","current":3,"total":6,"progress":88}
[2025-05-16 20:35:18.429] [info]  DiscordSplash.onStateUpdate: {"status":"installing-updates","current":3,"total":6,"progress":88}
[2025-05-16 20:35:18.429] [info]  Splash.onStateUpdate: {"status":"installing-updates","current":3,"total":6,"progress":88}
[2025-05-16 20:35:18.429] [info]  DiscordSplash.onStateUpdate: {"status":"installing-updates","current":3,"total":6,"progress":88}
[2025-05-16 20:35:18.429] [info]  Splash.onStateUpdate: {"status":"installing-updates","current":3,"total":6,"progress":88}
[2025-05-16 20:35:18.430] [info]  DiscordSplash.onStateUpdate: {"status":"installing-updates","current":3,"total":6,"progress":88}
[2025-05-16 20:35:18.430] [info]  Splash.onStateUpdate: {"status":"installing-updates","current":3,"total":6,"progress":88}
[2025-05-16 20:35:18.430] [info]  DiscordSplash.onStateUpdate: {"status":"installing-updates","current":3,"total":6,"progress":88}
[2025-05-16 20:35:18.430] [info]  Splash.onStateUpdate: {"status":"installing-updates","current":3,"total":6,"progress":88}
[2025-05-16 20:35:18.431] [info]  DiscordSplash.onStateUpdate: {"status":"installing-updates","current":3,"total":6,"progress":89}
[2025-05-16 20:35:18.431] [info]  Splash.onStateUpdate: {"status":"installing-updates","current":3,"total":6,"progress":89}
[2025-05-16 20:35:18.431] [info]  DiscordSplash.onStateUpdate: {"status":"installing-updates","current":3,"total":6,"progress":89}
[2025-05-16 20:35:18.431] [info]  Splash.onStateUpdate: {"status":"installing-updates","current":3,"total":6,"progress":89}
[2025-05-16 20:35:18.432] [info]  DiscordSplash.onStateUpdate: {"status":"installing-updates","current":3,"total":6,"progress":89}
[2025-05-16 20:35:18.432] [info]  Splash.onStateUpdate: {"status":"installing-updates","current":3,"total":6,"progress":89}
[2025-05-16 20:35:18.432] [info]  DiscordSplash.onStateUpdate: {"status":"installing-updates","current":3,"total":6,"progress":89}
[2025-05-16 20:35:18.432] [info]  Splash.onStateUpdate: {"status":"installing-updates","current":3,"total":6,"progress":89}
[2025-05-16 20:35:18.433] [info]  DiscordSplash.onStateUpdate: {"status":"installing-updates","current":3,"total":6,"progress":89}
[2025-05-16 20:35:18.433] [info]  Splash.onStateUpdate: {"status":"installing-updates","current":3,"total":6,"progress":89}
[2025-05-16 20:35:18.433] [info]  DiscordSplash.onStateUpdate: {"status":"installing-updates","current":3,"total":6,"progress":89}
[2025-05-16 20:35:18.434] [info]  Splash.onStateUpdate: {"status":"installing-updates","current":3,"total":6,"progress":89}
[2025-05-16 20:35:18.434] [info]  DiscordSplash.onStateUpdate: {"status":"installing-updates","current":3,"total":6,"progress":90}
[2025-05-16 20:35:18.434] [info]  Splash.onStateUpdate: {"status":"installing-updates","current":3,"total":6,"progress":90}
[2025-05-16 20:35:18.435] [info]  DiscordSplash.onStateUpdate: {"status":"installing-updates","current":3,"total":6,"progress":90}
[2025-05-16 20:35:18.435] [info]  Splash.onStateUpdate: {"status":"installing-updates","current":3,"total":6,"progress":90}
[2025-05-16 20:35:18.435] [info]  DiscordSplash.onStateUpdate: {"status":"installing-updates","current":3,"total":6,"progress":90}
[2025-05-16 20:35:18.435] [info]  Splash.onStateUpdate: {"status":"installing-updates","current":3,"total":6,"progress":90}
[2025-05-16 20:35:18.436] [info]  DiscordSplash.onStateUpdate: {"status":"installing-updates","current":3,"total":6,"progress":90}
[2025-05-16 20:35:18.436] [info]  Splash.onStateUpdate: {"status":"installing-updates","current":3,"total":6,"progress":90}
[2025-05-16 20:35:18.437] [info]  DiscordSplash.onStateUpdate: {"status":"installing-updates","current":3,"total":6,"progress":90}
[2025-05-16 20:35:18.437] [info]  Splash.onStateUpdate: {"status":"installing-updates","current":3,"total":6,"progress":90}
[2025-05-16 20:35:18.438] [info]  DiscordSplash.onStateUpdate: {"status":"installing-updates","current":3,"total":6,"progress":90}
[2025-05-16 20:35:18.438] [info]  Splash.onStateUpdate: {"status":"installing-updates","current":3,"total":6,"progress":90}
[2025-05-16 20:35:18.438] [info]  DiscordSplash.onStateUpdate: {"status":"installing-updates","current":3,"total":6,"progress":91}
[2025-05-16 20:35:18.438] [info]  Splash.onStateUpdate: {"status":"installing-updates","current":3,"total":6,"progress":91}
[2025-05-16 20:35:18.439] [info]  DiscordSplash.onStateUpdate: {"status":"installing-updates","current":3,"total":6,"progress":91}
[2025-05-16 20:35:18.439] [info]  Splash.onStateUpdate: {"status":"installing-updates","current":3,"total":6,"progress":91}
[2025-05-16 20:35:18.439] [info]  DiscordSplash.onStateUpdate: {"status":"installing-updates","current":3,"total":6,"progress":91}
[2025-05-16 20:35:18.439] [info]  Splash.onStateUpdate: {"status":"installing-updates","current":3,"total":6,"progress":91}
[2025-05-16 20:35:18.440] [info]  DiscordSplash.onStateUpdate: {"status":"installing-updates","current":3,"total":6,"progress":91}
[2025-05-16 20:35:18.440] [info]  Splash.onStateUpdate: {"status":"installing-updates","current":3,"total":6,"progress":91}
[2025-05-16 20:35:18.441] [info]  DiscordSplash.onStateUpdate: {"status":"installing-updates","current":3,"total":6,"progress":91}
[2025-05-16 20:35:18.441] [info]  Splash.onStateUpdate: {"status":"installing-updates","current":3,"total":6,"progress":91}
[2025-05-16 20:35:18.441] [info]  DiscordSplash.onStateUpdate: {"status":"installing-updates","current":3,"total":6,"progress":91}
[2025-05-16 20:35:18.441] [info]  Splash.onStateUpdate: {"status":"installing-updates","current":3,"total":6,"progress":91}
[2025-05-16 20:35:18.442] [info]  DiscordSplash.onStateUpdate: {"status":"installing-updates","current":3,"total":6,"progress":92}
[2025-05-16 20:35:18.442] [info]  Splash.onStateUpdate: {"status":"installing-updates","current":3,"total":6,"progress":92}
[2025-05-16 20:35:18.442] [info]  DiscordSplash.onStateUpdate: {"status":"installing-updates","current":3,"total":6,"progress":92}
[2025-05-16 20:35:18.442] [info]  Splash.onStateUpdate: {"status":"installing-updates","current":3,"total":6,"progress":92}
[2025-05-16 20:35:18.443] [info]  DiscordSplash.onStateUpdate: {"status":"installing-updates","current":3,"total":6,"progress":92}
[2025-05-16 20:35:18.443] [info]  Splash.onStateUpdate: {"status":"installing-updates","current":3,"total":6,"progress":92}
[2025-05-16 20:35:18.443] [info]  DiscordSplash.onStateUpdate: {"status":"installing-updates","current":3,"total":6,"progress":92}
[2025-05-16 20:35:18.443] [info]  Splash.onStateUpdate: {"status":"installing-updates","current":3,"total":6,"progress":92}
[2025-05-16 20:35:18.444] [info]  DiscordSplash.onStateUpdate: {"status":"installing-updates","current":3,"total":6,"progress":92}
[2025-05-16 20:35:18.444] [info]  Splash.onStateUpdate: {"status":"installing-updates","current":3,"total":6,"progress":92}
[2025-05-16 20:35:18.444] [info]  DiscordSplash.onStateUpdate: {"status":"installing-updates","current":3,"total":6,"progress":92}
[2025-05-16 20:35:18.445] [info]  Splash.onStateUpdate: {"status":"installing-updates","current":3,"total":6,"progress":92}
[2025-05-16 20:35:18.445] [info]  DiscordSplash.onStateUpdate: {"status":"installing-updates","current":3,"total":6,"progress":93}
[2025-05-16 20:35:18.446] [info]  Splash.onStateUpdate: {"status":"installing-updates","current":3,"total":6,"progress":93}
[2025-05-16 20:35:18.446] [info]  DiscordSplash.onStateUpdate: {"status":"installing-updates","current":3,"total":6,"progress":93}
[2025-05-16 20:35:18.446] [info]  Splash.onStateUpdate: {"status":"installing-updates","current":3,"total":6,"progress":93}
[2025-05-16 20:35:18.446] [info]  DiscordSplash.onStateUpdate: {"status":"installing-updates","current":3,"total":6,"progress":93}
[2025-05-16 20:35:18.446] [info]  Splash.onStateUpdate: {"status":"installing-updates","current":3,"total":6,"progress":93}
[2025-05-16 20:35:18.447] [info]  DiscordSplash.onStateUpdate: {"status":"installing-updates","current":3,"total":6,"progress":93}
[2025-05-16 20:35:18.447] [info]  Splash.onStateUpdate: {"status":"installing-updates","current":3,"total":6,"progress":93}
[2025-05-16 20:35:18.447] [info]  DiscordSplash.onStateUpdate: {"status":"installing-updates","current":3,"total":6,"progress":93}
[2025-05-16 20:35:18.447] [info]  Splash.onStateUpdate: {"status":"installing-updates","current":3,"total":6,"progress":93}
[2025-05-16 20:35:18.448] [info]  DiscordSplash.onStateUpdate: {"status":"installing-updates","current":3,"total":6,"progress":93}
[2025-05-16 20:35:18.448] [info]  Splash.onStateUpdate: {"status":"installing-updates","current":3,"total":6,"progress":93}
[2025-05-16 20:35:18.448] [info]  DiscordSplash.onStateUpdate: {"status":"installing-updates","current":3,"total":6,"progress":94}
[2025-05-16 20:35:18.448] [info]  Splash.onStateUpdate: {"status":"installing-updates","current":3,"total":6,"progress":94}
[2025-05-16 20:35:18.449] [info]  DiscordSplash.onStateUpdate: {"status":"installing-updates","current":3,"total":6,"progress":94}
[2025-05-16 20:35:18.449] [info]  Splash.onStateUpdate: {"status":"installing-updates","current":3,"total":6,"progress":94}
[2025-05-16 20:35:18.449] [info]  DiscordSplash.onStateUpdate: {"status":"installing-updates","current":3,"total":6,"progress":94}
[2025-05-16 20:35:18.449] [info]  Splash.onStateUpdate: {"status":"installing-updates","current":3,"total":6,"progress":94}
[2025-05-16 20:35:18.450] [info]  DiscordSplash.onStateUpdate: {"status":"installing-updates","current":3,"total":6,"progress":94}
[2025-05-16 20:35:18.450] [info]  Splash.onStateUpdate: {"status":"installing-updates","current":3,"total":6,"progress":94}
[2025-05-16 20:35:18.450] [info]  DiscordSplash.onStateUpdate: {"status":"installing-updates","current":3,"total":6,"progress":94}
[2025-05-16 20:35:18.450] [info]  Splash.onStateUpdate: {"status":"installing-updates","current":3,"total":6,"progress":94}
[2025-05-16 20:35:18.451] [info]  DiscordSplash.onStateUpdate: {"status":"installing-updates","current":3,"total":6,"progress":94}
[2025-05-16 20:35:18.451] [info]  Splash.onStateUpdate: {"status":"installing-updates","current":3,"total":6,"progress":94}
[2025-05-16 20:35:18.451] [info]  DiscordSplash.onStateUpdate: {"status":"installing-updates","current":3,"total":6,"progress":94}
[2025-05-16 20:35:18.451] [info]  Splash.onStateUpdate: {"status":"installing-updates","current":3,"total":6,"progress":94}
[2025-05-16 20:35:18.452] [info]  DiscordSplash.onStateUpdate: {"status":"installing-updates","current":3,"total":6,"progress":95}
[2025-05-16 20:35:18.452] [info]  Splash.onStateUpdate: {"status":"installing-updates","current":3,"total":6,"progress":95}
[2025-05-16 20:35:18.452] [info]  DiscordSplash.onStateUpdate: {"status":"installing-updates","current":3,"total":6,"progress":95}
[2025-05-16 20:35:18.452] [info]  Splash.onStateUpdate: {"status":"installing-updates","current":3,"total":6,"progress":95}
[2025-05-16 20:35:18.453] [info]  DiscordSplash.onStateUpdate: {"status":"installing-updates","current":3,"total":6,"progress":95}
[2025-05-16 20:35:18.453] [info]  Splash.onStateUpdate: {"status":"installing-updates","current":3,"total":6,"progress":95}
[2025-05-16 20:35:18.453] [info]  DiscordSplash.onStateUpdate: {"status":"installing-updates","current":3,"total":6,"progress":95}
[2025-05-16 20:35:18.453] [info]  Splash.onStateUpdate: {"status":"installing-updates","current":3,"total":6,"progress":95}
[2025-05-16 20:35:18.454] [info]  DiscordSplash.onStateUpdate: {"status":"installing-updates","current":3,"total":6,"progress":95}
[2025-05-16 20:35:18.454] [info]  Splash.onStateUpdate: {"status":"installing-updates","current":3,"total":6,"progress":95}
[2025-05-16 20:35:18.454] [info]  DiscordSplash.onStateUpdate: {"status":"installing-updates","current":3,"total":6,"progress":95}
[2025-05-16 20:35:18.454] [info]  Splash.onStateUpdate: {"status":"installing-updates","current":3,"total":6,"progress":95}
[2025-05-16 20:35:18.455] [info]  DiscordSplash.onStateUpdate: {"status":"installing-updates","current":3,"total":6,"progress":96}
[2025-05-16 20:35:18.455] [info]  Splash.onStateUpdate: {"status":"installing-updates","current":3,"total":6,"progress":96}
[2025-05-16 20:35:18.456] [info]  DiscordSplash.onStateUpdate: {"status":"installing-updates","current":3,"total":6,"progress":96}
[2025-05-16 20:35:18.456] [info]  Splash.onStateUpdate: {"status":"installing-updates","current":3,"total":6,"progress":96}
[2025-05-16 20:35:18.456] [info]  DiscordSplash.onStateUpdate: {"status":"installing-updates","current":3,"total":6,"progress":96}
[2025-05-16 20:35:18.456] [info]  Splash.onStateUpdate: {"status":"installing-updates","current":3,"total":6,"progress":96}
[2025-05-16 20:35:18.457] [info]  DiscordSplash.onStateUpdate: {"status":"installing-updates","current":3,"total":6,"progress":96}
[2025-05-16 20:35:18.457] [info]  Splash.onStateUpdate: {"status":"installing-updates","current":3,"total":6,"progress":96}
[2025-05-16 20:35:18.457] [info]  DiscordSplash.onStateUpdate: {"status":"installing-updates","current":3,"total":6,"progress":96}
[2025-05-16 20:35:18.457] [info]  Splash.onStateUpdate: {"status":"installing-updates","current":3,"total":6,"progress":96}
[2025-05-16 20:35:18.458] [info]  DiscordSplash.onStateUpdate: {"status":"installing-updates","current":3,"total":6,"progress":96}
[2025-05-16 20:35:18.458] [info]  Splash.onStateUpdate: {"status":"installing-updates","current":3,"total":6,"progress":96}
[2025-05-16 20:35:18.458] [info]  DiscordSplash.onStateUpdate: {"status":"installing-updates","current":3,"total":6,"progress":97}
[2025-05-16 20:35:18.458] [info]  Splash.onStateUpdate: {"status":"installing-updates","current":3,"total":6,"progress":97}
[2025-05-16 20:35:18.459] [info]  DiscordSplash.onStateUpdate: {"status":"installing-updates","current":3,"total":6,"progress":97}
[2025-05-16 20:35:18.459] [info]  Splash.onStateUpdate: {"status":"installing-updates","current":3,"total":6,"progress":97}
[2025-05-16 20:35:18.459] [info]  DiscordSplash.onStateUpdate: {"status":"installing-updates","current":3,"total":6,"progress":97}
[2025-05-16 20:35:18.459] [info]  Splash.onStateUpdate: {"status":"installing-updates","current":3,"total":6,"progress":97}
[2025-05-16 20:35:18.460] [info]  DiscordSplash.onStateUpdate: {"status":"installing-updates","current":3,"total":6,"progress":97}
[2025-05-16 20:35:18.460] [info]  Splash.onStateUpdate: {"status":"installing-updates","current":3,"total":6,"progress":97}
[2025-05-16 20:35:18.460] [info]  DiscordSplash.onStateUpdate: {"status":"installing-updates","current":3,"total":6,"progress":97}
[2025-05-16 20:35:18.460] [info]  Splash.onStateUpdate: {"status":"installing-updates","current":3,"total":6,"progress":97}
[2025-05-16 20:35:18.461] [info]  DiscordSplash.onStateUpdate: {"status":"installing-updates","current":3,"total":6,"progress":97}
[2025-05-16 20:35:18.461] [info]  Splash.onStateUpdate: {"status":"installing-updates","current":3,"total":6,"progress":97}
[2025-05-16 20:35:18.462] [info]  DiscordSplash.onStateUpdate: {"status":"installing-updates","current":3,"total":6,"progress":98}
[2025-05-16 20:35:18.462] [info]  Splash.onStateUpdate: {"status":"installing-updates","current":3,"total":6,"progress":98}
[2025-05-16 20:35:18.463] [info]  DiscordSplash.onStateUpdate: {"status":"installing-updates","current":3,"total":6,"progress":98}
[2025-05-16 20:35:18.463] [info]  Splash.onStateUpdate: {"status":"installing-updates","current":3,"total":6,"progress":98}
[2025-05-16 20:35:18.463] [info]  DiscordSplash.onStateUpdate: {"status":"installing-updates","current":3,"total":6,"progress":98}
[2025-05-16 20:35:18.463] [info]  Splash.onStateUpdate: {"status":"installing-updates","current":3,"total":6,"progress":98}
[2025-05-16 20:35:18.464] [info]  DiscordSplash.onStateUpdate: {"status":"installing-updates","current":3,"total":6,"progress":98}
[2025-05-16 20:35:18.464] [info]  Splash.onStateUpdate: {"status":"installing-updates","current":3,"total":6,"progress":98}
[2025-05-16 20:35:18.464] [info]  DiscordSplash.onStateUpdate: {"status":"installing-updates","current":3,"total":6,"progress":98}
[2025-05-16 20:35:18.464] [info]  Splash.onStateUpdate: {"status":"installing-updates","current":3,"total":6,"progress":98}
[2025-05-16 20:35:18.465] [info]  DiscordSplash.onStateUpdate: {"status":"installing-updates","current":3,"total":6,"progress":98}
[2025-05-16 20:35:18.465] [info]  Splash.onStateUpdate: {"status":"installing-updates","current":3,"total":6,"progress":98}
[2025-05-16 20:35:18.466] [info]  DiscordSplash.onStateUpdate: {"status":"installing-updates","current":3,"total":6,"progress":99}
[2025-05-16 20:35:18.466] [info]  Splash.onStateUpdate: {"status":"installing-updates","current":3,"total":6,"progress":99}
[2025-05-16 20:35:18.466] [info]  DiscordSplash.onStateUpdate: {"status":"installing-updates","current":3,"total":6,"progress":99}
[2025-05-16 20:35:18.466] [info]  Splash.onStateUpdate: {"status":"installing-updates","current":3,"total":6,"progress":99}
[2025-05-16 20:35:18.467] [info]  DiscordSplash.onStateUpdate: {"status":"installing-updates","current":3,"total":6,"progress":99}
[2025-05-16 20:35:18.467] [info]  Splash.onStateUpdate: {"status":"installing-updates","current":3,"total":6,"progress":99}
[2025-05-16 20:35:18.467] [info]  DiscordSplash.onStateUpdate: {"status":"installing-updates","current":3,"total":6,"progress":99}
[2025-05-16 20:35:18.467] [info]  Splash.onStateUpdate: {"status":"installing-updates","current":3,"total":6,"progress":99}
[2025-05-16 20:35:18.468] [info]  DiscordSplash.onStateUpdate: {"status":"installing-updates","current":3,"total":6,"progress":99}
[2025-05-16 20:35:18.468] [info]  Splash.onStateUpdate: {"status":"installing-updates","current":3,"total":6,"progress":99}
[2025-05-16 20:35:18.468] [info]  DiscordSplash.onStateUpdate: {"status":"installing-updates","current":3,"total":6,"progress":99}
[2025-05-16 20:35:18.468] [info]  Splash.onStateUpdate: {"status":"installing-updates","current":3,"total":6,"progress":99}
[2025-05-16 20:35:18.499] [info]  DiscordSplash.onStateUpdate: {"status":"installing-updates","current":3,"total":6,"progress":100}
[2025-05-16 20:35:18.500] [info]  Splash.onStateUpdate: {"status":"installing-updates","current":3,"total":6,"progress":100}
[2025-05-16 20:35:18.532] [info]  DiscordSplash.onStateUpdate: {"status":"installing-updates","current":4,"total":6}
[2025-05-16 20:35:18.532] [info]  Splash.onStateUpdate: {"status":"installing-updates","current":4,"total":6}
[2025-05-16 20:35:18.533] [info]  DiscordSplash.onStateUpdate: {"status":"installing-updates","current":4,"total":6,"progress":3}
[2025-05-16 20:35:18.533] [info]  Splash.onStateUpdate: {"status":"installing-updates","current":4,"total":6,"progress":3}
[2025-05-16 20:35:18.533] [info]  DiscordSplash.onStateUpdate: {"status":"installing-updates","current":4,"total":6,"progress":6}
[2025-05-16 20:35:18.533] [info]  Splash.onStateUpdate: {"status":"installing-updates","current":4,"total":6,"progress":6}
[2025-05-16 20:35:18.534] [info]  DiscordSplash.onStateUpdate: {"status":"installing-updates","current":4,"total":6,"progress":9}
[2025-05-16 20:35:18.534] [info]  Splash.onStateUpdate: {"status":"installing-updates","current":4,"total":6,"progress":9}
[2025-05-16 20:35:18.536] [info]  DiscordSplash.onStateUpdate: {"status":"installing-updates","current":4,"total":6,"progress":12}
[2025-05-16 20:35:18.536] [info]  Splash.onStateUpdate: {"status":"installing-updates","current":4,"total":6,"progress":12}
[2025-05-16 20:35:18.583] [info]  DiscordSplash.onStateUpdate: {"status":"installing-updates","current":4,"total":6,"progress":15}
[2025-05-16 20:35:18.583] [info]  Splash.onStateUpdate: {"status":"installing-updates","current":4,"total":6,"progress":15}
[2025-05-16 20:35:18.584] [info]  DiscordSplash.onStateUpdate: {"status":"installing-updates","current":4,"total":6,"progress":18}
[2025-05-16 20:35:18.584] [info]  Splash.onStateUpdate: {"status":"installing-updates","current":4,"total":6,"progress":18}
[2025-05-16 20:35:18.585] [info]  DiscordSplash.onStateUpdate: {"status":"installing-updates","current":4,"total":6,"progress":21}
[2025-05-16 20:35:18.585] [info]  Splash.onStateUpdate: {"status":"installing-updates","current":4,"total":6,"progress":21}
[2025-05-16 20:35:18.586] [info]  DiscordSplash.onStateUpdate: {"status":"installing-updates","current":4,"total":6,"progress":24}
[2025-05-16 20:35:18.586] [info]  Splash.onStateUpdate: {"status":"installing-updates","current":4,"total":6,"progress":24}
[2025-05-16 20:35:18.587] [info]  DiscordSplash.onStateUpdate: {"status":"installing-updates","current":4,"total":6,"progress":27}
[2025-05-16 20:35:18.587] [info]  Splash.onStateUpdate: {"status":"installing-updates","current":4,"total":6,"progress":27}
[2025-05-16 20:35:18.589] [info]  DiscordSplash.onStateUpdate: {"status":"installing-updates","current":4,"total":6,"progress":30}
[2025-05-16 20:35:18.589] [info]  Splash.onStateUpdate: {"status":"installing-updates","current":4,"total":6,"progress":30}
[2025-05-16 20:35:18.590] [info]  DiscordSplash.onStateUpdate: {"status":"installing-updates","current":4,"total":6,"progress":33}
[2025-05-16 20:35:18.590] [info]  Splash.onStateUpdate: {"status":"installing-updates","current":4,"total":6,"progress":33}
[2025-05-16 20:35:18.591] [info]  DiscordSplash.onStateUpdate: {"status":"installing-updates","current":4,"total":6,"progress":36}
[2025-05-16 20:35:18.591] [info]  Splash.onStateUpdate: {"status":"installing-updates","current":4,"total":6,"progress":36}
[2025-05-16 20:35:18.591] [info]  DiscordSplash.onStateUpdate: {"status":"installing-updates","current":4,"total":6,"progress":39}
[2025-05-16 20:35:18.591] [info]  Splash.onStateUpdate: {"status":"installing-updates","current":4,"total":6,"progress":39}
[2025-05-16 20:35:18.592] [info]  DiscordSplash.onStateUpdate: {"status":"installing-updates","current":4,"total":6,"progress":42}
[2025-05-16 20:35:18.592] [info]  Splash.onStateUpdate: {"status":"installing-updates","current":4,"total":6,"progress":42}
[2025-05-16 20:35:18.592] [info]  DiscordSplash.onStateUpdate: {"status":"installing-updates","current":4,"total":6,"progress":45}
[2025-05-16 20:35:18.593] [info]  Splash.onStateUpdate: {"status":"installing-updates","current":4,"total":6,"progress":45}
[2025-05-16 20:35:18.593] [info]  DiscordSplash.onStateUpdate: {"status":"installing-updates","current":4,"total":6,"progress":48}
[2025-05-16 20:35:18.593] [info]  Splash.onStateUpdate: {"status":"installing-updates","current":4,"total":6,"progress":48}
[2025-05-16 20:35:18.593] [info]  DiscordSplash.onStateUpdate: {"status":"installing-updates","current":4,"total":6,"progress":51}
[2025-05-16 20:35:18.594] [info]  Splash.onStateUpdate: {"status":"installing-updates","current":4,"total":6,"progress":51}
[2025-05-16 20:35:18.594] [info]  DiscordSplash.onStateUpdate: {"status":"installing-updates","current":4,"total":6,"progress":54}
[2025-05-16 20:35:18.594] [info]  Splash.onStateUpdate: {"status":"installing-updates","current":4,"total":6,"progress":54}
[2025-05-16 20:35:18.595] [info]  DiscordSplash.onStateUpdate: {"status":"installing-updates","current":4,"total":6,"progress":57}
[2025-05-16 20:35:18.595] [info]  Splash.onStateUpdate: {"status":"installing-updates","current":4,"total":6,"progress":57}
[2025-05-16 20:35:18.595] [info]  DiscordSplash.onStateUpdate: {"status":"installing-updates","current":4,"total":6,"progress":60}
[2025-05-16 20:35:18.595] [info]  Splash.onStateUpdate: {"status":"installing-updates","current":4,"total":6,"progress":60}
[2025-05-16 20:35:18.596] [info]  DiscordSplash.onStateUpdate: {"status":"installing-updates","current":4,"total":6,"progress":63}
[2025-05-16 20:35:18.596] [info]  Splash.onStateUpdate: {"status":"installing-updates","current":4,"total":6,"progress":63}
[2025-05-16 20:35:18.597] [info]  DiscordSplash.onStateUpdate: {"status":"installing-updates","current":4,"total":6,"progress":66}
[2025-05-16 20:35:18.597] [info]  Splash.onStateUpdate: {"status":"installing-updates","current":4,"total":6,"progress":66}
[2025-05-16 20:35:18.597] [info]  DiscordSplash.onStateUpdate: {"status":"installing-updates","current":4,"total":6,"progress":69}
[2025-05-16 20:35:18.597] [info]  Splash.onStateUpdate: {"status":"installing-updates","current":4,"total":6,"progress":69}
[2025-05-16 20:35:18.598] [info]  DiscordSplash.onStateUpdate: {"status":"installing-updates","current":4,"total":6,"progress":72}
[2025-05-16 20:35:18.598] [info]  Splash.onStateUpdate: {"status":"installing-updates","current":4,"total":6,"progress":72}
[2025-05-16 20:35:18.598] [info]  DiscordSplash.onStateUpdate: {"status":"installing-updates","current":4,"total":6,"progress":75}
[2025-05-16 20:35:18.598] [info]  Splash.onStateUpdate: {"status":"installing-updates","current":4,"total":6,"progress":75}
[2025-05-16 20:35:18.599] [info]  DiscordSplash.onStateUpdate: {"status":"installing-updates","current":4,"total":6,"progress":78}
[2025-05-16 20:35:18.599] [info]  Splash.onStateUpdate: {"status":"installing-updates","current":4,"total":6,"progress":78}
[2025-05-16 20:35:18.599] [info]  DiscordSplash.onStateUpdate: {"status":"installing-updates","current":4,"total":6,"progress":81}
[2025-05-16 20:35:18.599] [info]  Splash.onStateUpdate: {"status":"installing-updates","current":4,"total":6,"progress":81}
[2025-05-16 20:35:18.600] [info]  DiscordSplash.onStateUpdate: {"status":"installing-updates","current":4,"total":6,"progress":84}
[2025-05-16 20:35:18.600] [info]  Splash.onStateUpdate: {"status":"installing-updates","current":4,"total":6,"progress":84}
[2025-05-16 20:35:18.600] [info]  DiscordSplash.onStateUpdate: {"status":"installing-updates","current":4,"total":6,"progress":87}
[2025-05-16 20:35:18.600] [info]  Splash.onStateUpdate: {"status":"installing-updates","current":4,"total":6,"progress":87}
[2025-05-16 20:35:18.601] [info]  DiscordSplash.onStateUpdate: {"status":"installing-updates","current":4,"total":6,"progress":90}
[2025-05-16 20:35:18.601] [info]  Splash.onStateUpdate: {"status":"installing-updates","current":4,"total":6,"progress":90}
[2025-05-16 20:35:18.601] [info]  DiscordSplash.onStateUpdate: {"status":"installing-updates","current":4,"total":6,"progress":93}
[2025-05-16 20:35:18.601] [info]  Splash.onStateUpdate: {"status":"installing-updates","current":4,"total":6,"progress":93}
[2025-05-16 20:35:18.602] [info]  DiscordSplash.onStateUpdate: {"status":"installing-updates","current":4,"total":6,"progress":96}
[2025-05-16 20:35:18.602] [info]  Splash.onStateUpdate: {"status":"installing-updates","current":4,"total":6,"progress":96}
[2025-05-16 20:35:18.602] [info]  DiscordSplash.onStateUpdate: {"status":"installing-updates","current":4,"total":6,"progress":100}
[2025-05-16 20:35:18.602] [info]  Splash.onStateUpdate: {"status":"installing-updates","current":4,"total":6,"progress":100}
[2025-05-16 20:35:18.603] [info]  DiscordSplash.onStateUpdate: {"status":"installing-updates","current":5,"total":6}
[2025-05-16 20:35:18.603] [info]  Splash.onStateUpdate: {"status":"installing-updates","current":5,"total":6}
[2025-05-16 20:35:18.604] [info]  DiscordSplash.onStateUpdate: {"status":"installing-updates","current":5,"total":6,"progress":20}
[2025-05-16 20:35:18.604] [info]  Splash.onStateUpdate: {"status":"installing-updates","current":5,"total":6,"progress":20}
[2025-05-16 20:35:18.648] [info]  Splash.updateCountdownSeconds: undefined
[2025-05-16 20:35:18.865] [info]  DiscordSplash.onStateUpdate: {"status":"installing-updates","current":5,"total":6,"progress":40}
[2025-05-16 20:35:18.865] [info]  Splash.onStateUpdate: {"status":"installing-updates","current":5,"total":6,"progress":40}
[2025-05-16 20:35:18.871] [info]  DiscordSplash.onStateUpdate: {"status":"installing-updates","current":5,"total":6,"progress":60}
[2025-05-16 20:35:18.871] [info]  Splash.onStateUpdate: {"status":"installing-updates","current":5,"total":6,"progress":60}
[2025-05-16 20:35:18.872] [info]  DiscordSplash.onStateUpdate: {"status":"installing-updates","current":5,"total":6,"progress":80}
[2025-05-16 20:35:18.872] [info]  Splash.onStateUpdate: {"status":"installing-updates","current":5,"total":6,"progress":80}
[2025-05-16 20:35:18.873] [info]  DiscordSplash.onStateUpdate: {"status":"installing-updates","current":5,"total":6,"progress":100}
[2025-05-16 20:35:18.873] [info]  Splash.onStateUpdate: {"status":"installing-updates","current":5,"total":6,"progress":100}
[2025-05-16 20:35:18.873] [info]  DiscordSplash.onStateUpdate: {"status":"installing-updates","current":6,"total":6}
[2025-05-16 20:35:18.873] [info]  Splash.onStateUpdate: {"status":"installing-updates","current":6,"total":6}
[2025-05-16 20:35:18.882] [info]  DiscordSplash.onStateUpdate: {"status":"installing-updates","current":6,"total":6,"progress":25}
[2025-05-16 20:35:18.882] [info]  Splash.onStateUpdate: {"status":"installing-updates","current":6,"total":6,"progress":25}
[2025-05-16 20:35:18.889] [info]  DiscordSplash.onStateUpdate: {"status":"installing-updates","current":6,"total":6,"progress":50}
[2025-05-16 20:35:18.889] [info]  Splash.onStateUpdate: {"status":"installing-updates","current":6,"total":6,"progress":50}
[2025-05-16 20:35:18.889] [info]  DiscordSplash.onStateUpdate: {"status":"installing-updates","current":6,"total":6,"progress":75}
[2025-05-16 20:35:18.889] [info]  Splash.onStateUpdate: {"status":"installing-updates","current":6,"total":6,"progress":75}
[2025-05-16 20:35:18.890] [info]  DiscordSplash.onStateUpdate: {"status":"installing-updates","current":6,"total":6,"progress":100}
[2025-05-16 20:35:18.890] [info]  Splash.onStateUpdate: {"status":"installing-updates","current":6,"total":6,"progress":100}
[2025-05-16 20:35:18.892] [info]  DiscordSplash.onStateUpdate: {"status":"checking-for-updates","current":6,"total":6}
[2025-05-16 20:35:18.892] [info]  Splash.onStateUpdate: {"status":"checking-for-updates","current":6,"total":6}
[2025-05-16 20:35:19.338] [info]  DiscordSplash.onStateUpdate: {"status":"launching","current":6,"total":6}
[2025-05-16 20:35:19.339] [info]  Splash.onStateUpdate: {"status":"launching","current":6,"total":6}
[2025-05-16 20:35:19.653] [info]  Splash.updateCountdownSeconds: undefined
[2025-05-16 20:35:20.648] [info]  Splash.updateCountdownSeconds: undefined
[2025-05-16 20:35:21.648] [info]  Splash.updateCountdownSeconds: undefined
[2025-05-16 20:35:22.648] [info]  Splash.updateCountdownSeconds: undefined
[2025-05-16 20:35:23.648] [info]  Splash.updateCountdownSeconds: undefined
[2025-05-16 20:35:24.648] [info]  Splash.updateCountdownSeconds: undefined
[2025-05-16 20:35:25.648] [info]  Splash.updateCountdownSeconds: undefined
[2025-05-16 20:35:26.648] [info]  Splash.updateCountdownSeconds: undefined
[2025-05-16 20:35:27.648] [info]  Splash.updateCountdownSeconds: undefined
[2025-05-16 20:35:28.648] [info]  Splash.updateCountdownSeconds: undefined
[2025-05-16 20:35:29.648] [info]  Splash.updateCountdownSeconds: undefined
[2025-05-16 20:35:30.648] [info]  Splash.updateCountdownSeconds: undefined
[2025-05-16 20:35:31.648] [info]  Splash.updateCountdownSeconds: undefined
[2025-05-16 20:35:32.648] [info]  Splash.updateCountdownSeconds: undefined
[2025-05-16 20:35:33.648] [info]  Splash.updateCountdownSeconds: undefined
[2025-05-16 20:35:34.648] [info]  Splash.updateCountdownSeconds: undefined
[2025-05-16 20:35:35.648] [info]  Splash.updateCountdownSeconds: undefined
[2025-05-16 20:35:36.648] [info]  Splash.updateCountdownSeconds: undefined
[2025-05-16 20:35:37.648] [info]  Splash.updateCountdownSeconds: undefined
[2025-05-16 20:35:38.648] [info]  Splash.updateCountdownSeconds: undefined
[2025-05-16 20:35:39.648] [info]  Splash.updateCountdownSeconds: undefined
[2025-05-16 20:35:40.648] [info]  Splash.updateCountdownSeconds: undefined
[2025-05-16 20:35:41.648] [info]  Splash.updateCountdownSeconds: undefined
[2025-05-16 20:35:42.648] [info]  Splash.updateCountdownSeconds: undefined
[2025-05-16 20:35:43.648] [info]  Splash.updateCountdownSeconds: undefined
[2025-05-16 20:35:44.648] [info]  Splash.updateCountdownSeconds: undefined
[2025-05-16 20:35:45.648] [info]  Splash.updateCountdownSeconds: undefined
[2025-05-16 20:35:46.648] [info]  Splash.updateCountdownSeconds: undefined
[2025-05-16 20:35:47.648] [info]  Splash.updateCountdownSeconds: undefined
[2025-05-16 20:35:48.648] [info]  Splash.updateCountdownSeconds: undefined
[2025-05-16 20:35:49.648] [info]  Splash.updateCountdownSeconds: undefined
[2025-05-16 20:35:50.648] [info]  Splash.updateCountdownSeconds: undefined
[2025-05-16 20:35:51.648] [info]  Splash.updateCountdownSeconds: undefined
[2025-05-16 20:35:52.648] [info]  Splash.updateCountdownSeconds: undefined
[2025-05-16 20:35:53.648] [info]  Splash.updateCountdownSeconds: undefined
[2025-05-16 20:35:54.648] [info]  Splash.updateCountdownSeconds: undefined
[2025-05-16 20:35:55.648] [info]  Splash.updateCountdownSeconds: undefined
[2025-05-16 20:35:56.648] [info]  Splash.updateCountdownSeconds: undefined
[2025-05-16 20:35:57.648] [info]  Splash.updateCountdownSeconds: undefined
[2025-05-16 20:35:58.648] [info]  Splash.updateCountdownSeconds: undefined
[2025-05-16 20:35:59.648] [info]  Splash.updateCountdownSeconds: undefined
[2025-05-16 20:36:00.648] [info]  Splash.updateCountdownSeconds: undefined
[2025-05-16 20:36:01.648] [info]  Splash.updateCountdownSeconds: undefined
[2025-05-16 20:36:02.648] [info]  Splash.updateCountdownSeconds: undefined
[2025-05-16 20:36:03.648] [info]  Splash.updateCountdownSeconds: undefined
[2025-05-16 20:36:04.648] [info]  Splash.updateCountdownSeconds: undefined
[2025-05-16 20:36:05.648] [info]  Splash.updateCountdownSeconds: undefined
[2025-05-16 20:36:06.648] [info]  Splash.updateCountdownSeconds: undefined
[2025-05-16 20:36:07.648] [info]  Splash.updateCountdownSeconds: undefined
[2025-05-16 20:36:08.648] [info]  Splash.updateCountdownSeconds: undefined
[2025-05-16 20:36:09.648] [info]  Splash.updateCountdownSeconds: undefined
[2025-05-16 20:36:10.648] [info]  Splash.updateCountdownSeconds: undefined
[2025-05-16 20:36:11.648] [info]  Splash.updateCountdownSeconds: undefined
[2025-05-16 20:36:12.648] [info]  Splash.updateCountdownSeconds: undefined
[2025-05-16 20:36:13.648] [info]  Splash.updateCountdownSeconds: undefined
[2025-05-16 20:36:14.648] [info]  Splash.updateCountdownSeconds: undefined
[2025-05-16 20:36:15.648] [info]  Splash.updateCountdownSeconds: undefined
[2025-05-16 20:36:16.648] [info]  Splash.updateCountdownSeconds: undefined
[2025-05-16 20:36:17.648] [info]  Splash.updateCountdownSeconds: undefined
[2025-05-16 20:36:18.648] [info]  Splash.updateCountdownSeconds: undefined
[2025-05-16 20:36:19.648] [info]  Splash.updateCountdownSeconds: undefined
[2025-05-16 20:36:20.648] [info]  Splash.updateCountdownSeconds: undefined
[2025-05-16 20:36:21.648] [info]  Splash.updateCountdownSeconds: undefined
[2025-05-16 20:36:22.648] [info]  Splash.updateCountdownSeconds: undefined
[2025-05-16 20:36:23.648] [info]  Splash.updateCountdownSeconds: undefined
[2025-05-16 20:36:24.648] [info]  Splash.updateCountdownSeconds: undefined
[2025-05-16 20:36:25.648] [info]  Splash.updateCountdownSeconds: undefined
[2025-05-16 20:36:26.648] [info]  Splash.updateCountdownSeconds: undefined
[2025-05-16 20:36:27.648] [info]  Splash.updateCountdownSeconds: undefined
[2025-05-16 20:36:28.648] [info]  Splash.updateCountdownSeconds: undefined
[2025-05-16 20:36:29.648] [info]  Splash.updateCountdownSeconds: undefined
[2025-05-16 20:36:30.648] [info]  Splash.updateCountdownSeconds: undefined
[2025-05-16 20:36:31.648] [info]  Splash.updateCountdownSeconds: undefined
[2025-05-16 20:36:32.648] [info]  Splash.updateCountdownSeconds: undefined
[2025-05-16 20:36:33.648] [info]  Splash.updateCountdownSeconds: undefined
[2025-05-16 20:36:34.648] [info]  Splash.updateCountdownSeconds: undefined
[2025-05-16 20:36:35.648] [info]  Splash.updateCountdownSeconds: undefined
[2025-05-16 20:36:36.648] [info]  Splash.updateCountdownSeconds: undefined
[2025-05-16 20:36:37.648] [info]  Splash.updateCountdownSeconds: undefined
[2025-05-16 20:36:38.648] [info]  Splash.updateCountdownSeconds: undefined
[2025-05-16 20:36:39.648] [info]  Splash.updateCountdownSeconds: undefined
[2025-05-16 20:36:40.648] [info]  Splash.updateCountdownSeconds: undefined
[2025-05-16 20:36:41.648] [info]  Splash.updateCountdownSeconds: undefined
[2025-05-16 20:36:41.933] [info]  Initializing voice engine with audio subsystem: standard
[2025-05-16 20:36:42.005] [info]  [default] [BUILD INFO] Release Channel: stable, Build Number: 400160, Version Hash: 8f2ee4cae2364913e5a65933bff57571646f3cb0
[2025-05-16 20:36:42.176] [info]  [default] [NATIVE INFO] host 0.0.94, modules: discord_desktop_core: 1, discord_erlpack: 1, discord_spellcheck: 1, discord_utils: 1, discord_voice: 2, discord_zstd: 1, build: null
[2025-05-16 20:36:42.177] [info]  [libdiscore] The answer for life the universe and everything is: 42
[2025-05-16 20:36:42.197] [error] [Spellchecker] sh is not a valid locale.
[2025-05-16 20:36:42.226] [info]  [Spellchecker] Switching to en-US (available)
[2025-05-16 20:36:49.089] [error] Uncaught (in promise) ChunkLoadError: Loading chunk 21905 failed.
(error: https://discordapp.com/assets/9062734567e62906.js)
[2025-05-16 20:36:49.090] [error] Uncaught (in promise) ChunkLoadError: Loading chunk 21905 failed.
(error: https://discordapp.com/assets/9062734567e62906.js)
[2025-05-16 20:36:49.090] [error] Uncaught (in promise) ChunkLoadError: Loading chunk 21905 failed.
(error: https://discordapp.com/assets/9062734567e62906.js)
[2025-05-16 20:36:49.091] [error] Uncaught (in promise) ChunkLoadError: Loading chunk 21905 failed.
(error: https://discordapp.com/assets/9062734567e62906.js)
[2025-05-16 20:36:49.091] [error] Uncaught (in promise) ChunkLoadError: Loading chunk 21905 failed.
(error: https://discordapp.com/assets/9062734567e62906.js)
[2025-05-16 20:36:49.091] [error] Uncaught (in promise) ChunkLoadError: Loading chunk 21905 failed.
(error: https://discordapp.com/assets/9062734567e62906.js)
[2025-05-16 20:36:49.092] [error] Uncaught (in promise) ChunkLoadError: Loading chunk 21905 failed.
(error: https://discordapp.com/assets/9062734567e62906.js)
[2025-05-16 20:36:49.092] [error] Uncaught (in promise) ChunkLoadError: Loading chunk 21905 failed.
(error: https://discordapp.com/assets/9062734567e62906.js)
[2025-05-16 20:36:49.092] [error] Uncaught (in promise) ChunkLoadError: Loading chunk 21905 failed.
(error: https://discordapp.com/assets/9062734567e62906.js)
[2025-05-16 20:36:55.036] [warn]  The resource https://discordapp.com/assets/189422196a4f8b53.woff2 was preloaded using link preload but not used within a few seconds from the window's load event. Please make sure it has an appropriate `as` value and it is preloaded intentionally.
[2025-05-16 20:36:55.036] [warn]  The resource https://discordapp.com/assets/7a6a566c2e88a35d.woff2 was preloaded using link preload but not used within a few seconds from the window's load event. Please make sure it has an appropriate `as` value and it is preloaded intentionally.
[2025-05-16 20:36:55.037] [warn]  The resource https://discordapp.com/assets/dd24010f3cf7def7.woff2 was preloaded using link preload but not used within a few seconds from the window's load event. Please make sure it has an appropriate `as` value and it is preloaded intentionally.
[2025-05-16 20:36:55.037] [warn]  The resource https://discordapp.com/assets/e52f0cba712e2fb4.woff2 was preloaded using link preload but not used within a few seconds from the window's load event. Please make sure it has an appropriate `as` value and it is preloaded intentionally.
[2025-05-16 20:36:55.037] [warn]  The resource https://discordapp.com/assets/ce3b8055f5114434.woff2 was preloaded using link preload but not used within a few seconds from the window's load event. Please make sure it has an appropriate `as` value and it is preloaded intentionally.
[2025-05-16 20:36:55.037] [warn]  The resource https://discordapp.com/assets/cb2006dbced0e246.woff2 was preloaded using link preload but not used within a few seconds from the window's load event. Please make sure it has an appropriate `as` value and it is preloaded intentionally.
[2025-05-16 20:37:54.104] [error] [KeyboardLayoutMapUtils] KeyboardMapper - Key code mismatch for key meta: 133 !== 91
[2025-05-16 20:38:29.359] [warn]  The resource https://discordapp.com/assets/189422196a4f8b53.woff2 was preloaded using link preload but not used within a few seconds from the window's load event. Please make sure it has an appropriate `as` value and it is preloaded intentionally.
[2025-05-16 20:38:29.360] [warn]  The resource https://discordapp.com/assets/7a6a566c2e88a35d.woff2 was preloaded using link preload but not used within a few seconds from the window's load event. Please make sure it has an appropriate `as` value and it is preloaded intentionally.
[2025-05-16 20:38:29.360] [warn]  The resource https://discordapp.com/assets/dd24010f3cf7def7.woff2 was preloaded using link preload but not used within a few seconds from the window's load event. Please make sure it has an appropriate `as` value and it is preloaded intentionally.
[2025-05-16 20:38:29.360] [warn]  The resource https://discordapp.com/assets/e52f0cba712e2fb4.woff2 was preloaded using link preload but not used within a few seconds from the window's load event. Please make sure it has an appropriate `as` value and it is preloaded intentionally.
[2025-05-16 20:38:29.360] [warn]  The resource https://discordapp.com/assets/ce3b8055f5114434.woff2 was preloaded using link preload but not used within a few seconds from the window's load event. Please make sure it has an appropriate `as` value and it is preloaded intentionally.
[2025-05-16 20:38:29.360] [warn]  The resource https://discordapp.com/assets/cb2006dbced0e246.woff2 was preloaded using link preload but not used within a few seconds from the window's load event. Please make sure it has an appropriate `as` value and it is preloaded intentionally.
[2025-05-16 20:40:08.002] [info]  [WindowVisibilityVideoManager] Incoming video enabled changed, incomingVideoEnabled = false
[2025-05-16 20:47:41.112] [info]  [WindowVisibilityVideoManager] Incoming video enabled changed, incomingVideoEnabled = true
[2025-05-16 20:47:46.175] [warn]  Window state not initialized window-1
[2025-05-16 20:47:46.176] [warn]  Window state not initialized window-1
[2025-05-16 20:47:46.176] [warn]  Window state not initialized window-1
[2025-05-16 20:47:51.437] [info]  DiscordSplash.signalReady
[2025-05-16 20:47:51.452] [info]  DiscordSplash.onStateUpdate: {"status":"checking-for-updates"}
[2025-05-16 20:47:51.452] [info]  Splash.onStateUpdate: {"status":"checking-for-updates"}
[2025-05-16 20:47:52.130] [info]  DiscordSplash.onStateUpdate: {"status":"launching"}
[2025-05-16 20:47:52.130] [info]  Splash.onStateUpdate: {"status":"launching"}
[2025-05-16 20:47:52.437] [info]  Splash.updateCountdownSeconds: undefined
[2025-05-16 20:47:53.437] [info]  Splash.updateCountdownSeconds: undefined
[2025-05-16 20:47:54.437] [info]  Splash.updateCountdownSeconds: undefined
[2025-05-16 20:47:55.437] [info]  Splash.updateCountdownSeconds: undefined
[2025-05-16 20:47:56.437] [info]  Splash.updateCountdownSeconds: undefined
[2025-05-16 20:47:57.437] [info]  Splash.updateCountdownSeconds: undefined
[2025-05-16 20:47:58.437] [info]  Splash.updateCountdownSeconds: undefined
[2025-05-16 20:47:59.437] [info]  Splash.updateCountdownSeconds: undefined
[2025-05-16 20:48:00.437] [info]  Splash.updateCountdownSeconds: undefined
[2025-05-16 20:48:01.437] [info]  Splash.updateCountdownSeconds: undefined
[2025-05-16 20:48:02.437] [info]  Splash.updateCountdownSeconds: undefined
[2025-05-16 20:48:03.437] [info]  Splash.updateCountdownSeconds: undefined
[2025-05-16 20:48:04.437] [info]  Splash.updateCountdownSeconds: undefined
[2025-05-16 20:48:05.437] [info]  Splash.updateCountdownSeconds: undefined
[2025-05-16 20:48:06.437] [info]  Splash.updateCountdownSeconds: undefined
[2025-05-16 20:48:07.437] [info]  Splash.updateCountdownSeconds: undefined
[2025-05-16 20:48:08.437] [info]  Splash.updateCountdownSeconds: undefined
[2025-05-16 20:48:09.437] [info]  Splash.updateCountdownSeconds: undefined
[2025-05-16 20:48:10.437] [info]  Splash.updateCountdownSeconds: undefined
[2025-05-16 20:48:11.437] [info]  Splash.updateCountdownSeconds: undefined
[2025-05-16 20:48:12.437] [info]  Splash.updateCountdownSeconds: undefined
[2025-05-16 20:48:13.437] [info]  Splash.updateCountdownSeconds: undefined
[2025-05-16 20:48:14.437] [info]  Splash.updateCountdownSeconds: undefined
[2025-05-16 20:48:15.437] [info]  Splash.updateCountdownSeconds: undefined
[2025-05-16 20:48:16.437] [info]  Splash.updateCountdownSeconds: undefined
[2025-05-16 20:48:17.437] [info]  Splash.updateCountdownSeconds: undefined
[2025-05-16 20:48:18.437] [info]  Splash.updateCountdownSeconds: undefined
[2025-05-16 20:48:19.437] [info]  Splash.updateCountdownSeconds: undefined
[2025-05-16 20:48:20.437] [info]  Splash.updateCountdownSeconds: undefined
[2025-05-16 20:48:21.437] [info]  Splash.updateCountdownSeconds: undefined
[2025-05-16 20:48:22.437] [info]  Splash.updateCountdownSeconds: undefined
[2025-05-16 20:48:23.437] [info]  Splash.updateCountdownSeconds: undefined
[2025-05-16 20:48:24.437] [info]  Splash.updateCountdownSeconds: undefined
[2025-05-16 20:48:25.437] [info]  Splash.updateCountdownSeconds: undefined
[2025-05-16 20:48:26.437] [info]  Splash.updateCountdownSeconds: undefined
[2025-05-16 20:48:27.437] [info]  Splash.updateCountdownSeconds: undefined
[2025-05-16 20:48:28.437] [info]  Splash.updateCountdownSeconds: undefined
[2025-05-16 20:48:29.437] [info]  Splash.updateCountdownSeconds: undefined
[2025-05-16 20:48:30.437] [info]  Splash.updateCountdownSeconds: undefined
[2025-05-16 20:48:31.437] [info]  Splash.updateCountdownSeconds: undefined
[2025-05-16 20:48:32.437] [info]  Splash.updateCountdownSeconds: undefined
[2025-05-16 20:48:33.437] [info]  Splash.updateCountdownSeconds: undefined
[2025-05-16 20:48:34.437] [info]  Splash.updateCountdownSeconds: undefined
[2025-05-16 20:48:35.437] [info]  Splash.updateCountdownSeconds: undefined
[2025-05-16 20:48:36.437] [info]  Splash.updateCountdownSeconds: undefined
[2025-05-16 20:48:37.437] [info]  Splash.updateCountdownSeconds: undefined
[2025-05-16 20:48:38.437] [info]  Splash.updateCountdownSeconds: undefined
[2025-05-16 20:48:39.437] [info]  Splash.updateCountdownSeconds: undefined
[2025-05-16 20:48:40.437] [info]  Splash.updateCountdownSeconds: undefined
[2025-05-16 20:48:41.437] [info]  Splash.updateCountdownSeconds: undefined
[2025-05-16 20:48:42.437] [info]  Splash.updateCountdownSeconds: undefined
[2025-05-16 20:48:43.437] [info]  Splash.updateCountdownSeconds: undefined
[2025-05-16 20:48:44.277] [info]  Initializing voice engine with audio subsystem: standard
[2025-05-16 20:48:44.352] [info]  [default] [BUILD INFO] Release Channel: stable, Build Number: 400453, Version Hash: c371a8ad704137299cf8f14078989e7fad4633e3
[2025-05-16 20:48:44.533] [info]  [default] [NATIVE INFO] host 0.0.94, modules: discord_desktop_core: 1, discord_erlpack: 1, discord_spellcheck: 1, discord_utils: 1, discord_voice: 2, discord_zstd: 1, discord_krisp: 1, discord_game_utils: 1, build: null
[2025-05-16 20:48:44.535] [info]  [libdiscore] The answer for life the universe and everything is: 42
[2025-05-16 20:48:45.017] [error] [Spellchecker] sh is not a valid locale.
[2025-05-16 20:48:45.038] [info]  [Spellchecker] Switching to en-US (available)
[2025-05-16 20:49:10.035] [warn]  Window state not initialized window-1
[2025-05-16 20:49:10.035] [warn]  Window state not initialized window-1
[2025-05-16 20:49:10.035] [warn]  Window state not initialized window-1
[2025-05-16 20:49:10.035] [warn]  Window state not initialized window-1
[2025-05-16 20:49:12.160] [info]  Initializing voice engine with audio subsystem: standard
[2025-05-16 20:49:12.193] [info]  [default] [BUILD INFO] Release Channel: stable, Build Number: 400453, Version Hash: c371a8ad704137299cf8f14078989e7fad4633e3
[2025-05-16 20:49:12.247] [info]  [default] [NATIVE INFO] host 0.0.94, modules: discord_desktop_core: 1, discord_erlpack: 1, discord_spellcheck: 1, discord_utils: 1, discord_voice: 2, discord_zstd: 1, discord_krisp: 1, discord_game_utils: 1, build: null
[2025-05-16 20:49:12.248] [info]  [libdiscore] The answer for life the universe and everything is: 42
[2025-05-16 20:49:12.300] [error] [Spellchecker] sh is not a valid locale.
[2025-05-16 20:49:12.368] [info]  [Spellchecker] Switching to en-US (available)
[2025-05-16 20:49:45.002] [warn]  [CloudSyncUtils] CloudSync is not supported on this platform
[2025-05-16 20:49:47.321] [info]  [RPCServer:WSS] Starting on 6463
[2025-05-16 20:49:47.323] [info]  [RPCServer:IPC] Starting on /run/user/1000/discord-ipc-0
[2025-05-16 20:49:48.151] [warn]  The resource https://discord.com/assets/189422196a4f8b53.woff2 was preloaded using link preload but not used within a few seconds from the window's load event. Please make sure it has an appropriate `as` value and it is preloaded intentionally.
[2025-05-16 20:49:48.151] [warn]  The resource https://discord.com/assets/ce3b8055f5114434.woff2 was preloaded using link preload but not used within a few seconds from the window's load event. Please make sure it has an appropriate `as` value and it is preloaded intentionally.
[2025-05-16 20:49:48.151] [warn]  The resource https://discord.com/assets/cb2006dbced0e246.woff2 was preloaded using link preload but not used within a few seconds from the window's load event. Please make sure it has an appropriate `as` value and it is preloaded intentionally.
[2025-05-16 20:49:48.151] [warn]  The resource https://discord.com/assets/7a6a566c2e88a35d.woff2 was preloaded using link preload but not used within a few seconds from the window's load event. Please make sure it has an appropriate `as` value and it is preloaded intentionally.
[2025-05-16 20:49:48.152] [warn]  The resource https://discord.com/assets/e52f0cba712e2fb4.woff2 was preloaded using link preload but not used within a few seconds from the window's load event. Please make sure it has an appropriate `as` value and it is preloaded intentionally.
[2025-05-16 20:49:48.152] [warn]  The resource https://discord.com/assets/dd24010f3cf7def7.woff2 was preloaded using link preload but not used within a few seconds from the window's load event. Please make sure it has an appropriate `as` value and it is preloaded intentionally.
[2025-05-16 20:50:00.609] [info]  [LoginQRSocket] [0ms] connecting to wss://remote-auth-gateway.discord.gg/?v=2
[2025-05-16 20:50:00.884] [info]  [LoginQRSocket] [274ms] got hello, auth timeout=335867ms
[2025-05-16 20:50:00.922] [info]  [LoginQRSocket] [313ms] connected, handshaking with fingerprint: E7S0VdFLIBZ5MmRMTu8jBxEF5AYRvVmbnSHHB5ceURE
[2025-05-16 20:50:00.986] [info]  [LoginQRSocket] [377ms] computed nonce proof
[2025-05-16 20:50:01.051] [info]  [LoginQRSocket] [442ms] handshake complete awaiting remote auth.
[2025-05-16 20:50:04.151] [warn]  The resource https://discord.com/assets/189422196a4f8b53.woff2 was preloaded using link preload but not used within a few seconds from the window's load event. Please make sure it has an appropriate `as` value and it is preloaded intentionally.
[2025-05-16 20:50:04.152] [warn]  The resource https://discord.com/assets/ce3b8055f5114434.woff2 was preloaded using link preload but not used within a few seconds from the window's load event. Please make sure it has an appropriate `as` value and it is preloaded intentionally.
[2025-05-16 20:50:04.152] [warn]  The resource https://discord.com/assets/cb2006dbced0e246.woff2 was preloaded using link preload but not used within a few seconds from the window's load event. Please make sure it has an appropriate `as` value and it is preloaded intentionally.
[2025-05-16 20:50:04.152] [warn]  The resource https://discord.com/assets/7a6a566c2e88a35d.woff2 was preloaded using link preload but not used within a few seconds from the window's load event. Please make sure it has an appropriate `as` value and it is preloaded intentionally.
[2025-05-16 20:50:04.152] [warn]  The resource https://discord.com/assets/e52f0cba712e2fb4.woff2 was preloaded using link preload but not used within a few seconds from the window's load event. Please make sure it has an appropriate `as` value and it is preloaded intentionally.
[2025-05-16 20:50:04.153] [warn]  The resource https://discord.com/assets/dd24010f3cf7def7.woff2 was preloaded using link preload but not used within a few seconds from the window's load event. Please make sure it has an appropriate `as` value and it is preloaded intentionally.
[2025-05-16 20:50:25.921] [info]  [RPCServer:WSS] Socket Message: 4 [object Object]
[2025-05-16 20:50:25.932] [info]  [RPCServer:WSS] Socket Emit: 4 [object Object]
[2025-05-16 20:50:29.296] [warn]  The resource https://discord.com/assets/189422196a4f8b53.woff2 was preloaded using link preload but not used within a few seconds from the window's load event. Please make sure it has an appropriate `as` value and it is preloaded intentionally.
[2025-05-16 20:50:29.296] [warn]  The resource https://discord.com/assets/ce3b8055f5114434.woff2 was preloaded using link preload but not used within a few seconds from the window's load event. Please make sure it has an appropriate `as` value and it is preloaded intentionally.
[2025-05-16 20:50:29.297] [warn]  The resource https://discord.com/assets/cb2006dbced0e246.woff2 was preloaded using link preload but not used within a few seconds from the window's load event. Please make sure it has an appropriate `as` value and it is preloaded intentionally.
[2025-05-16 20:50:29.297] [warn]  The resource https://discord.com/assets/7a6a566c2e88a35d.woff2 was preloaded using link preload but not used within a few seconds from the window's load event. Please make sure it has an appropriate `as` value and it is preloaded intentionally.
[2025-05-16 20:50:29.297] [warn]  The resource https://discord.com/assets/e52f0cba712e2fb4.woff2 was preloaded using link preload but not used within a few seconds from the window's load event. Please make sure it has an appropriate `as` value and it is preloaded intentionally.
[2025-05-16 20:50:29.297] [warn]  The resource https://discord.com/assets/dd24010f3cf7def7.woff2 was preloaded using link preload but not used within a few seconds from the window's load event. Please make sure it has an appropriate `as` value and it is preloaded intentionally.
[2025-05-16 20:51:22.688] [info]  [LoginQRSocket] [82079ms] remote auth handshake started, awaiting ticket/cancel.
[2025-05-16 20:51:25.236] [info]  [Flux] Dispatching LOGIN
[2025-05-16 20:51:25.242] [info]  [Flux] Dispatching LOGIN_SUCCESS
[2025-05-16 20:51:25.247] [info]  [Routing/Utils] transitionTo - Transitioning to /app
[2025-05-16 20:51:25.256] [info]  [GatewaySocket] [CONNECT] wss://gateway.discord.gg, encoding: etf, version: 9, compression: zstd-stream
[2025-05-16 20:51:25.257] [info]  [LoginQRSocket] [84648ms] cleaning up
[2025-05-16 20:51:25.945] [info]  [GatewaySocket] [CONNECTED] wss://gateway.discord.gg/?encoding=etf&v=9&compress=zstd-stream in 689 ms
[2025-05-16 20:51:31.028] [info]  [GatewaySocket] [READY] took 5771ms, as 4bb4ec09c30c8d460c1cd83f59dc7765
[2025-05-16 20:51:31.074] [info]  [Flux] Dispatching CONNECTION_OPEN
[2025-05-16 20:51:31.076] [info]  [DatabaseManager] removing database (user: 345632383078498305, database: undefined)
[2025-05-16 20:51:31.090] [warn]  [NativeDispatchUtils] Tried getting Dispatch instance before instantiated
[2025-05-16 20:51:31.315] [info]  [GatewaySocket] [READY_SUPPLEMENTAL] took 6059ms
[2025-05-16 20:51:31.316] [warn]  The resource https://discord.com/assets/189422196a4f8b53.woff2 was preloaded using link preload but not used within a few seconds from the window's load event. Please make sure it has an appropriate `as` value and it is preloaded intentionally.
[2025-05-16 20:51:31.317] [warn]  The resource https://discord.com/assets/ce3b8055f5114434.woff2 was preloaded using link preload but not used within a few seconds from the window's load event. Please make sure it has an appropriate `as` value and it is preloaded intentionally.
[2025-05-16 20:51:31.317] [warn]  The resource https://discord.com/assets/cb2006dbced0e246.woff2 was preloaded using link preload but not used within a few seconds from the window's load event. Please make sure it has an appropriate `as` value and it is preloaded intentionally.
[2025-05-16 20:51:31.317] [warn]  The resource https://discord.com/assets/7a6a566c2e88a35d.woff2 was preloaded using link preload but not used within a few seconds from the window's load event. Please make sure it has an appropriate `as` value and it is preloaded intentionally.
[2025-05-16 20:51:31.317] [warn]  The resource https://discord.com/assets/e52f0cba712e2fb4.woff2 was preloaded using link preload but not used within a few seconds from the window's load event. Please make sure it has an appropriate `as` value and it is preloaded intentionally.
[2025-05-16 20:51:31.317] [warn]  The resource https://discord.com/assets/dd24010f3cf7def7.woff2 was preloaded using link preload but not used within a few seconds from the window's load event. Please make sure it has an appropriate `as` value and it is preloaded intentionally.
[2025-05-16 20:51:36.409] [error] [KeyboardLayoutMapUtils] KeyboardMapper - Key code mismatch for key c: 54 !== 67
[2025-05-16 20:51:40.018] [warn]  The resource https://discord.com/assets/189422196a4f8b53.woff2 was preloaded using link preload but not used within a few seconds from the window's load event. Please make sure it has an appropriate `as` value and it is preloaded intentionally.
[2025-05-16 20:51:40.019] [warn]  The resource https://discord.com/assets/ce3b8055f5114434.woff2 was preloaded using link preload but not used within a few seconds from the window's load event. Please make sure it has an appropriate `as` value and it is preloaded intentionally.
[2025-05-16 20:51:40.019] [warn]  The resource https://discord.com/assets/cb2006dbced0e246.woff2 was preloaded using link preload but not used within a few seconds from the window's load event. Please make sure it has an appropriate `as` value and it is preloaded intentionally.
[2025-05-16 20:51:40.019] [warn]  The resource https://discord.com/assets/7a6a566c2e88a35d.woff2 was preloaded using link preload but not used within a few seconds from the window's load event. Please make sure it has an appropriate `as` value and it is preloaded intentionally.
[2025-05-16 20:51:40.019] [warn]  The resource https://discord.com/assets/e52f0cba712e2fb4.woff2 was preloaded using link preload but not used within a few seconds from the window's load event. Please make sure it has an appropriate `as` value and it is preloaded intentionally.
[2025-05-16 20:51:40.019] [warn]  The resource https://discord.com/assets/dd24010f3cf7def7.woff2 was preloaded using link preload but not used within a few seconds from the window's load event. Please make sure it has an appropriate `as` value and it is preloaded intentionally.
[2025-05-16 20:51:40.658] [error] [KeyboardLayoutMapUtils] KeyboardMapper - Key code mismatch for key meta: 133 !== 91
[2025-05-16 20:51:43.942] [warn]  The resource https://discord.com/assets/189422196a4f8b53.woff2 was preloaded using link preload but not used within a few seconds from the window's load event. Please make sure it has an appropriate `as` value and it is preloaded intentionally.
[2025-05-16 20:51:43.942] [warn]  The resource https://discord.com/assets/ce3b8055f5114434.woff2 was preloaded using link preload but not used within a few seconds from the window's load event. Please make sure it has an appropriate `as` value and it is preloaded intentionally.
[2025-05-16 20:51:43.942] [warn]  The resource https://discord.com/assets/cb2006dbced0e246.woff2 was preloaded using link preload but not used within a few seconds from the window's load event. Please make sure it has an appropriate `as` value and it is preloaded intentionally.
[2025-05-16 20:51:43.943] [warn]  The resource https://discord.com/assets/7a6a566c2e88a35d.woff2 was preloaded using link preload but not used within a few seconds from the window's load event. Please make sure it has an appropriate `as` value and it is preloaded intentionally.
[2025-05-16 20:51:43.943] [warn]  The resource https://discord.com/assets/e52f0cba712e2fb4.woff2 was preloaded using link preload but not used within a few seconds from the window's load event. Please make sure it has an appropriate `as` value and it is preloaded intentionally.
[2025-05-16 20:51:43.943] [warn]  The resource https://discord.com/assets/dd24010f3cf7def7.woff2 was preloaded using link preload but not used within a few seconds from the window's load event. Please make sure it has an appropriate `as` value and it is preloaded intentionally.
[2025-05-16 20:51:45.634] [warn]  Window state not initialized window-1
[2025-05-16 20:51:45.634] [warn]  Window state not initialized window-1
[2025-05-16 20:51:45.634] [warn]  Window state not initialized window-1
[2025-05-16 20:51:45.634] [warn]  Window state not initialized window-1
[2025-05-16 20:51:45.634] [warn]  Window state not initialized window-1
[2025-05-16 20:51:45.634] [warn]  Window state not initialized window-1
[2025-05-16 20:51:45.635] [warn]  Window state not initialized window-1
[2025-05-16 20:51:45.635] [warn]  Window state not initialized window-1
[2025-05-16 20:51:45.635] [warn]  Window state not initialized window-1
[2025-05-16 20:51:45.635] [warn]  Window state not initialized window-1
[2025-05-16 20:51:45.635] [warn]  Window state not initialized window-1
[2025-05-16 20:51:45.635] [warn]  Window state not initialized window-1
[2025-05-16 20:51:45.635] [warn]  Window state not initialized window-1
[2025-05-16 20:51:45.635] [warn]  Window state not initialized window-1
[2025-05-16 20:51:45.635] [warn]  Window state not initialized window-1
[2025-05-16 20:51:45.636] [warn]  Window state not initialized window-1
[2025-05-16 20:51:45.636] [warn]  Window state not initialized window-1
[2025-05-16 20:51:45.636] [warn]  Window state not initialized window-1
[2025-05-16 20:51:45.636] [warn]  Window state not initialized window-1
[2025-05-16 20:51:45.636] [warn]  Window state not initialized window-1
[2025-05-16 20:51:45.636] [warn]  Window state not initialized window-1
[2025-05-16 20:51:45.637] [warn]  Window state not initialized window-1
[2025-05-16 20:51:45.637] [warn]  Window state not initialized window-1
[2025-05-16 20:51:45.637] [warn]  Window state not initialized window-1
[2025-05-16 20:51:45.637] [warn]  Window state not initialized window-1
[2025-05-16 20:51:45.637] [warn]  Window state not initialized window-1
[2025-05-16 20:51:45.637] [warn]  Window state not initialized window-1
[2025-05-16 20:51:45.637] [warn]  Window state not initialized window-1
[2025-05-16 20:51:45.637] [warn]  Window state not initialized window-1
[2025-05-16 20:51:45.637] [warn]  Window state not initialized window-1
[2025-05-16 20:51:45.638] [warn]  Window state not initialized window-1
[2025-05-16 20:51:45.638] [warn]  Window state not initialized window-1
[2025-05-16 20:51:45.638] [warn]  Window state not initialized window-1
[2025-05-16 20:51:45.638] [warn]  Window state not initialized window-1
[2025-05-16 20:51:45.638] [warn]  Window state not initialized window-1
[2025-05-16 20:51:45.638] [warn]  Window state not initialized window-1
[2025-05-16 20:51:45.638] [warn]  Window state not initialized window-1
[2025-05-16 20:51:45.638] [warn]  Window state not initialized window-1
[2025-05-16 20:51:45.638] [warn]  Window state not initialized window-1
[2025-05-16 20:51:45.639] [warn]  Window state not initialized window-1
[2025-05-16 20:51:45.639] [warn]  Window state not initialized window-1
[2025-05-16 20:51:45.639] [warn]  Window state not initialized window-1
[2025-05-16 20:51:45.639] [warn]  Window state not initialized window-1
[2025-05-16 20:51:45.639] [warn]  Window state not initialized window-1
[2025-05-16 20:51:45.639] [warn]  Window state not initialized window-1
[2025-05-16 20:51:45.639] [warn]  Window state not initialized window-1
[2025-05-16 20:51:45.639] [warn]  Window state not initialized window-1
[2025-05-16 20:51:45.639] [warn]  Window state not initialized window-1
[2025-05-16 20:51:45.640] [warn]  Window state not initialized window-1
[2025-05-16 20:51:45.640] [warn]  Window state not initialized window-1
[2025-05-16 20:51:45.640] [warn]  Window state not initialized window-1
[2025-05-16 20:51:45.640] [warn]  Window state not initialized window-1
[2025-05-16 20:51:45.640] [warn]  Window state not initialized window-1
[2025-05-16 20:51:45.640] [warn]  Window state not initialized window-1
[2025-05-16 20:51:45.640] [warn]  Window state not initialized window-1
[2025-05-16 20:51:45.640] [warn]  Window state not initialized window-1
[2025-05-16 20:51:45.640] [warn]  Window state not initialized window-1
[2025-05-16 20:51:45.640] [warn]  Window state not initialized window-1
[2025-05-16 20:51:45.640] [warn]  Window state not initialized window-1
[2025-05-16 20:51:45.640] [warn]  Window state not initialized window-1
[2025-05-16 20:51:45.640] [warn]  Window state not initialized window-1
[2025-05-16 20:51:45.641] [warn]  Window state not initialized window-1
[2025-05-16 20:51:45.641] [warn]  Window state not initialized window-1
[2025-05-16 20:51:45.641] [warn]  Window state not initialized window-1
[2025-05-16 20:51:45.641] [warn]  Window state not initialized window-1
[2025-05-16 20:51:45.641] [warn]  Window state not initialized window-1
[2025-05-16 20:51:45.641] [warn]  Window state not initialized window-1
[2025-05-16 20:51:45.641] [warn]  Window state not initialized window-1
[2025-05-16 20:51:45.641] [warn]  Window state not initialized window-1
[2025-05-16 20:51:45.641] [warn]  Window state not initialized window-1
[2025-05-16 20:51:45.641] [warn]  Window state not initialized window-1
[2025-05-16 20:51:45.641] [warn]  Window state not initialized window-1
[2025-05-16 20:51:45.641] [warn]  Window state not initialized window-1
[2025-05-16 20:51:45.641] [warn]  Window state not initialized window-1
[2025-05-16 20:51:45.642] [warn]  Window state not initialized window-1
[2025-05-16 20:51:45.642] [warn]  Window state not initialized window-1
[2025-05-16 20:51:45.642] [warn]  Window state not initialized window-1
[2025-05-16 20:51:45.642] [warn]  Window state not initialized window-1
[2025-05-16 20:51:45.642] [warn]  Window state not initialized window-1
[2025-05-16 20:51:45.642] [warn]  Window state not initialized window-1
[2025-05-16 20:51:45.642] [warn]  Window state not initialized window-1
[2025-05-16 20:51:45.642] [warn]  Window state not initialized window-1
[2025-05-16 20:51:45.643] [warn]  Window state not initialized window-1
[2025-05-16 20:51:45.643] [warn]  Window state not initialized window-1
[2025-05-16 20:51:45.643] [warn]  Window state not initialized window-1
[2025-05-16 20:51:45.643] [warn]  Window state not initialized window-1
[2025-05-16 20:51:45.643] [warn]  Window state not initialized window-1
[2025-05-16 20:51:45.643] [warn]  Window state not initialized window-1
[2025-05-16 20:51:45.643] [warn]  Window state not initialized window-1
[2025-05-16 20:51:45.643] [warn]  Window state not initialized window-1
[2025-05-16 20:51:45.643] [warn]  Window state not initialized window-1
[2025-05-16 20:51:45.643] [warn]  Window state not initialized window-1
[2025-05-16 20:51:45.643] [warn]  Window state not initialized window-1
[2025-05-16 20:51:45.643] [warn]  Window state not initialized window-1
[2025-05-16 20:51:45.644] [warn]  Window state not initialized window-1
[2025-05-16 20:51:45.644] [warn]  Window state not initialized window-1
[2025-05-16 20:51:45.644] [warn]  Window state not initialized window-1
[2025-05-16 20:51:45.644] [warn]  Window state not initialized window-1
[2025-05-16 20:51:45.644] [warn]  Window state not initialized window-1
[2025-05-16 20:51:45.644] [warn]  Window state not initialized window-1
[2025-05-16 20:51:45.644] [warn]  Window state not initialized window-1
[2025-05-16 20:51:45.644] [warn]  Window state not initialized window-1
[2025-05-16 20:51:45.644] [warn]  Window state not initialized window-1
[2025-05-16 20:51:45.644] [warn]  Window state not initialized window-1
[2025-05-16 20:51:45.645] [warn]  Window state not initialized window-1
[2025-05-16 20:51:45.645] [warn]  Window state not initialized window-1
[2025-05-16 20:51:45.645] [warn]  Window state not initialized window-1
[2025-05-16 20:51:45.645] [warn]  Window state not initialized window-1
[2025-05-16 20:51:45.645] [warn]  Window state not initialized window-1
[2025-05-16 20:51:45.646] [warn]  Window state not initialized window-1
[2025-05-16 20:51:45.646] [warn]  Window state not initialized window-1
[2025-05-16 20:59:19.529] [info]  DiscordSplash.signalReady
[2025-05-16 20:59:19.563] [info]  DiscordSplash.onStateUpdate: {"status":"checking-for-updates"}
[2025-05-16 20:59:19.564] [info]  Splash.onStateUpdate: {"status":"checking-for-updates"}
[2025-05-16 20:59:20.202] [info]  DiscordSplash.onStateUpdate: {"status":"launching"}
[2025-05-16 20:59:20.202] [info]  Splash.onStateUpdate: {"status":"launching"}
[2025-05-16 20:59:20.529] [info]  Splash.updateCountdownSeconds: undefined
[2025-05-16 20:59:20.550] [info]  [FAST CONNECT] wss://gateway.discord.gg/?encoding=etf&v=9&compress=zstd-stream, encoding: etf, version: 9
[2025-05-16 20:59:20.749] [info]  Initializing voice engine with audio subsystem: standard
[2025-05-16 20:59:20.798] [info]  [default] [BUILD INFO] Release Channel: stable, Build Number: 400453, Version Hash: c371a8ad704137299cf8f14078989e7fad4633e3
[2025-05-16 20:59:20.855] [info]  [default] [NATIVE INFO] host 0.0.94, modules: discord_desktop_core: 1, discord_erlpack: 1, discord_spellcheck: 1, discord_utils: 1, discord_voice: 2, discord_zstd: 1, discord_krisp: 1, discord_game_utils: 1, discord_rpc: 1, build: null
[2025-05-16 20:59:20.856] [info]  [libdiscore] The answer for life the universe and everything is: 42
[2025-05-16 20:59:21.361] [error] [Spellchecker] sh is not a valid locale.
[2025-05-16 20:59:21.373] [info]  [FAST CONNECT] connected in 823ms
[2025-05-16 20:59:21.378] [info]  [Spellchecker] Switching to en-US (available)
[2025-05-16 20:59:21.579] [warn]  [CloudSyncUtils] CloudSync is not supported on this platform
[2025-05-16 20:59:21.734] [info]  [GatewaySocket] [CONNECT] wss://gateway.discord.gg, encoding: etf, version: 9, compression: zstd-stream
[2025-05-16 20:59:21.735] [info]  [GatewaySocket] [FAST CONNECT] successfully took over websocket, state: [object Object]
[2025-05-16 20:59:21.735] [info]  [GatewaySocket] [CONNECTED] wss://gateway.discord.gg/?encoding=etf&v=9&compress=zstd-stream in 0 ms
[2025-05-16 20:59:21.765] [info]  [RPCServer:WSS] Starting on 6463
[2025-05-16 20:59:21.767] [info]  [RPCServer:IPC] Starting on /run/user/1000/discord-ipc-0
[2025-05-16 20:59:22.673] [info]  [GatewaySocket] [READY] took 939ms, as 668972214dd2804e9435310d76d95c5b
[2025-05-16 20:59:22.699] [info]  [Flux] Dispatching CONNECTION_OPEN
[2025-05-16 20:59:22.702] [info]  [DatabaseManager] removing database (user: 345632383078498305, database: undefined)
[2025-05-16 20:59:22.709] [warn]  [NativeDispatchUtils] Tried getting Dispatch instance before instantiated
[2025-05-16 20:59:23.002] [info]  [GatewaySocket] [READY_SUPPLEMENTAL] took 1267ms
[2025-05-16 20:59:27.020] [info]  [MessageActionCreators] Fetching messages for 1068381853364518983 between undefined and undefined. jump={"jumpType":"ANIMATED"}
[2025-05-16 20:59:27.255] [warn]  Got NaN while animating: [object Object]
[2025-05-16 20:59:29.370] [warn]  The resource https://discord.com/assets/189422196a4f8b53.woff2 was preloaded using link preload but not used within a few seconds from the window's load event. Please make sure it has an appropriate `as` value and it is preloaded intentionally.
[2025-05-16 20:59:29.371] [warn]  The resource https://discord.com/assets/ce3b8055f5114434.woff2 was preloaded using link preload but not used within a few seconds from the window's load event. Please make sure it has an appropriate `as` value and it is preloaded intentionally.
[2025-05-16 20:59:29.371] [warn]  The resource https://discord.com/assets/cb2006dbced0e246.woff2 was preloaded using link preload but not used within a few seconds from the window's load event. Please make sure it has an appropriate `as` value and it is preloaded intentionally.
[2025-05-16 20:59:29.371] [warn]  The resource https://discord.com/assets/7a6a566c2e88a35d.woff2 was preloaded using link preload but not used within a few seconds from the window's load event. Please make sure it has an appropriate `as` value and it is preloaded intentionally.
[2025-05-16 20:59:29.372] [warn]  The resource https://discord.com/assets/e52f0cba712e2fb4.woff2 was preloaded using link preload but not used within a few seconds from the window's load event. Please make sure it has an appropriate `as` value and it is preloaded intentionally.
[2025-05-16 20:59:29.372] [warn]  The resource https://discord.com/assets/dd24010f3cf7def7.woff2 was preloaded using link preload but not used within a few seconds from the window's load event. Please make sure it has an appropriate `as` value and it is preloaded intentionally.
[2025-05-16 20:59:29.776] [info]  [MessageActionCreators] Fetched 50 messages for 1068381853364518983 isBefore:false isAfter:false
[2025-05-16 20:59:29.782] [info]  [ChannelMessages] loadComplete: resetting state for channelId=1068381853364518983, sending.length=0
[2025-05-16 20:59:31.178] [info]  [discord_protos.discord_users.v1.FrecencyUserSettings] Loading proto
[2025-05-16 21:00:11.163] [warn]  The resource https://discord.com/assets/189422196a4f8b53.woff2 was preloaded using link preload but not used within a few seconds from the window's load event. Please make sure it has an appropriate `as` value and it is preloaded intentionally.
[2025-05-16 21:00:11.163] [warn]  The resource https://discord.com/assets/ce3b8055f5114434.woff2 was preloaded using link preload but not used within a few seconds from the window's load event. Please make sure it has an appropriate `as` value and it is preloaded intentionally.
[2025-05-16 21:00:11.164] [warn]  The resource https://discord.com/assets/cb2006dbced0e246.woff2 was preloaded using link preload but not used within a few seconds from the window's load event. Please make sure it has an appropriate `as` value and it is preloaded intentionally.
[2025-05-16 21:00:11.164] [warn]  The resource https://discord.com/assets/7a6a566c2e88a35d.woff2 was preloaded using link preload but not used within a few seconds from the window's load event. Please make sure it has an appropriate `as` value and it is preloaded intentionally.
[2025-05-16 21:00:11.164] [warn]  The resource https://discord.com/assets/e52f0cba712e2fb4.woff2 was preloaded using link preload but not used within a few seconds from the window's load event. Please make sure it has an appropriate `as` value and it is preloaded intentionally.
[2025-05-16 21:00:11.164] [warn]  The resource https://discord.com/assets/dd24010f3cf7def7.woff2 was preloaded using link preload but not used within a few seconds from the window's load event. Please make sure it has an appropriate `as` value and it is preloaded intentionally.
[2025-05-16 21:01:08.484] [warn]  The resource https://discord.com/assets/189422196a4f8b53.woff2 was preloaded using link preload but not used within a few seconds from the window's load event. Please make sure it has an appropriate `as` value and it is preloaded intentionally.
[2025-05-16 21:01:08.485] [warn]  The resource https://discord.com/assets/ce3b8055f5114434.woff2 was preloaded using link preload but not used within a few seconds from the window's load event. Please make sure it has an appropriate `as` value and it is preloaded intentionally.
[2025-05-16 21:01:08.485] [warn]  The resource https://discord.com/assets/cb2006dbced0e246.woff2 was preloaded using link preload but not used within a few seconds from the window's load event. Please make sure it has an appropriate `as` value and it is preloaded intentionally.
[2025-05-16 21:01:08.485] [warn]  The resource https://discord.com/assets/7a6a566c2e88a35d.woff2 was preloaded using link preload but not used within a few seconds from the window's load event. Please make sure it has an appropriate `as` value and it is preloaded intentionally.
[2025-05-16 21:01:08.485] [warn]  The resource https://discord.com/assets/e52f0cba712e2fb4.woff2 was preloaded using link preload but not used within a few seconds from the window's load event. Please make sure it has an appropriate `as` value and it is preloaded intentionally.
[2025-05-16 21:01:08.486] [warn]  The resource https://discord.com/assets/dd24010f3cf7def7.woff2 was preloaded using link preload but not used within a few seconds from the window's load event. Please make sure it has an appropriate `as` value and it is preloaded intentionally.
[2025-05-16 21:01:14.914] [warn]  The resource https://discord.com/assets/189422196a4f8b53.woff2 was preloaded using link preload but not used within a few seconds from the window's load event. Please make sure it has an appropriate `as` value and it is preloaded intentionally.
[2025-05-16 21:01:14.914] [warn]  The resource https://discord.com/assets/ce3b8055f5114434.woff2 was preloaded using link preload but not used within a few seconds from the window's load event. Please make sure it has an appropriate `as` value and it is preloaded intentionally.
[2025-05-16 21:01:14.915] [warn]  The resource https://discord.com/assets/cb2006dbced0e246.woff2 was preloaded using link preload but not used within a few seconds from the window's load event. Please make sure it has an appropriate `as` value and it is preloaded intentionally.
[2025-05-16 21:01:14.915] [warn]  The resource https://discord.com/assets/7a6a566c2e88a35d.woff2 was preloaded using link preload but not used within a few seconds from the window's load event. Please make sure it has an appropriate `as` value and it is preloaded intentionally.
[2025-05-16 21:01:14.915] [warn]  The resource https://discord.com/assets/e52f0cba712e2fb4.woff2 was preloaded using link preload but not used within a few seconds from the window's load event. Please make sure it has an appropriate `as` value and it is preloaded intentionally.
[2025-05-16 21:01:14.915] [warn]  The resource https://discord.com/assets/dd24010f3cf7def7.woff2 was preloaded using link preload but not used within a few seconds from the window's load event. Please make sure it has an appropriate `as` value and it is preloaded intentionally.
[2025-05-16 21:02:54.098] [warn]  [libdiscore] [BlockedDomainsStore] Failed to fetch blocked domains: Request error: error decoding response body

Caused by:
    0: error decoding response body
    1: JsValue(TypeError: Failed to fetch
       TypeError: Failed to fetch)
[2025-05-16 21:02:57.087] [warn]  The resource https://discord.com/assets/189422196a4f8b53.woff2 was preloaded using link preload but not used within a few seconds from the window's load event. Please make sure it has an appropriate `as` value and it is preloaded intentionally.
[2025-05-16 21:02:57.087] [warn]  The resource https://discord.com/assets/ce3b8055f5114434.woff2 was preloaded using link preload but not used within a few seconds from the window's load event. Please make sure it has an appropriate `as` value and it is preloaded intentionally.
[2025-05-16 21:02:57.088] [warn]  The resource https://discord.com/assets/cb2006dbced0e246.woff2 was preloaded using link preload but not used within a few seconds from the window's load event. Please make sure it has an appropriate `as` value and it is preloaded intentionally.
[2025-05-16 21:02:57.088] [warn]  The resource https://discord.com/assets/7a6a566c2e88a35d.woff2 was preloaded using link preload but not used within a few seconds from the window's load event. Please make sure it has an appropriate `as` value and it is preloaded intentionally.
[2025-05-16 21:02:57.088] [warn]  The resource https://discord.com/assets/e52f0cba712e2fb4.woff2 was preloaded using link preload but not used within a few seconds from the window's load event. Please make sure it has an appropriate `as` value and it is preloaded intentionally.
[2025-05-16 21:02:57.088] [warn]  The resource https://discord.com/assets/dd24010f3cf7def7.woff2 was preloaded using link preload but not used within a few seconds from the window's load event. Please make sure it has an appropriate `as` value and it is preloaded intentionally.
[2025-05-17 09:50:40.832] [info]  DiscordSplash.signalReady
[2025-05-17 09:50:40.857] [info]  DiscordSplash.onStateUpdate: {"status":"checking-for-updates"}
[2025-05-17 09:50:40.857] [info]  Splash.onStateUpdate: {"status":"checking-for-updates"}
[2025-05-17 09:50:41.400] [info]  DiscordSplash.onStateUpdate: {"status":"launching"}
[2025-05-17 09:50:41.400] [info]  Splash.onStateUpdate: {"status":"launching"}
[2025-05-17 09:50:41.832] [info]  Splash.updateCountdownSeconds: undefined
[2025-05-17 09:50:41.865] [info]  [FAST CONNECT] wss://gateway.discord.gg/?encoding=etf&v=9&compress=zstd-stream, encoding: etf, version: 9
[2025-05-17 09:50:42.052] [info]  Initializing voice engine with audio subsystem: standard
[2025-05-17 09:50:42.131] [info]  [default] [BUILD INFO] Release Channel: stable, Build Number: 400453, Version Hash: c371a8ad704137299cf8f14078989e7fad4633e3
[2025-05-17 09:50:42.194] [info]  [default] [NATIVE INFO] host 0.0.94, modules: discord_desktop_core: 1, discord_erlpack: 1, discord_spellcheck: 1, discord_utils: 1, discord_voice: 2, discord_zstd: 1, discord_krisp: 1, discord_game_utils: 1, discord_rpc: 1, build: null
[2025-05-17 09:50:42.199] [info]  [libdiscore] The answer for life the universe and everything is: 42
[2025-05-17 09:50:42.742] [error] [Spellchecker] sh is not a valid locale.
[2025-05-17 09:50:42.751] [info]  [FAST CONNECT] connected in 885ms
[2025-05-17 09:50:42.767] [info]  [Spellchecker] Switching to en-US (available)
[2025-05-17 09:50:42.988] [warn]  [CloudSyncUtils] CloudSync is not supported on this platform
[2025-05-17 09:50:43.123] [info]  [RPCServer:WSS] Starting on 6463
[2025-05-17 09:50:43.125] [info]  [RPCServer:IPC] Starting on /run/user/1000/discord-ipc-0
[2025-05-17 09:50:43.158] [info]  [GatewaySocket] [CONNECT] wss://gateway.discord.gg, encoding: etf, version: 9, compression: zstd-stream
[2025-05-17 09:50:43.158] [info]  [GatewaySocket] [FAST CONNECT] successfully took over websocket, state: [object Object]
[2025-05-17 09:50:43.158] [info]  [GatewaySocket] [CONNECTED] wss://gateway.discord.gg/?encoding=etf&v=9&compress=zstd-stream in 1 ms
[2025-05-17 09:50:43.982] [info]  [GatewaySocket] [READY] took 824ms, as 88d0efb3102f6e2a5687a7abf9c1a1d2
[2025-05-17 09:50:44.001] [info]  [Flux] Dispatching CONNECTION_OPEN
[2025-05-17 09:50:44.003] [info]  [DatabaseManager] removing database (user: 345632383078498305, database: undefined)
[2025-05-17 09:50:44.010] [warn]  [NativeDispatchUtils] Tried getting Dispatch instance before instantiated
[2025-05-17 09:50:44.290] [info]  [GatewaySocket] [READY_SUPPLEMENTAL] took 1133ms
[2025-05-17 09:50:49.537] [error] [KeyboardLayoutMapUtils] KeyboardMapper - Key code mismatch for key j: 44 !== 74
[2025-05-17 09:50:49.541] [info]  [discord_protos.discord_users.v1.FrecencyUserSettings] Loading proto
[2025-05-17 09:50:49.607] [error] [KeyboardLayoutMapUtils] KeyboardMapper - Key code mismatch for key a: 38 !== 65
[2025-05-17 09:50:49.853] [error] [KeyboardLayoutMapUtils] KeyboardMapper - Key code mismatch for key c: 54 !== 67
[2025-05-17 09:50:49.957] [error] [KeyboardLayoutMapUtils] KeyboardMapper - Key code mismatch for key k: 45 !== 75
[2025-05-17 09:50:53.064] [info]  [discord_protos.discord_users.v1.FrecencyUserSettings] Scheduling save from markDirty
[2025-05-17 09:50:53.064] [info]  [discord_protos.discord_users.v1.FrecencyUserSettings] Persisting proto
[2025-05-17 09:50:58.515] [info]  [MessageActionCreators] Fetching messages for 1208916559242862643 between undefined and undefined. jump={"jumpType":"ANIMATED"}
[2025-05-17 09:50:58.791] [info]  [MessageActionCreators] Fetched 5 messages for 1208916559242862643 isBefore:false isAfter:false
[2025-05-17 09:50:58.794] [info]  [ChannelMessages] loadComplete: resetting state for channelId=1208916559242862643, sending.length=0
[2025-05-17 09:51:00.588] [info]  [libdiscore] [BlockedDomainsStore] Successfully fetched blocked domains
[2025-05-17 09:51:03.302] [error] [KeyboardLayoutMapUtils] KeyboardMapper - Key code mismatch for key shift: 50 !== 16
[2025-05-17 09:51:04.494] [error] [KeyboardLayoutMapUtils] KeyboardMapper - Key code mismatch for key s: 39 !== 83
[2025-05-17 09:51:04.589] [error] [KeyboardLayoutMapUtils] KeyboardMapper - Key code mismatch for key o: 32 !== 79
[2025-05-17 09:51:04.710] [error] [KeyboardLayoutMapUtils] KeyboardMapper - Key code mismatch for key n: 57 !== 78
[2025-05-17 09:51:04.985] [warn]  The resource https://discord.com/assets/189422196a4f8b53.woff2 was preloaded using link preload but not used within a few seconds from the window's load event. Please make sure it has an appropriate `as` value and it is preloaded intentionally.
[2025-05-17 09:51:04.986] [warn]  The resource https://discord.com/assets/ce3b8055f5114434.woff2 was preloaded using link preload but not used within a few seconds from the window's load event. Please make sure it has an appropriate `as` value and it is preloaded intentionally.
[2025-05-17 09:51:04.986] [warn]  The resource https://discord.com/assets/cb2006dbced0e246.woff2 was preloaded using link preload but not used within a few seconds from the window's load event. Please make sure it has an appropriate `as` value and it is preloaded intentionally.
[2025-05-17 09:51:04.986] [warn]  The resource https://discord.com/assets/7a6a566c2e88a35d.woff2 was preloaded using link preload but not used within a few seconds from the window's load event. Please make sure it has an appropriate `as` value and it is preloaded intentionally.
[2025-05-17 09:51:04.986] [warn]  The resource https://discord.com/assets/e52f0cba712e2fb4.woff2 was preloaded using link preload but not used within a few seconds from the window's load event. Please make sure it has an appropriate `as` value and it is preloaded intentionally.
[2025-05-17 09:51:04.986] [warn]  The resource https://discord.com/assets/dd24010f3cf7def7.woff2 was preloaded using link preload but not used within a few seconds from the window's load event. Please make sure it has an appropriate `as` value and it is preloaded intentionally.
[2025-05-17 09:51:07.013] [error] [KeyboardLayoutMapUtils] KeyboardMapper - Key code mismatch for key r: 27 !== 82
[2025-05-17 09:51:07.534] [error] [KeyboardLayoutMapUtils] KeyboardMapper - Key code mismatch for key u: 30 !== 85
[2025-05-17 09:51:07.653] [error] [KeyboardLayoutMapUtils] KeyboardMapper - Key code mismatch for key e: 26 !== 69
[2025-05-17 09:51:07.917] [error] [KeyboardLayoutMapUtils] KeyboardMapper - Key code mismatch for key y: 29 !== 89
[2025-05-17 09:51:08.294] [error] [KeyboardLayoutMapUtils] KeyboardMapper - Key code mismatch for key enter: 36 !== 13
[2025-05-17 09:51:13.925] [warn]  The resource https://discord.com/assets/189422196a4f8b53.woff2 was preloaded using link preload but not used within a few seconds from the window's load event. Please make sure it has an appropriate `as` value and it is preloaded intentionally.
[2025-05-17 09:51:13.926] [warn]  The resource https://discord.com/assets/ce3b8055f5114434.woff2 was preloaded using link preload but not used within a few seconds from the window's load event. Please make sure it has an appropriate `as` value and it is preloaded intentionally.
[2025-05-17 09:51:13.926] [warn]  The resource https://discord.com/assets/cb2006dbced0e246.woff2 was preloaded using link preload but not used within a few seconds from the window's load event. Please make sure it has an appropriate `as` value and it is preloaded intentionally.
[2025-05-17 09:51:13.926] [warn]  The resource https://discord.com/assets/7a6a566c2e88a35d.woff2 was preloaded using link preload but not used within a few seconds from the window's load event. Please make sure it has an appropriate `as` value and it is preloaded intentionally.
[2025-05-17 09:51:13.926] [warn]  The resource https://discord.com/assets/e52f0cba712e2fb4.woff2 was preloaded using link preload but not used within a few seconds from the window's load event. Please make sure it has an appropriate `as` value and it is preloaded intentionally.
[2025-05-17 09:51:13.927] [warn]  The resource https://discord.com/assets/dd24010f3cf7def7.woff2 was preloaded using link preload but not used within a few seconds from the window's load event. Please make sure it has an appropriate `as` value and it is preloaded intentionally.
[2025-05-17 09:51:20.890] [info]  [Routing/Utils] transitionTo - Transitioning to /channels/@me/1208916559242862643
[2025-05-17 09:51:21.611] [warn]  The resource https://discord.com/assets/189422196a4f8b53.woff2 was preloaded using link preload but not used within a few seconds from the window's load event. Please make sure it has an appropriate `as` value and it is preloaded intentionally.
[2025-05-17 09:51:21.611] [warn]  The resource https://discord.com/assets/ce3b8055f5114434.woff2 was preloaded using link preload but not used within a few seconds from the window's load event. Please make sure it has an appropriate `as` value and it is preloaded intentionally.
[2025-05-17 09:51:21.611] [warn]  The resource https://discord.com/assets/cb2006dbced0e246.woff2 was preloaded using link preload but not used within a few seconds from the window's load event. Please make sure it has an appropriate `as` value and it is preloaded intentionally.
[2025-05-17 09:51:21.612] [warn]  The resource https://discord.com/assets/7a6a566c2e88a35d.woff2 was preloaded using link preload but not used within a few seconds from the window's load event. Please make sure it has an appropriate `as` value and it is preloaded intentionally.
[2025-05-17 09:51:21.612] [warn]  The resource https://discord.com/assets/e52f0cba712e2fb4.woff2 was preloaded using link preload but not used within a few seconds from the window's load event. Please make sure it has an appropriate `as` value and it is preloaded intentionally.
[2025-05-17 09:51:21.612] [warn]  The resource https://discord.com/assets/dd24010f3cf7def7.woff2 was preloaded using link preload but not used within a few seconds from the window's load event. Please make sure it has an appropriate `as` value and it is preloaded intentionally.
[2025-05-17 09:51:23.518] [error] [KeyboardLayoutMapUtils] KeyboardMapper - Key code mismatch for key i: 31 !== 73
[2025-05-17 09:51:23.630] [error] [KeyboardLayoutMapUtils] KeyboardMapper - Key code mismatch for key f: 41 !== 70
[2025-05-17 09:51:26.813] [error] [KeyboardLayoutMapUtils] KeyboardMapper - Key code mismatch for key m: 58 !== 77
[2025-05-17 09:51:27.085] [error] [KeyboardLayoutMapUtils] KeyboardMapper - Key code mismatch for key p: 33 !== 80
[2025-05-17 09:51:27.877] [error] [KeyboardLayoutMapUtils] KeyboardMapper - Key code mismatch for key t: 28 !== 84
[2025-05-17 09:51:28.181] [warn]  The resource https://discord.com/assets/189422196a4f8b53.woff2 was preloaded using link preload but not used within a few seconds from the window's load event. Please make sure it has an appropriate `as` value and it is preloaded intentionally.
[2025-05-17 09:51:28.181] [warn]  The resource https://discord.com/assets/ce3b8055f5114434.woff2 was preloaded using link preload but not used within a few seconds from the window's load event. Please make sure it has an appropriate `as` value and it is preloaded intentionally.
[2025-05-17 09:51:28.181] [warn]  The resource https://discord.com/assets/cb2006dbced0e246.woff2 was preloaded using link preload but not used within a few seconds from the window's load event. Please make sure it has an appropriate `as` value and it is preloaded intentionally.
[2025-05-17 09:51:28.181] [warn]  The resource https://discord.com/assets/7a6a566c2e88a35d.woff2 was preloaded using link preload but not used within a few seconds from the window's load event. Please make sure it has an appropriate `as` value and it is preloaded intentionally.
[2025-05-17 09:51:28.182] [warn]  The resource https://discord.com/assets/e52f0cba712e2fb4.woff2 was preloaded using link preload but not used within a few seconds from the window's load event. Please make sure it has an appropriate `as` value and it is preloaded intentionally.
[2025-05-17 09:51:28.182] [warn]  The resource https://discord.com/assets/dd24010f3cf7def7.woff2 was preloaded using link preload but not used within a few seconds from the window's load event. Please make sure it has an appropriate `as` value and it is preloaded intentionally.
[2025-05-17 09:51:28.765] [error] [KeyboardLayoutMapUtils] KeyboardMapper - Key code mismatch for key ': 48 !== 222
[2025-05-17 09:51:30.013] [error] [KeyboardLayoutMapUtils] KeyboardMapper - Key code mismatch for key w: 25 !== 87
[2025-05-17 09:51:32.854] [error] [KeyboardLayoutMapUtils] KeyboardMapper - Key code mismatch for key g: 42 !== 71
[2025-05-17 09:51:34.093] [error] [KeyboardLayoutMapUtils] KeyboardMapper - Key code mismatch for key d: 40 !== 68
[2025-05-17 09:51:34.470] [error] [KeyboardLayoutMapUtils] KeyboardMapper - Key code mismatch for key l: 46 !== 76
[2025-05-17 09:51:36.223] [warn]  The resource https://discord.com/assets/189422196a4f8b53.woff2 was preloaded using link preload but not used within a few seconds from the window's load event. Please make sure it has an appropriate `as` value and it is preloaded intentionally.
[2025-05-17 09:51:36.224] [warn]  The resource https://discord.com/assets/ce3b8055f5114434.woff2 was preloaded using link preload but not used within a few seconds from the window's load event. Please make sure it has an appropriate `as` value and it is preloaded intentionally.
[2025-05-17 09:51:36.224] [warn]  The resource https://discord.com/assets/cb2006dbced0e246.woff2 was preloaded using link preload but not used within a few seconds from the window's load event. Please make sure it has an appropriate `as` value and it is preloaded intentionally.
[2025-05-17 09:51:36.225] [warn]  The resource https://discord.com/assets/7a6a566c2e88a35d.woff2 was preloaded using link preload but not used within a few seconds from the window's load event. Please make sure it has an appropriate `as` value and it is preloaded intentionally.
[2025-05-17 09:51:36.225] [warn]  The resource https://discord.com/assets/e52f0cba712e2fb4.woff2 was preloaded using link preload but not used within a few seconds from the window's load event. Please make sure it has an appropriate `as` value and it is preloaded intentionally.
[2025-05-17 09:51:36.225] [warn]  The resource https://discord.com/assets/dd24010f3cf7def7.woff2 was preloaded using link preload but not used within a few seconds from the window's load event. Please make sure it has an appropriate `as` value and it is preloaded intentionally.
[2025-05-17 09:51:36.366] [error] [KeyboardLayoutMapUtils] KeyboardMapper - Key code mismatch for key ,: 59 !== 188
[2025-05-17 09:51:36.758] [error] [KeyboardLayoutMapUtils] KeyboardMapper - Key code mismatch for key backspace: 22 !== 8
[2025-05-17 09:51:39.846] [error] [KeyboardLayoutMapUtils] KeyboardMapper - Key code mismatch for key v: 55 !== 86
[2025-05-17 09:51:40.461] [error] [KeyboardLayoutMapUtils] KeyboardMapper - Key code mismatch for key b: 56 !== 66
[2025-05-17 09:51:44.102] [error] [KeyboardLayoutMapUtils] KeyboardMapper - Key code mismatch for key h: 43 !== 72
[2025-05-17 09:51:44.450] [warn]  The resource https://discord.com/assets/189422196a4f8b53.woff2 was preloaded using link preload but not used within a few seconds from the window's load event. Please make sure it has an appropriate `as` value and it is preloaded intentionally.
[2025-05-17 09:51:44.451] [warn]  The resource https://discord.com/assets/ce3b8055f5114434.woff2 was preloaded using link preload but not used within a few seconds from the window's load event. Please make sure it has an appropriate `as` value and it is preloaded intentionally.
[2025-05-17 09:51:44.451] [warn]  The resource https://discord.com/assets/cb2006dbced0e246.woff2 was preloaded using link preload but not used within a few seconds from the window's load event. Please make sure it has an appropriate `as` value and it is preloaded intentionally.
[2025-05-17 09:51:44.452] [warn]  The resource https://discord.com/assets/7a6a566c2e88a35d.woff2 was preloaded using link preload but not used within a few seconds from the window's load event. Please make sure it has an appropriate `as` value and it is preloaded intentionally.
[2025-05-17 09:51:44.452] [warn]  The resource https://discord.com/assets/e52f0cba712e2fb4.woff2 was preloaded using link preload but not used within a few seconds from the window's load event. Please make sure it has an appropriate `as` value and it is preloaded intentionally.
[2025-05-17 09:51:44.452] [warn]  The resource https://discord.com/assets/dd24010f3cf7def7.woff2 was preloaded using link preload but not used within a few seconds from the window's load event. Please make sure it has an appropriate `as` value and it is preloaded intentionally.
[2025-05-17 09:51:52.674] [warn]  The resource https://discord.com/assets/189422196a4f8b53.woff2 was preloaded using link preload but not used within a few seconds from the window's load event. Please make sure it has an appropriate `as` value and it is preloaded intentionally.
[2025-05-17 09:51:52.675] [warn]  The resource https://discord.com/assets/ce3b8055f5114434.woff2 was preloaded using link preload but not used within a few seconds from the window's load event. Please make sure it has an appropriate `as` value and it is preloaded intentionally.
[2025-05-17 09:51:52.675] [warn]  The resource https://discord.com/assets/cb2006dbced0e246.woff2 was preloaded using link preload but not used within a few seconds from the window's load event. Please make sure it has an appropriate `as` value and it is preloaded intentionally.
[2025-05-17 09:51:52.675] [warn]  The resource https://discord.com/assets/7a6a566c2e88a35d.woff2 was preloaded using link preload but not used within a few seconds from the window's load event. Please make sure it has an appropriate `as` value and it is preloaded intentionally.
[2025-05-17 09:51:52.675] [warn]  The resource https://discord.com/assets/e52f0cba712e2fb4.woff2 was preloaded using link preload but not used within a few seconds from the window's load event. Please make sure it has an appropriate `as` value and it is preloaded intentionally.
[2025-05-17 09:51:52.675] [warn]  The resource https://discord.com/assets/dd24010f3cf7def7.woff2 was preloaded using link preload but not used within a few seconds from the window's load event. Please make sure it has an appropriate `as` value and it is preloaded intentionally.
[2025-05-17 09:51:53.943] [error] [KeyboardLayoutMapUtils] KeyboardMapper - Key code mismatch for key 3: 12 !== 51
[2025-05-17 09:52:01.114] [warn]  The resource https://discord.com/assets/189422196a4f8b53.woff2 was preloaded using link preload but not used within a few seconds from the window's load event. Please make sure it has an appropriate `as` value and it is preloaded intentionally.
[2025-05-17 09:52:01.114] [warn]  The resource https://discord.com/assets/ce3b8055f5114434.woff2 was preloaded using link preload but not used within a few seconds from the window's load event. Please make sure it has an appropriate `as` value and it is preloaded intentionally.
[2025-05-17 09:52:01.114] [warn]  The resource https://discord.com/assets/cb2006dbced0e246.woff2 was preloaded using link preload but not used within a few seconds from the window's load event. Please make sure it has an appropriate `as` value and it is preloaded intentionally.
[2025-05-17 09:52:01.114] [warn]  The resource https://discord.com/assets/7a6a566c2e88a35d.woff2 was preloaded using link preload but not used within a few seconds from the window's load event. Please make sure it has an appropriate `as` value and it is preloaded intentionally.
[2025-05-17 09:52:01.114] [warn]  The resource https://discord.com/assets/e52f0cba712e2fb4.woff2 was preloaded using link preload but not used within a few seconds from the window's load event. Please make sure it has an appropriate `as` value and it is preloaded intentionally.
[2025-05-17 09:52:01.115] [warn]  The resource https://discord.com/assets/dd24010f3cf7def7.woff2 was preloaded using link preload but not used within a few seconds from the window's load event. Please make sure it has an appropriate `as` value and it is preloaded intentionally.
[2025-05-17 09:52:13.303] [warn]  The resource https://discord.com/assets/189422196a4f8b53.woff2 was preloaded using link preload but not used within a few seconds from the window's load event. Please make sure it has an appropriate `as` value and it is preloaded intentionally.
[2025-05-17 09:52:13.303] [warn]  The resource https://discord.com/assets/ce3b8055f5114434.woff2 was preloaded using link preload but not used within a few seconds from the window's load event. Please make sure it has an appropriate `as` value and it is preloaded intentionally.
[2025-05-17 09:52:13.303] [warn]  The resource https://discord.com/assets/cb2006dbced0e246.woff2 was preloaded using link preload but not used within a few seconds from the window's load event. Please make sure it has an appropriate `as` value and it is preloaded intentionally.
[2025-05-17 09:52:13.303] [warn]  The resource https://discord.com/assets/7a6a566c2e88a35d.woff2 was preloaded using link preload but not used within a few seconds from the window's load event. Please make sure it has an appropriate `as` value and it is preloaded intentionally.
[2025-05-17 09:52:13.303] [warn]  The resource https://discord.com/assets/e52f0cba712e2fb4.woff2 was preloaded using link preload but not used within a few seconds from the window's load event. Please make sure it has an appropriate `as` value and it is preloaded intentionally.
[2025-05-17 09:52:13.304] [warn]  The resource https://discord.com/assets/dd24010f3cf7def7.woff2 was preloaded using link preload but not used within a few seconds from the window's load event. Please make sure it has an appropriate `as` value and it is preloaded intentionally.
[2025-05-17 09:52:21.929] [warn]  The resource https://discord.com/assets/189422196a4f8b53.woff2 was preloaded using link preload but not used within a few seconds from the window's load event. Please make sure it has an appropriate `as` value and it is preloaded intentionally.
[2025-05-17 09:52:21.929] [warn]  The resource https://discord.com/assets/ce3b8055f5114434.woff2 was preloaded using link preload but not used within a few seconds from the window's load event. Please make sure it has an appropriate `as` value and it is preloaded intentionally.
[2025-05-17 09:52:21.929] [warn]  The resource https://discord.com/assets/cb2006dbced0e246.woff2 was preloaded using link preload but not used within a few seconds from the window's load event. Please make sure it has an appropriate `as` value and it is preloaded intentionally.
[2025-05-17 09:52:21.929] [warn]  The resource https://discord.com/assets/7a6a566c2e88a35d.woff2 was preloaded using link preload but not used within a few seconds from the window's load event. Please make sure it has an appropriate `as` value and it is preloaded intentionally.
[2025-05-17 09:52:21.930] [warn]  The resource https://discord.com/assets/e52f0cba712e2fb4.woff2 was preloaded using link preload but not used within a few seconds from the window's load event. Please make sure it has an appropriate `as` value and it is preloaded intentionally.
[2025-05-17 09:52:21.930] [warn]  The resource https://discord.com/assets/dd24010f3cf7def7.woff2 was preloaded using link preload but not used within a few seconds from the window's load event. Please make sure it has an appropriate `as` value and it is preloaded intentionally.
[2025-05-17 09:52:28.431] [error] [KeyboardLayoutMapUtils] KeyboardMapper - Key code mismatch for key /: 61 !== 191
[2025-05-17 09:52:30.233] [warn]  The resource https://discord.com/assets/189422196a4f8b53.woff2 was preloaded using link preload but not used within a few seconds from the window's load event. Please make sure it has an appropriate `as` value and it is preloaded intentionally.
[2025-05-17 09:52:30.234] [warn]  The resource https://discord.com/assets/ce3b8055f5114434.woff2 was preloaded using link preload but not used within a few seconds from the window's load event. Please make sure it has an appropriate `as` value and it is preloaded intentionally.
[2025-05-17 09:52:30.234] [warn]  The resource https://discord.com/assets/cb2006dbced0e246.woff2 was preloaded using link preload but not used within a few seconds from the window's load event. Please make sure it has an appropriate `as` value and it is preloaded intentionally.
[2025-05-17 09:52:30.234] [warn]  The resource https://discord.com/assets/7a6a566c2e88a35d.woff2 was preloaded using link preload but not used within a few seconds from the window's load event. Please make sure it has an appropriate `as` value and it is preloaded intentionally.
[2025-05-17 09:52:30.234] [warn]  The resource https://discord.com/assets/e52f0cba712e2fb4.woff2 was preloaded using link preload but not used within a few seconds from the window's load event. Please make sure it has an appropriate `as` value and it is preloaded intentionally.
[2025-05-17 09:52:30.235] [warn]  The resource https://discord.com/assets/dd24010f3cf7def7.woff2 was preloaded using link preload but not used within a few seconds from the window's load event. Please make sure it has an appropriate `as` value and it is preloaded intentionally.
[2025-05-17 09:52:33.804] [info]  [MessageQueue] Queueing message to be sent LogId:1873
[2025-05-17 09:52:33.804] [info]  [MessageQueue] Draining message from queue LogId:1873 QueueLength: 0
[2025-05-17 09:52:33.804] [info]  [MessageQueue] Draining Message Queue with:  0
[2025-05-17 09:52:34.572] [info]  [MessageQueue] Finished draining message from queue LogId:1873 QueueLength: 0
[2025-05-17 09:52:36.682] [info]  [MessageActionCreators] Fetching messages for 701583956348240001 between undefined and undefined. jump={"jumpType":"ANIMATED"}
[2025-05-17 09:52:36.763] [info]  [Routing/Utils] transitionTo - Transitioning to /channels/601526914544435390/701583956348240001
[2025-05-17 09:52:37.024] [info]  [MessageActionCreators] Fetched 5 messages for 701583956348240001 isBefore:false isAfter:false
[2025-05-17 09:52:37.025] [info]  [ChannelMessages] loadComplete: resetting state for channelId=701583956348240001, sending.length=0
[2025-05-17 09:52:38.800] [info]  [MessageActionCreators] Fetching messages for 701551647217942578 between undefined and undefined. jump={"jumpType":"ANIMATED"}
[2025-05-17 09:52:38.893] [info]  [Routing/Utils] transitionTo - Transitioning to /channels/601526914544435390/701551647217942578
[2025-05-17 09:52:39.072] [info]  [MessageActionCreators] Fetched 50 messages for 701551647217942578 isBefore:false isAfter:false
[2025-05-17 09:52:39.076] [info]  [ChannelMessages] loadComplete: resetting state for channelId=701551647217942578, sending.length=0
[2025-05-17 09:52:41.094] [info]  [MessageActionCreators] Fetching messages for 601526914615738425 between undefined and undefined. jump={"jumpType":"ANIMATED"}
[2025-05-17 09:52:41.183] [info]  [Routing/Utils] transitionTo - Transitioning to /channels/601526914544435390/601526914615738425
[2025-05-17 09:52:41.370] [info]  [MessageActionCreators] Fetched 50 messages for 601526914615738425 isBefore:false isAfter:false
[2025-05-17 09:52:41.374] [info]  [ChannelMessages] loadComplete: resetting state for channelId=601526914615738425, sending.length=0
[2025-05-17 09:52:47.758] [warn]  The resource https://discord.com/assets/189422196a4f8b53.woff2 was preloaded using link preload but not used within a few seconds from the window's load event. Please make sure it has an appropriate `as` value and it is preloaded intentionally.
[2025-05-17 09:52:47.758] [warn]  The resource https://discord.com/assets/ce3b8055f5114434.woff2 was preloaded using link preload but not used within a few seconds from the window's load event. Please make sure it has an appropriate `as` value and it is preloaded intentionally.
[2025-05-17 09:52:47.759] [warn]  The resource https://discord.com/assets/cb2006dbced0e246.woff2 was preloaded using link preload but not used within a few seconds from the window's load event. Please make sure it has an appropriate `as` value and it is preloaded intentionally.
[2025-05-17 09:52:47.759] [warn]  The resource https://discord.com/assets/7a6a566c2e88a35d.woff2 was preloaded using link preload but not used within a few seconds from the window's load event. Please make sure it has an appropriate `as` value and it is preloaded intentionally.
[2025-05-17 09:52:47.759] [warn]  The resource https://discord.com/assets/e52f0cba712e2fb4.woff2 was preloaded using link preload but not used within a few seconds from the window's load event. Please make sure it has an appropriate `as` value and it is preloaded intentionally.
[2025-05-17 09:52:47.759] [warn]  The resource https://discord.com/assets/dd24010f3cf7def7.woff2 was preloaded using link preload but not used within a few seconds from the window's load event. Please make sure it has an appropriate `as` value and it is preloaded intentionally.
[2025-05-17 09:52:53.863] [warn]  The resource https://discord.com/assets/189422196a4f8b53.woff2 was preloaded using link preload but not used within a few seconds from the window's load event. Please make sure it has an appropriate `as` value and it is preloaded intentionally.
[2025-05-17 09:52:53.863] [warn]  The resource https://discord.com/assets/ce3b8055f5114434.woff2 was preloaded using link preload but not used within a few seconds from the window's load event. Please make sure it has an appropriate `as` value and it is preloaded intentionally.
[2025-05-17 09:52:53.864] [warn]  The resource https://discord.com/assets/cb2006dbced0e246.woff2 was preloaded using link preload but not used within a few seconds from the window's load event. Please make sure it has an appropriate `as` value and it is preloaded intentionally.
[2025-05-17 09:52:53.864] [warn]  The resource https://discord.com/assets/7a6a566c2e88a35d.woff2 was preloaded using link preload but not used within a few seconds from the window's load event. Please make sure it has an appropriate `as` value and it is preloaded intentionally.
[2025-05-17 09:52:53.864] [warn]  The resource https://discord.com/assets/e52f0cba712e2fb4.woff2 was preloaded using link preload but not used within a few seconds from the window's load event. Please make sure it has an appropriate `as` value and it is preloaded intentionally.
[2025-05-17 09:52:53.864] [warn]  The resource https://discord.com/assets/dd24010f3cf7def7.woff2 was preloaded using link preload but not used within a few seconds from the window's load event. Please make sure it has an appropriate `as` value and it is preloaded intentionally.
[2025-05-17 09:52:58.440] [error] [KeyboardLayoutMapUtils] KeyboardMapper - Key code mismatch for key 1: 10 !== 49
[2025-05-17 09:53:03.193] [warn]  The resource https://discord.com/assets/189422196a4f8b53.woff2 was preloaded using link preload but not used within a few seconds from the window's load event. Please make sure it has an appropriate `as` value and it is preloaded intentionally.
[2025-05-17 09:53:03.194] [warn]  The resource https://discord.com/assets/ce3b8055f5114434.woff2 was preloaded using link preload but not used within a few seconds from the window's load event. Please make sure it has an appropriate `as` value and it is preloaded intentionally.
[2025-05-17 09:53:03.194] [warn]  The resource https://discord.com/assets/cb2006dbced0e246.woff2 was preloaded using link preload but not used within a few seconds from the window's load event. Please make sure it has an appropriate `as` value and it is preloaded intentionally.
[2025-05-17 09:53:03.194] [warn]  The resource https://discord.com/assets/7a6a566c2e88a35d.woff2 was preloaded using link preload but not used within a few seconds from the window's load event. Please make sure it has an appropriate `as` value and it is preloaded intentionally.
[2025-05-17 09:53:03.195] [warn]  The resource https://discord.com/assets/e52f0cba712e2fb4.woff2 was preloaded using link preload but not used within a few seconds from the window's load event. Please make sure it has an appropriate `as` value and it is preloaded intentionally.
[2025-05-17 09:53:03.195] [warn]  The resource https://discord.com/assets/dd24010f3cf7def7.woff2 was preloaded using link preload but not used within a few seconds from the window's load event. Please make sure it has an appropriate `as` value and it is preloaded intentionally.
[2025-05-17 09:53:06.711] [error] [KeyboardLayoutMapUtils] KeyboardMapper - Key code mismatch for key -: 20 !== 189
[2025-05-17 09:53:11.231] [info]  [MessageQueue] Queueing message to be sent LogId:180
[2025-05-17 09:53:11.231] [info]  [MessageQueue] Draining message from queue LogId:180 QueueLength: 0
[2025-05-17 09:53:11.232] [info]  [MessageQueue] Draining Message Queue with:  0
[2025-05-17 09:53:11.614] [info]  [MessageQueue] Finished draining message from queue LogId:180 QueueLength: 0
[2025-05-17 09:53:17.144] [info]  [MessageQueue] Queueing message to be sent LogId:6207
[2025-05-17 09:53:17.145] [info]  [MessageQueue] Draining message from queue LogId:6207 QueueLength: 0
[2025-05-17 09:53:17.145] [info]  [MessageQueue] Draining Message Queue with:  0
[2025-05-17 09:53:17.516] [info]  [MessageQueue] Finished draining message from queue LogId:6207 QueueLength: 0
[2025-05-17 09:53:20.527] [warn]  The resource https://discord.com/assets/189422196a4f8b53.woff2 was preloaded using link preload but not used within a few seconds from the window's load event. Please make sure it has an appropriate `as` value and it is preloaded intentionally.
[2025-05-17 09:53:20.528] [warn]  The resource https://discord.com/assets/ce3b8055f5114434.woff2 was preloaded using link preload but not used within a few seconds from the window's load event. Please make sure it has an appropriate `as` value and it is preloaded intentionally.
[2025-05-17 09:53:20.528] [warn]  The resource https://discord.com/assets/cb2006dbced0e246.woff2 was preloaded using link preload but not used within a few seconds from the window's load event. Please make sure it has an appropriate `as` value and it is preloaded intentionally.
[2025-05-17 09:53:20.528] [warn]  The resource https://discord.com/assets/7a6a566c2e88a35d.woff2 was preloaded using link preload but not used within a few seconds from the window's load event. Please make sure it has an appropriate `as` value and it is preloaded intentionally.
[2025-05-17 09:53:20.528] [warn]  The resource https://discord.com/assets/e52f0cba712e2fb4.woff2 was preloaded using link preload but not used within a few seconds from the window's load event. Please make sure it has an appropriate `as` value and it is preloaded intentionally.
[2025-05-17 09:53:20.528] [warn]  The resource https://discord.com/assets/dd24010f3cf7def7.woff2 was preloaded using link preload but not used within a few seconds from the window's load event. Please make sure it has an appropriate `as` value and it is preloaded intentionally.
[2025-05-17 09:53:21.696] [error] [KeyboardLayoutMapUtils] KeyboardMapper - Key code mismatch for key meta: 133 !== 91
[2025-05-17 09:53:25.023] [warn]  The resource https://discord.com/assets/189422196a4f8b53.woff2 was preloaded using link preload but not used within a few seconds from the window's load event. Please make sure it has an appropriate `as` value and it is preloaded intentionally.
[2025-05-17 09:53:25.024] [warn]  The resource https://discord.com/assets/ce3b8055f5114434.woff2 was preloaded using link preload but not used within a few seconds from the window's load event. Please make sure it has an appropriate `as` value and it is preloaded intentionally.
[2025-05-17 09:53:25.025] [warn]  The resource https://discord.com/assets/cb2006dbced0e246.woff2 was preloaded using link preload but not used within a few seconds from the window's load event. Please make sure it has an appropriate `as` value and it is preloaded intentionally.
[2025-05-17 09:53:25.025] [warn]  The resource https://discord.com/assets/7a6a566c2e88a35d.woff2 was preloaded using link preload but not used within a few seconds from the window's load event. Please make sure it has an appropriate `as` value and it is preloaded intentionally.
[2025-05-17 09:53:25.025] [warn]  The resource https://discord.com/assets/e52f0cba712e2fb4.woff2 was preloaded using link preload but not used within a few seconds from the window's load event. Please make sure it has an appropriate `as` value and it is preloaded intentionally.
[2025-05-17 09:53:25.025] [warn]  The resource https://discord.com/assets/dd24010f3cf7def7.woff2 was preloaded using link preload but not used within a few seconds from the window's load event. Please make sure it has an appropriate `as` value and it is preloaded intentionally.
[2025-05-17 09:53:34.503] [warn]  The resource https://discord.com/assets/189422196a4f8b53.woff2 was preloaded using link preload but not used within a few seconds from the window's load event. Please make sure it has an appropriate `as` value and it is preloaded intentionally.
[2025-05-17 09:53:34.503] [warn]  The resource https://discord.com/assets/ce3b8055f5114434.woff2 was preloaded using link preload but not used within a few seconds from the window's load event. Please make sure it has an appropriate `as` value and it is preloaded intentionally.
[2025-05-17 09:53:34.504] [warn]  The resource https://discord.com/assets/cb2006dbced0e246.woff2 was preloaded using link preload but not used within a few seconds from the window's load event. Please make sure it has an appropriate `as` value and it is preloaded intentionally.
[2025-05-17 09:53:34.504] [warn]  The resource https://discord.com/assets/7a6a566c2e88a35d.woff2 was preloaded using link preload but not used within a few seconds from the window's load event. Please make sure it has an appropriate `as` value and it is preloaded intentionally.
[2025-05-17 09:53:34.504] [warn]  The resource https://discord.com/assets/e52f0cba712e2fb4.woff2 was preloaded using link preload but not used within a few seconds from the window's load event. Please make sure it has an appropriate `as` value and it is preloaded intentionally.
[2025-05-17 09:53:34.504] [warn]  The resource https://discord.com/assets/dd24010f3cf7def7.woff2 was preloaded using link preload but not used within a few seconds from the window's load event. Please make sure it has an appropriate `as` value and it is preloaded intentionally.
[2025-05-17 09:53:41.288] [warn]  The resource https://discord.com/assets/189422196a4f8b53.woff2 was preloaded using link preload but not used within a few seconds from the window's load event. Please make sure it has an appropriate `as` value and it is preloaded intentionally.
[2025-05-17 09:53:41.289] [warn]  The resource https://discord.com/assets/ce3b8055f5114434.woff2 was preloaded using link preload but not used within a few seconds from the window's load event. Please make sure it has an appropriate `as` value and it is preloaded intentionally.
[2025-05-17 09:53:41.289] [warn]  The resource https://discord.com/assets/cb2006dbced0e246.woff2 was preloaded using link preload but not used within a few seconds from the window's load event. Please make sure it has an appropriate `as` value and it is preloaded intentionally.
[2025-05-17 09:53:41.289] [warn]  The resource https://discord.com/assets/7a6a566c2e88a35d.woff2 was preloaded using link preload but not used within a few seconds from the window's load event. Please make sure it has an appropriate `as` value and it is preloaded intentionally.
[2025-05-17 09:53:41.289] [warn]  The resource https://discord.com/assets/e52f0cba712e2fb4.woff2 was preloaded using link preload but not used within a few seconds from the window's load event. Please make sure it has an appropriate `as` value and it is preloaded intentionally.
[2025-05-17 09:53:41.289] [warn]  The resource https://discord.com/assets/dd24010f3cf7def7.woff2 was preloaded using link preload but not used within a few seconds from the window's load event. Please make sure it has an appropriate `as` value and it is preloaded intentionally.
[2025-05-17 09:53:52.989] [warn]  The resource https://discord.com/assets/189422196a4f8b53.woff2 was preloaded using link preload but not used within a few seconds from the window's load event. Please make sure it has an appropriate `as` value and it is preloaded intentionally.
[2025-05-17 09:53:52.989] [warn]  The resource https://discord.com/assets/ce3b8055f5114434.woff2 was preloaded using link preload but not used within a few seconds from the window's load event. Please make sure it has an appropriate `as` value and it is preloaded intentionally.
[2025-05-17 09:53:52.990] [warn]  The resource https://discord.com/assets/cb2006dbced0e246.woff2 was preloaded using link preload but not used within a few seconds from the window's load event. Please make sure it has an appropriate `as` value and it is preloaded intentionally.
[2025-05-17 09:53:52.990] [warn]  The resource https://discord.com/assets/7a6a566c2e88a35d.woff2 was preloaded using link preload but not used within a few seconds from the window's load event. Please make sure it has an appropriate `as` value and it is preloaded intentionally.
[2025-05-17 09:53:52.990] [warn]  The resource https://discord.com/assets/e52f0cba712e2fb4.woff2 was preloaded using link preload but not used within a few seconds from the window's load event. Please make sure it has an appropriate `as` value and it is preloaded intentionally.
[2025-05-17 09:53:52.990] [warn]  The resource https://discord.com/assets/dd24010f3cf7def7.woff2 was preloaded using link preload but not used within a few seconds from the window's load event. Please make sure it has an appropriate `as` value and it is preloaded intentionally.
[2025-05-17 09:53:56.918] [warn]  The resource https://discord.com/assets/189422196a4f8b53.woff2 was preloaded using link preload but not used within a few seconds from the window's load event. Please make sure it has an appropriate `as` value and it is preloaded intentionally.
[2025-05-17 09:53:56.919] [warn]  The resource https://discord.com/assets/ce3b8055f5114434.woff2 was preloaded using link preload but not used within a few seconds from the window's load event. Please make sure it has an appropriate `as` value and it is preloaded intentionally.
[2025-05-17 09:53:56.919] [warn]  The resource https://discord.com/assets/cb2006dbced0e246.woff2 was preloaded using link preload but not used within a few seconds from the window's load event. Please make sure it has an appropriate `as` value and it is preloaded intentionally.
[2025-05-17 09:53:56.919] [warn]  The resource https://discord.com/assets/7a6a566c2e88a35d.woff2 was preloaded using link preload but not used within a few seconds from the window's load event. Please make sure it has an appropriate `as` value and it is preloaded intentionally.
[2025-05-17 09:53:56.919] [warn]  The resource https://discord.com/assets/e52f0cba712e2fb4.woff2 was preloaded using link preload but not used within a few seconds from the window's load event. Please make sure it has an appropriate `as` value and it is preloaded intentionally.
[2025-05-17 09:53:56.920] [warn]  The resource https://discord.com/assets/dd24010f3cf7def7.woff2 was preloaded using link preload but not used within a few seconds from the window's load event. Please make sure it has an appropriate `as` value and it is preloaded intentionally.
[2025-05-17 09:54:05.134] [warn]  The resource https://discord.com/assets/189422196a4f8b53.woff2 was preloaded using link preload but not used within a few seconds from the window's load event. Please make sure it has an appropriate `as` value and it is preloaded intentionally.
[2025-05-17 09:54:05.134] [warn]  The resource https://discord.com/assets/ce3b8055f5114434.woff2 was preloaded using link preload but not used within a few seconds from the window's load event. Please make sure it has an appropriate `as` value and it is preloaded intentionally.
[2025-05-17 09:54:05.134] [warn]  The resource https://discord.com/assets/cb2006dbced0e246.woff2 was preloaded using link preload but not used within a few seconds from the window's load event. Please make sure it has an appropriate `as` value and it is preloaded intentionally.
[2025-05-17 09:54:05.135] [warn]  The resource https://discord.com/assets/7a6a566c2e88a35d.woff2 was preloaded using link preload but not used within a few seconds from the window's load event. Please make sure it has an appropriate `as` value and it is preloaded intentionally.
[2025-05-17 09:54:05.135] [warn]  The resource https://discord.com/assets/e52f0cba712e2fb4.woff2 was preloaded using link preload but not used within a few seconds from the window's load event. Please make sure it has an appropriate `as` value and it is preloaded intentionally.
[2025-05-17 09:54:05.135] [warn]  The resource https://discord.com/assets/dd24010f3cf7def7.woff2 was preloaded using link preload but not used within a few seconds from the window's load event. Please make sure it has an appropriate `as` value and it is preloaded intentionally.
[2025-05-17 09:54:11.025] [info]  [MessageQueue] Queueing message to be sent LogId:475
[2025-05-17 09:54:11.026] [info]  [MessageQueue] Draining message from queue LogId:475 QueueLength: 0
[2025-05-17 09:54:11.026] [info]  [MessageQueue] Draining Message Queue with:  0
[2025-05-17 09:54:11.396] [info]  [MessageQueue] Finished draining message from queue LogId:475 QueueLength: 0
[2025-05-17 09:54:17.022] [warn]  The resource https://discord.com/assets/189422196a4f8b53.woff2 was preloaded using link preload but not used within a few seconds from the window's load event. Please make sure it has an appropriate `as` value and it is preloaded intentionally.
[2025-05-17 09:54:17.023] [warn]  The resource https://discord.com/assets/ce3b8055f5114434.woff2 was preloaded using link preload but not used within a few seconds from the window's load event. Please make sure it has an appropriate `as` value and it is preloaded intentionally.
[2025-05-17 09:54:17.023] [warn]  The resource https://discord.com/assets/cb2006dbced0e246.woff2 was preloaded using link preload but not used within a few seconds from the window's load event. Please make sure it has an appropriate `as` value and it is preloaded intentionally.
[2025-05-17 09:54:17.023] [warn]  The resource https://discord.com/assets/7a6a566c2e88a35d.woff2 was preloaded using link preload but not used within a few seconds from the window's load event. Please make sure it has an appropriate `as` value and it is preloaded intentionally.
[2025-05-17 09:54:17.024] [warn]  The resource https://discord.com/assets/e52f0cba712e2fb4.woff2 was preloaded using link preload but not used within a few seconds from the window's load event. Please make sure it has an appropriate `as` value and it is preloaded intentionally.
[2025-05-17 09:54:17.024] [warn]  The resource https://discord.com/assets/dd24010f3cf7def7.woff2 was preloaded using link preload but not used within a few seconds from the window's load event. Please make sure it has an appropriate `as` value and it is preloaded intentionally.
[2025-05-17 09:54:19.514] [info]  [MessageQueue] Queueing message to be sent LogId:8808
[2025-05-17 09:54:19.514] [info]  [MessageQueue] Draining message from queue LogId:8808 QueueLength: 0
[2025-05-17 09:54:19.515] [info]  [MessageQueue] Draining Message Queue with:  0
[2025-05-17 09:54:19.980] [info]  [MessageQueue] Finished draining message from queue LogId:8808 QueueLength: 0
[2025-05-17 09:54:21.650] [info]  [Routing/Utils] transitionTo - Transitioning to /channels/601526914544435390/601526914615738425
[2025-05-17 09:54:23.752] [info]  [MessageActionCreators] Fetching messages for 601534264730714112 between undefined and undefined. jump={"jumpType":"ANIMATED"}
[2025-05-17 09:54:23.832] [info]  [Routing/Utils] transitionTo - Transitioning to /channels/601526914544435390/601534264730714112
[2025-05-17 09:54:24.293] [info]  [MessageActionCreators] Fetched 50 messages for 601534264730714112 isBefore:false isAfter:false
[2025-05-17 09:54:24.298] [info]  [ChannelMessages] loadComplete: resetting state for channelId=601534264730714112, sending.length=0
[2025-05-17 09:54:25.846] [error] ResizeObserver loop completed with undelivered notifications.
[2025-05-17 09:54:30.739] [warn]  The resource https://discord.com/assets/189422196a4f8b53.woff2 was preloaded using link preload but not used within a few seconds from the window's load event. Please make sure it has an appropriate `as` value and it is preloaded intentionally.
[2025-05-17 09:54:30.740] [warn]  The resource https://discord.com/assets/ce3b8055f5114434.woff2 was preloaded using link preload but not used within a few seconds from the window's load event. Please make sure it has an appropriate `as` value and it is preloaded intentionally.
[2025-05-17 09:54:30.740] [warn]  The resource https://discord.com/assets/cb2006dbced0e246.woff2 was preloaded using link preload but not used within a few seconds from the window's load event. Please make sure it has an appropriate `as` value and it is preloaded intentionally.
[2025-05-17 09:54:30.740] [warn]  The resource https://discord.com/assets/7a6a566c2e88a35d.woff2 was preloaded using link preload but not used within a few seconds from the window's load event. Please make sure it has an appropriate `as` value and it is preloaded intentionally.
[2025-05-17 09:54:30.741] [warn]  The resource https://discord.com/assets/e52f0cba712e2fb4.woff2 was preloaded using link preload but not used within a few seconds from the window's load event. Please make sure it has an appropriate `as` value and it is preloaded intentionally.
[2025-05-17 09:54:30.741] [warn]  The resource https://discord.com/assets/dd24010f3cf7def7.woff2 was preloaded using link preload but not used within a few seconds from the window's load event. Please make sure it has an appropriate `as` value and it is preloaded intentionally.
[2025-05-17 09:54:36.656] [warn]  The resource https://discord.com/assets/189422196a4f8b53.woff2 was preloaded using link preload but not used within a few seconds from the window's load event. Please make sure it has an appropriate `as` value and it is preloaded intentionally.
[2025-05-17 09:54:36.657] [warn]  The resource https://discord.com/assets/ce3b8055f5114434.woff2 was preloaded using link preload but not used within a few seconds from the window's load event. Please make sure it has an appropriate `as` value and it is preloaded intentionally.
[2025-05-17 09:54:36.657] [warn]  The resource https://discord.com/assets/cb2006dbced0e246.woff2 was preloaded using link preload but not used within a few seconds from the window's load event. Please make sure it has an appropriate `as` value and it is preloaded intentionally.
[2025-05-17 09:54:36.657] [warn]  The resource https://discord.com/assets/7a6a566c2e88a35d.woff2 was preloaded using link preload but not used within a few seconds from the window's load event. Please make sure it has an appropriate `as` value and it is preloaded intentionally.
[2025-05-17 09:54:36.657] [warn]  The resource https://discord.com/assets/e52f0cba712e2fb4.woff2 was preloaded using link preload but not used within a few seconds from the window's load event. Please make sure it has an appropriate `as` value and it is preloaded intentionally.
[2025-05-17 09:54:36.657] [warn]  The resource https://discord.com/assets/dd24010f3cf7def7.woff2 was preloaded using link preload but not used within a few seconds from the window's load event. Please make sure it has an appropriate `as` value and it is preloaded intentionally.
[2025-05-17 09:54:52.415] [warn]  The resource https://discord.com/assets/189422196a4f8b53.woff2 was preloaded using link preload but not used within a few seconds from the window's load event. Please make sure it has an appropriate `as` value and it is preloaded intentionally.
[2025-05-17 09:54:52.415] [warn]  The resource https://discord.com/assets/ce3b8055f5114434.woff2 was preloaded using link preload but not used within a few seconds from the window's load event. Please make sure it has an appropriate `as` value and it is preloaded intentionally.
[2025-05-17 09:54:52.415] [warn]  The resource https://discord.com/assets/cb2006dbced0e246.woff2 was preloaded using link preload but not used within a few seconds from the window's load event. Please make sure it has an appropriate `as` value and it is preloaded intentionally.
[2025-05-17 09:54:52.416] [warn]  The resource https://discord.com/assets/7a6a566c2e88a35d.woff2 was preloaded using link preload but not used within a few seconds from the window's load event. Please make sure it has an appropriate `as` value and it is preloaded intentionally.
[2025-05-17 09:54:52.416] [warn]  The resource https://discord.com/assets/e52f0cba712e2fb4.woff2 was preloaded using link preload but not used within a few seconds from the window's load event. Please make sure it has an appropriate `as` value and it is preloaded intentionally.
[2025-05-17 09:54:52.416] [warn]  The resource https://discord.com/assets/dd24010f3cf7def7.woff2 was preloaded using link preload but not used within a few seconds from the window's load event. Please make sure it has an appropriate `as` value and it is preloaded intentionally.
[2025-05-17 10:05:31.653] [warn]  The resource https://discord.com/assets/189422196a4f8b53.woff2 was preloaded using link preload but not used within a few seconds from the window's load event. Please make sure it has an appropriate `as` value and it is preloaded intentionally.
[2025-05-17 10:05:31.654] [warn]  The resource https://discord.com/assets/ce3b8055f5114434.woff2 was preloaded using link preload but not used within a few seconds from the window's load event. Please make sure it has an appropriate `as` value and it is preloaded intentionally.
[2025-05-17 10:05:31.654] [warn]  The resource https://discord.com/assets/cb2006dbced0e246.woff2 was preloaded using link preload but not used within a few seconds from the window's load event. Please make sure it has an appropriate `as` value and it is preloaded intentionally.
[2025-05-17 10:05:31.654] [warn]  The resource https://discord.com/assets/7a6a566c2e88a35d.woff2 was preloaded using link preload but not used within a few seconds from the window's load event. Please make sure it has an appropriate `as` value and it is preloaded intentionally.
[2025-05-17 10:05:31.654] [warn]  The resource https://discord.com/assets/e52f0cba712e2fb4.woff2 was preloaded using link preload but not used within a few seconds from the window's load event. Please make sure it has an appropriate `as` value and it is preloaded intentionally.
[2025-05-17 10:05:31.654] [warn]  The resource https://discord.com/assets/dd24010f3cf7def7.woff2 was preloaded using link preload but not used within a few seconds from the window's load event. Please make sure it has an appropriate `as` value and it is preloaded intentionally.
[2025-05-17 10:05:46.308] [warn]  The resource https://discord.com/assets/189422196a4f8b53.woff2 was preloaded using link preload but not used within a few seconds from the window's load event. Please make sure it has an appropriate `as` value and it is preloaded intentionally.
[2025-05-17 10:05:46.308] [warn]  The resource https://discord.com/assets/ce3b8055f5114434.woff2 was preloaded using link preload but not used within a few seconds from the window's load event. Please make sure it has an appropriate `as` value and it is preloaded intentionally.
[2025-05-17 10:05:46.309] [warn]  The resource https://discord.com/assets/cb2006dbced0e246.woff2 was preloaded using link preload but not used within a few seconds from the window's load event. Please make sure it has an appropriate `as` value and it is preloaded intentionally.
[2025-05-17 10:05:46.309] [warn]  The resource https://discord.com/assets/7a6a566c2e88a35d.woff2 was preloaded using link preload but not used within a few seconds from the window's load event. Please make sure it has an appropriate `as` value and it is preloaded intentionally.
[2025-05-17 10:05:46.309] [warn]  The resource https://discord.com/assets/e52f0cba712e2fb4.woff2 was preloaded using link preload but not used within a few seconds from the window's load event. Please make sure it has an appropriate `as` value and it is preloaded intentionally.
[2025-05-17 10:05:46.309] [warn]  The resource https://discord.com/assets/dd24010f3cf7def7.woff2 was preloaded using link preload but not used within a few seconds from the window's load event. Please make sure it has an appropriate `as` value and it is preloaded intentionally.
[2025-05-17 10:05:59.710] [warn]  The resource https://discord.com/assets/189422196a4f8b53.woff2 was preloaded using link preload but not used within a few seconds from the window's load event. Please make sure it has an appropriate `as` value and it is preloaded intentionally.
[2025-05-17 10:05:59.711] [warn]  The resource https://discord.com/assets/ce3b8055f5114434.woff2 was preloaded using link preload but not used within a few seconds from the window's load event. Please make sure it has an appropriate `as` value and it is preloaded intentionally.
[2025-05-17 10:05:59.711] [warn]  The resource https://discord.com/assets/cb2006dbced0e246.woff2 was preloaded using link preload but not used within a few seconds from the window's load event. Please make sure it has an appropriate `as` value and it is preloaded intentionally.
[2025-05-17 10:05:59.711] [warn]  The resource https://discord.com/assets/7a6a566c2e88a35d.woff2 was preloaded using link preload but not used within a few seconds from the window's load event. Please make sure it has an appropriate `as` value and it is preloaded intentionally.
[2025-05-17 10:05:59.711] [warn]  The resource https://discord.com/assets/e52f0cba712e2fb4.woff2 was preloaded using link preload but not used within a few seconds from the window's load event. Please make sure it has an appropriate `as` value and it is preloaded intentionally.
[2025-05-17 10:05:59.711] [warn]  The resource https://discord.com/assets/dd24010f3cf7def7.woff2 was preloaded using link preload but not used within a few seconds from the window's load event. Please make sure it has an appropriate `as` value and it is preloaded intentionally.
[2025-05-17 10:06:04.489] [warn]  The resource https://discord.com/assets/189422196a4f8b53.woff2 was preloaded using link preload but not used within a few seconds from the window's load event. Please make sure it has an appropriate `as` value and it is preloaded intentionally.
[2025-05-17 10:06:04.489] [warn]  The resource https://discord.com/assets/ce3b8055f5114434.woff2 was preloaded using link preload but not used within a few seconds from the window's load event. Please make sure it has an appropriate `as` value and it is preloaded intentionally.
[2025-05-17 10:06:04.490] [warn]  The resource https://discord.com/assets/cb2006dbced0e246.woff2 was preloaded using link preload but not used within a few seconds from the window's load event. Please make sure it has an appropriate `as` value and it is preloaded intentionally.
[2025-05-17 10:06:04.490] [warn]  The resource https://discord.com/assets/7a6a566c2e88a35d.woff2 was preloaded using link preload but not used within a few seconds from the window's load event. Please make sure it has an appropriate `as` value and it is preloaded intentionally.
[2025-05-17 10:06:04.490] [warn]  The resource https://discord.com/assets/e52f0cba712e2fb4.woff2 was preloaded using link preload but not used within a few seconds from the window's load event. Please make sure it has an appropriate `as` value and it is preloaded intentionally.
[2025-05-17 10:06:04.490] [warn]  The resource https://discord.com/assets/dd24010f3cf7def7.woff2 was preloaded using link preload but not used within a few seconds from the window's load event. Please make sure it has an appropriate `as` value and it is preloaded intentionally.
[2025-05-17 10:06:35.620] [warn]  The resource https://discord.com/assets/189422196a4f8b53.woff2 was preloaded using link preload but not used within a few seconds from the window's load event. Please make sure it has an appropriate `as` value and it is preloaded intentionally.
[2025-05-17 10:06:35.621] [warn]  The resource https://discord.com/assets/ce3b8055f5114434.woff2 was preloaded using link preload but not used within a few seconds from the window's load event. Please make sure it has an appropriate `as` value and it is preloaded intentionally.
[2025-05-17 10:06:35.621] [warn]  The resource https://discord.com/assets/cb2006dbced0e246.woff2 was preloaded using link preload but not used within a few seconds from the window's load event. Please make sure it has an appropriate `as` value and it is preloaded intentionally.
[2025-05-17 10:06:35.621] [warn]  The resource https://discord.com/assets/7a6a566c2e88a35d.woff2 was preloaded using link preload but not used within a few seconds from the window's load event. Please make sure it has an appropriate `as` value and it is preloaded intentionally.
[2025-05-17 10:06:35.621] [warn]  The resource https://discord.com/assets/e52f0cba712e2fb4.woff2 was preloaded using link preload but not used within a few seconds from the window's load event. Please make sure it has an appropriate `as` value and it is preloaded intentionally.
[2025-05-17 10:06:35.621] [warn]  The resource https://discord.com/assets/dd24010f3cf7def7.woff2 was preloaded using link preload but not used within a few seconds from the window's load event. Please make sure it has an appropriate `as` value and it is preloaded intentionally.
[2025-05-17 10:07:26.035] [warn]  The resource https://discord.com/assets/189422196a4f8b53.woff2 was preloaded using link preload but not used within a few seconds from the window's load event. Please make sure it has an appropriate `as` value and it is preloaded intentionally.
[2025-05-17 10:07:26.036] [warn]  The resource https://discord.com/assets/ce3b8055f5114434.woff2 was preloaded using link preload but not used within a few seconds from the window's load event. Please make sure it has an appropriate `as` value and it is preloaded intentionally.
[2025-05-17 10:07:26.036] [warn]  The resource https://discord.com/assets/cb2006dbced0e246.woff2 was preloaded using link preload but not used within a few seconds from the window's load event. Please make sure it has an appropriate `as` value and it is preloaded intentionally.
[2025-05-17 10:07:26.036] [warn]  The resource https://discord.com/assets/7a6a566c2e88a35d.woff2 was preloaded using link preload but not used within a few seconds from the window's load event. Please make sure it has an appropriate `as` value and it is preloaded intentionally.
[2025-05-17 10:07:26.036] [warn]  The resource https://discord.com/assets/e52f0cba712e2fb4.woff2 was preloaded using link preload but not used within a few seconds from the window's load event. Please make sure it has an appropriate `as` value and it is preloaded intentionally.
[2025-05-17 10:07:26.037] [warn]  The resource https://discord.com/assets/dd24010f3cf7def7.woff2 was preloaded using link preload but not used within a few seconds from the window's load event. Please make sure it has an appropriate `as` value and it is preloaded intentionally.
[2025-05-17 10:19:57.622] [warn]  The resource https://discord.com/assets/189422196a4f8b53.woff2 was preloaded using link preload but not used within a few seconds from the window's load event. Please make sure it has an appropriate `as` value and it is preloaded intentionally.
[2025-05-17 10:19:57.622] [warn]  The resource https://discord.com/assets/ce3b8055f5114434.woff2 was preloaded using link preload but not used within a few seconds from the window's load event. Please make sure it has an appropriate `as` value and it is preloaded intentionally.
[2025-05-17 10:19:57.623] [warn]  The resource https://discord.com/assets/cb2006dbced0e246.woff2 was preloaded using link preload but not used within a few seconds from the window's load event. Please make sure it has an appropriate `as` value and it is preloaded intentionally.
[2025-05-17 10:19:57.623] [warn]  The resource https://discord.com/assets/7a6a566c2e88a35d.woff2 was preloaded using link preload but not used within a few seconds from the window's load event. Please make sure it has an appropriate `as` value and it is preloaded intentionally.
[2025-05-17 10:19:57.624] [warn]  The resource https://discord.com/assets/e52f0cba712e2fb4.woff2 was preloaded using link preload but not used within a few seconds from the window's load event. Please make sure it has an appropriate `as` value and it is preloaded intentionally.
[2025-05-17 10:19:57.624] [warn]  The resource https://discord.com/assets/dd24010f3cf7def7.woff2 was preloaded using link preload but not used within a few seconds from the window's load event. Please make sure it has an appropriate `as` value and it is preloaded intentionally.
[2025-05-17 10:19:59.515] [info]  [Routing/Utils] transitionTo - Transitioning to /channels/601526914544435390/601534264730714112
[2025-05-17 10:20:00.940] [error] ResizeObserver loop completed with undelivered notifications.
[2025-05-17 10:20:02.178] [info]  [Routing/Utils] transitionTo - Transitioning to /channels/601526914544435390/601526914615738425
[2025-05-17 10:20:02.378] [error] ResizeObserver loop completed with undelivered notifications.
[2025-05-17 10:20:05.711] [warn]  The resource https://discord.com/assets/189422196a4f8b53.woff2 was preloaded using link preload but not used within a few seconds from the window's load event. Please make sure it has an appropriate `as` value and it is preloaded intentionally.
[2025-05-17 10:20:05.711] [warn]  The resource https://discord.com/assets/ce3b8055f5114434.woff2 was preloaded using link preload but not used within a few seconds from the window's load event. Please make sure it has an appropriate `as` value and it is preloaded intentionally.
[2025-05-17 10:20:05.711] [warn]  The resource https://discord.com/assets/cb2006dbced0e246.woff2 was preloaded using link preload but not used within a few seconds from the window's load event. Please make sure it has an appropriate `as` value and it is preloaded intentionally.
[2025-05-17 10:20:05.712] [warn]  The resource https://discord.com/assets/7a6a566c2e88a35d.woff2 was preloaded using link preload but not used within a few seconds from the window's load event. Please make sure it has an appropriate `as` value and it is preloaded intentionally.
[2025-05-17 10:20:05.712] [warn]  The resource https://discord.com/assets/e52f0cba712e2fb4.woff2 was preloaded using link preload but not used within a few seconds from the window's load event. Please make sure it has an appropriate `as` value and it is preloaded intentionally.
[2025-05-17 10:20:05.712] [warn]  The resource https://discord.com/assets/dd24010f3cf7def7.woff2 was preloaded using link preload but not used within a few seconds from the window's load event. Please make sure it has an appropriate `as` value and it is preloaded intentionally.
[2025-05-17 10:20:21.528] [warn]  The resource https://discord.com/assets/189422196a4f8b53.woff2 was preloaded using link preload but not used within a few seconds from the window's load event. Please make sure it has an appropriate `as` value and it is preloaded intentionally.
[2025-05-17 10:20:21.528] [warn]  The resource https://discord.com/assets/ce3b8055f5114434.woff2 was preloaded using link preload but not used within a few seconds from the window's load event. Please make sure it has an appropriate `as` value and it is preloaded intentionally.
[2025-05-17 10:20:21.529] [warn]  The resource https://discord.com/assets/cb2006dbced0e246.woff2 was preloaded using link preload but not used within a few seconds from the window's load event. Please make sure it has an appropriate `as` value and it is preloaded intentionally.
[2025-05-17 10:20:21.529] [warn]  The resource https://discord.com/assets/7a6a566c2e88a35d.woff2 was preloaded using link preload but not used within a few seconds from the window's load event. Please make sure it has an appropriate `as` value and it is preloaded intentionally.
[2025-05-17 10:20:21.529] [warn]  The resource https://discord.com/assets/e52f0cba712e2fb4.woff2 was preloaded using link preload but not used within a few seconds from the window's load event. Please make sure it has an appropriate `as` value and it is preloaded intentionally.
[2025-05-17 10:20:21.529] [warn]  The resource https://discord.com/assets/dd24010f3cf7def7.woff2 was preloaded using link preload but not used within a few seconds from the window's load event. Please make sure it has an appropriate `as` value and it is preloaded intentionally.
[2025-05-17 10:36:01.529] [warn]  The resource https://discord.com/assets/189422196a4f8b53.woff2 was preloaded using link preload but not used within a few seconds from the window's load event. Please make sure it has an appropriate `as` value and it is preloaded intentionally.
[2025-05-17 10:36:01.529] [warn]  The resource https://discord.com/assets/ce3b8055f5114434.woff2 was preloaded using link preload but not used within a few seconds from the window's load event. Please make sure it has an appropriate `as` value and it is preloaded intentionally.
[2025-05-17 10:36:01.530] [warn]  The resource https://discord.com/assets/cb2006dbced0e246.woff2 was preloaded using link preload but not used within a few seconds from the window's load event. Please make sure it has an appropriate `as` value and it is preloaded intentionally.
[2025-05-17 10:36:01.530] [warn]  The resource https://discord.com/assets/7a6a566c2e88a35d.woff2 was preloaded using link preload but not used within a few seconds from the window's load event. Please make sure it has an appropriate `as` value and it is preloaded intentionally.
[2025-05-17 10:36:01.530] [warn]  The resource https://discord.com/assets/e52f0cba712e2fb4.woff2 was preloaded using link preload but not used within a few seconds from the window's load event. Please make sure it has an appropriate `as` value and it is preloaded intentionally.
[2025-05-17 10:36:01.530] [warn]  The resource https://discord.com/assets/dd24010f3cf7def7.woff2 was preloaded using link preload but not used within a few seconds from the window's load event. Please make sure it has an appropriate `as` value and it is preloaded intentionally.
[2025-05-17 10:41:31.429] [warn]  The resource https://discord.com/assets/189422196a4f8b53.woff2 was preloaded using link preload but not used within a few seconds from the window's load event. Please make sure it has an appropriate `as` value and it is preloaded intentionally.
[2025-05-17 10:41:31.429] [warn]  The resource https://discord.com/assets/ce3b8055f5114434.woff2 was preloaded using link preload but not used within a few seconds from the window's load event. Please make sure it has an appropriate `as` value and it is preloaded intentionally.
[2025-05-17 10:41:31.430] [warn]  The resource https://discord.com/assets/cb2006dbced0e246.woff2 was preloaded using link preload but not used within a few seconds from the window's load event. Please make sure it has an appropriate `as` value and it is preloaded intentionally.
[2025-05-17 10:41:31.430] [warn]  The resource https://discord.com/assets/7a6a566c2e88a35d.woff2 was preloaded using link preload but not used within a few seconds from the window's load event. Please make sure it has an appropriate `as` value and it is preloaded intentionally.
[2025-05-17 10:41:31.430] [warn]  The resource https://discord.com/assets/e52f0cba712e2fb4.woff2 was preloaded using link preload but not used within a few seconds from the window's load event. Please make sure it has an appropriate `as` value and it is preloaded intentionally.
[2025-05-17 10:41:31.430] [warn]  The resource https://discord.com/assets/dd24010f3cf7def7.woff2 was preloaded using link preload but not used within a few seconds from the window's load event. Please make sure it has an appropriate `as` value and it is preloaded intentionally.
[2025-05-17 10:50:49.909] [warn]  The resource https://discord.com/assets/189422196a4f8b53.woff2 was preloaded using link preload but not used within a few seconds from the window's load event. Please make sure it has an appropriate `as` value and it is preloaded intentionally.
[2025-05-17 10:50:49.909] [warn]  The resource https://discord.com/assets/ce3b8055f5114434.woff2 was preloaded using link preload but not used within a few seconds from the window's load event. Please make sure it has an appropriate `as` value and it is preloaded intentionally.
[2025-05-17 10:50:49.910] [warn]  The resource https://discord.com/assets/cb2006dbced0e246.woff2 was preloaded using link preload but not used within a few seconds from the window's load event. Please make sure it has an appropriate `as` value and it is preloaded intentionally.
[2025-05-17 10:50:49.910] [warn]  The resource https://discord.com/assets/7a6a566c2e88a35d.woff2 was preloaded using link preload but not used within a few seconds from the window's load event. Please make sure it has an appropriate `as` value and it is preloaded intentionally.
[2025-05-17 10:50:49.910] [warn]  The resource https://discord.com/assets/e52f0cba712e2fb4.woff2 was preloaded using link preload but not used within a few seconds from the window's load event. Please make sure it has an appropriate `as` value and it is preloaded intentionally.
[2025-05-17 10:50:49.910] [warn]  The resource https://discord.com/assets/dd24010f3cf7def7.woff2 was preloaded using link preload but not used within a few seconds from the window's load event. Please make sure it has an appropriate `as` value and it is preloaded intentionally.
[2025-05-17 10:59:07.592] [warn]  The resource https://discord.com/assets/189422196a4f8b53.woff2 was preloaded using link preload but not used within a few seconds from the window's load event. Please make sure it has an appropriate `as` value and it is preloaded intentionally.
[2025-05-17 10:59:07.593] [warn]  The resource https://discord.com/assets/ce3b8055f5114434.woff2 was preloaded using link preload but not used within a few seconds from the window's load event. Please make sure it has an appropriate `as` value and it is preloaded intentionally.
[2025-05-17 10:59:07.593] [warn]  The resource https://discord.com/assets/cb2006dbced0e246.woff2 was preloaded using link preload but not used within a few seconds from the window's load event. Please make sure it has an appropriate `as` value and it is preloaded intentionally.
[2025-05-17 10:59:07.593] [warn]  The resource https://discord.com/assets/7a6a566c2e88a35d.woff2 was preloaded using link preload but not used within a few seconds from the window's load event. Please make sure it has an appropriate `as` value and it is preloaded intentionally.
[2025-05-17 10:59:07.594] [warn]  The resource https://discord.com/assets/e52f0cba712e2fb4.woff2 was preloaded using link preload but not used within a few seconds from the window's load event. Please make sure it has an appropriate `as` value and it is preloaded intentionally.
[2025-05-17 10:59:07.594] [warn]  The resource https://discord.com/assets/dd24010f3cf7def7.woff2 was preloaded using link preload but not used within a few seconds from the window's load event. Please make sure it has an appropriate `as` value and it is preloaded intentionally.
[2025-05-17 10:59:11.292] [warn]  The resource https://discord.com/assets/189422196a4f8b53.woff2 was preloaded using link preload but not used within a few seconds from the window's load event. Please make sure it has an appropriate `as` value and it is preloaded intentionally.
[2025-05-17 10:59:11.292] [warn]  The resource https://discord.com/assets/ce3b8055f5114434.woff2 was preloaded using link preload but not used within a few seconds from the window's load event. Please make sure it has an appropriate `as` value and it is preloaded intentionally.
[2025-05-17 10:59:11.293] [warn]  The resource https://discord.com/assets/cb2006dbced0e246.woff2 was preloaded using link preload but not used within a few seconds from the window's load event. Please make sure it has an appropriate `as` value and it is preloaded intentionally.
[2025-05-17 10:59:11.293] [warn]  The resource https://discord.com/assets/7a6a566c2e88a35d.woff2 was preloaded using link preload but not used within a few seconds from the window's load event. Please make sure it has an appropriate `as` value and it is preloaded intentionally.
[2025-05-17 10:59:11.293] [warn]  The resource https://discord.com/assets/e52f0cba712e2fb4.woff2 was preloaded using link preload but not used within a few seconds from the window's load event. Please make sure it has an appropriate `as` value and it is preloaded intentionally.
[2025-05-17 10:59:11.293] [warn]  The resource https://discord.com/assets/dd24010f3cf7def7.woff2 was preloaded using link preload but not used within a few seconds from the window's load event. Please make sure it has an appropriate `as` value and it is preloaded intentionally.
[2025-05-17 11:05:18.563] [warn]  The resource https://discord.com/assets/189422196a4f8b53.woff2 was preloaded using link preload but not used within a few seconds from the window's load event. Please make sure it has an appropriate `as` value and it is preloaded intentionally.
[2025-05-17 11:05:18.563] [warn]  The resource https://discord.com/assets/ce3b8055f5114434.woff2 was preloaded using link preload but not used within a few seconds from the window's load event. Please make sure it has an appropriate `as` value and it is preloaded intentionally.
[2025-05-17 11:05:18.564] [warn]  The resource https://discord.com/assets/cb2006dbced0e246.woff2 was preloaded using link preload but not used within a few seconds from the window's load event. Please make sure it has an appropriate `as` value and it is preloaded intentionally.
[2025-05-17 11:05:18.564] [warn]  The resource https://discord.com/assets/7a6a566c2e88a35d.woff2 was preloaded using link preload but not used within a few seconds from the window's load event. Please make sure it has an appropriate `as` value and it is preloaded intentionally.
[2025-05-17 11:05:18.564] [warn]  The resource https://discord.com/assets/e52f0cba712e2fb4.woff2 was preloaded using link preload but not used within a few seconds from the window's load event. Please make sure it has an appropriate `as` value and it is preloaded intentionally.
[2025-05-17 11:05:18.564] [warn]  The resource https://discord.com/assets/dd24010f3cf7def7.woff2 was preloaded using link preload but not used within a few seconds from the window's load event. Please make sure it has an appropriate `as` value and it is preloaded intentionally.
[2025-05-17 11:05:21.908] [warn]  The resource https://discord.com/assets/189422196a4f8b53.woff2 was preloaded using link preload but not used within a few seconds from the window's load event. Please make sure it has an appropriate `as` value and it is preloaded intentionally.
[2025-05-17 11:05:21.909] [warn]  The resource https://discord.com/assets/ce3b8055f5114434.woff2 was preloaded using link preload but not used within a few seconds from the window's load event. Please make sure it has an appropriate `as` value and it is preloaded intentionally.
[2025-05-17 11:05:21.909] [warn]  The resource https://discord.com/assets/cb2006dbced0e246.woff2 was preloaded using link preload but not used within a few seconds from the window's load event. Please make sure it has an appropriate `as` value and it is preloaded intentionally.
[2025-05-17 11:05:21.909] [warn]  The resource https://discord.com/assets/7a6a566c2e88a35d.woff2 was preloaded using link preload but not used within a few seconds from the window's load event. Please make sure it has an appropriate `as` value and it is preloaded intentionally.
[2025-05-17 11:05:21.909] [warn]  The resource https://discord.com/assets/e52f0cba712e2fb4.woff2 was preloaded using link preload but not used within a few seconds from the window's load event. Please make sure it has an appropriate `as` value and it is preloaded intentionally.
[2025-05-17 11:05:21.909] [warn]  The resource https://discord.com/assets/dd24010f3cf7def7.woff2 was preloaded using link preload but not used within a few seconds from the window's load event. Please make sure it has an appropriate `as` value and it is preloaded intentionally.
[2025-05-17 11:25:15.056] [info]  [GatewaySocket] [CONNECT] wss://gateway-us-east1-c.discord.gg, encoding: etf, version: 9, compression: zstd-stream
[2025-05-17 11:25:15.489] [info]  [GatewaySocket] [CONNECTED] wss://gateway-us-east1-c.discord.gg/?encoding=etf&v=9&compress=zstd-stream in 433 ms
[2025-05-17 11:25:15.490] [info]  [GatewaySocket] [RESUME] resuming session 88d0efb3102f6e2a5687a7abf9c1a1d2, seq: 1177
[2025-05-17 11:25:15.651] [info]  [Flux] Dispatching CONNECTION_RESUMED
[2025-05-17 11:25:15.653] [info]  [GatewaySocket] [RESUMED] took 597ms, replayed 0 events, new seq: 1178
[2025-05-17 11:25:22.349] [info]  [discord_protos.discord_users.v1.FrecencyUserSettings] Scheduling save from markDirty
[2025-05-17 11:25:22.350] [info]  [discord_protos.discord_users.v1.FrecencyUserSettings] Persisting proto
[2025-05-17 11:25:25.932] [warn]  The resource https://discord.com/assets/189422196a4f8b53.woff2 was preloaded using link preload but not used within a few seconds from the window's load event. Please make sure it has an appropriate `as` value and it is preloaded intentionally.
[2025-05-17 11:25:25.935] [warn]  The resource https://discord.com/assets/ce3b8055f5114434.woff2 was preloaded using link preload but not used within a few seconds from the window's load event. Please make sure it has an appropriate `as` value and it is preloaded intentionally.
[2025-05-17 11:25:25.935] [warn]  The resource https://discord.com/assets/cb2006dbced0e246.woff2 was preloaded using link preload but not used within a few seconds from the window's load event. Please make sure it has an appropriate `as` value and it is preloaded intentionally.
[2025-05-17 11:25:25.935] [warn]  The resource https://discord.com/assets/7a6a566c2e88a35d.woff2 was preloaded using link preload but not used within a few seconds from the window's load event. Please make sure it has an appropriate `as` value and it is preloaded intentionally.
[2025-05-17 11:25:25.935] [warn]  The resource https://discord.com/assets/e52f0cba712e2fb4.woff2 was preloaded using link preload but not used within a few seconds from the window's load event. Please make sure it has an appropriate `as` value and it is preloaded intentionally.
[2025-05-17 11:25:25.935] [warn]  The resource https://discord.com/assets/dd24010f3cf7def7.woff2 was preloaded using link preload but not used within a few seconds from the window's load event. Please make sure it has an appropriate `as` value and it is preloaded intentionally.
[2025-05-17 12:43:14.380] [info]  DiscordSplash.signalReady
[2025-05-17 12:43:14.387] [info]  Slow network is detected. See https://www.chromestatus.com/feature/5636954674692096 for more details. Fallback font will be used while loading: file:///opt/discord/resources/app.asar/app_bootstrap/splash/bf3d19297ef12291559b3edae977480c.woff2
[2025-05-17 12:43:14.424] [info]  DiscordSplash.onStateUpdate: {"status":"checking-for-updates"}
[2025-05-17 12:43:14.424] [info]  Splash.onStateUpdate: {"status":"checking-for-updates"}
[2025-05-17 12:43:14.992] [info]  DiscordSplash.onStateUpdate: {"status":"launching"}
[2025-05-17 12:43:14.993] [info]  Splash.onStateUpdate: {"status":"launching"}
[2025-05-17 12:43:15.393] [info]  Splash.updateCountdownSeconds: undefined
[2025-05-17 12:43:15.405] [info]  [FAST CONNECT] wss://gateway.discord.gg/?encoding=etf&v=9&compress=zstd-stream, encoding: etf, version: 9
[2025-05-17 12:43:15.603] [info]  Initializing voice engine with audio subsystem: standard
[2025-05-17 12:43:15.671] [info]  [default] [BUILD INFO] Release Channel: stable, Build Number: 400453, Version Hash: c371a8ad704137299cf8f14078989e7fad4633e3
[2025-05-17 12:43:15.732] [info]  [default] [NATIVE INFO] host 0.0.94, modules: discord_desktop_core: 1, discord_erlpack: 1, discord_spellcheck: 1, discord_utils: 1, discord_voice: 2, discord_zstd: 1, discord_krisp: 1, discord_game_utils: 1, discord_rpc: 1, build: null
[2025-05-17 12:43:15.736] [info]  [libdiscore] The answer for life the universe and everything is: 42
[2025-05-17 12:43:16.310] [error] [Spellchecker] sh is not a valid locale.
[2025-05-17 12:43:16.322] [info]  [FAST CONNECT] connected in 915ms
[2025-05-17 12:43:16.337] [info]  [Spellchecker] Switching to en-US (available)
[2025-05-17 12:43:16.559] [warn]  [CloudSyncUtils] CloudSync is not supported on this platform
[2025-05-17 12:43:16.708] [info]  [RPCServer:WSS] Starting on 6463
[2025-05-17 12:43:16.710] [info]  [RPCServer:IPC] Starting on /run/user/1000/discord-ipc-0
[2025-05-17 12:43:16.728] [info]  [GatewaySocket] [CONNECT] wss://gateway.discord.gg, encoding: etf, version: 9, compression: zstd-stream
[2025-05-17 12:43:16.728] [info]  [GatewaySocket] [FAST CONNECT] successfully took over websocket, state: [object Object]
[2025-05-17 12:43:16.728] [info]  [GatewaySocket] [CONNECTED] wss://gateway.discord.gg/?encoding=etf&v=9&compress=zstd-stream in 1 ms
[2025-05-17 12:43:17.503] [info]  [GatewaySocket] [READY] took 776ms, as e0d362ab8f41fb670bc999066ddf9d11
[2025-05-17 12:43:17.523] [info]  [Flux] Dispatching CONNECTION_OPEN
[2025-05-17 12:43:17.526] [info]  [DatabaseManager] removing database (user: 345632383078498305, database: undefined)
[2025-05-17 12:43:17.533] [warn]  [NativeDispatchUtils] Tried getting Dispatch instance before instantiated
[2025-05-17 12:43:17.555] [info]  [MessageActionCreators] Fetching messages for 601526914615738425 between undefined and undefined. jump={"jumpType":"ANIMATED"}
[2025-05-17 12:43:17.828] [info]  [GatewaySocket] [READY_SUPPLEMENTAL] took 1101ms
[2025-05-17 12:43:17.842] [info]  [MessageActionCreators] Fetched 50 messages for 601526914615738425 isBefore:false isAfter:false
[2025-05-17 12:43:17.848] [info]  [ChannelMessages] loadComplete: resetting state for channelId=601526914615738425, sending.length=0
[2025-05-17 12:43:21.528] [warn]  The resource https://discord.com/assets/189422196a4f8b53.woff2 was preloaded using link preload but not used within a few seconds from the window's load event. Please make sure it has an appropriate `as` value and it is preloaded intentionally.
[2025-05-17 12:43:21.529] [warn]  The resource https://discord.com/assets/ce3b8055f5114434.woff2 was preloaded using link preload but not used within a few seconds from the window's load event. Please make sure it has an appropriate `as` value and it is preloaded intentionally.
[2025-05-17 12:43:21.529] [warn]  The resource https://discord.com/assets/cb2006dbced0e246.woff2 was preloaded using link preload but not used within a few seconds from the window's load event. Please make sure it has an appropriate `as` value and it is preloaded intentionally.
[2025-05-17 12:43:21.529] [warn]  The resource https://discord.com/assets/7a6a566c2e88a35d.woff2 was preloaded using link preload but not used within a few seconds from the window's load event. Please make sure it has an appropriate `as` value and it is preloaded intentionally.
[2025-05-17 12:43:21.529] [warn]  The resource https://discord.com/assets/e52f0cba712e2fb4.woff2 was preloaded using link preload but not used within a few seconds from the window's load event. Please make sure it has an appropriate `as` value and it is preloaded intentionally.
[2025-05-17 12:43:21.529] [warn]  The resource https://discord.com/assets/dd24010f3cf7def7.woff2 was preloaded using link preload but not used within a few seconds from the window's load event. Please make sure it has an appropriate `as` value and it is preloaded intentionally.
[2025-05-17 12:43:28.187] [warn]  The resource https://discord.com/assets/189422196a4f8b53.woff2 was preloaded using link preload but not used within a few seconds from the window's load event. Please make sure it has an appropriate `as` value and it is preloaded intentionally.
[2025-05-17 12:43:28.187] [warn]  The resource https://discord.com/assets/ce3b8055f5114434.woff2 was preloaded using link preload but not used within a few seconds from the window's load event. Please make sure it has an appropriate `as` value and it is preloaded intentionally.
[2025-05-17 12:43:28.188] [warn]  The resource https://discord.com/assets/cb2006dbced0e246.woff2 was preloaded using link preload but not used within a few seconds from the window's load event. Please make sure it has an appropriate `as` value and it is preloaded intentionally.
[2025-05-17 12:43:28.188] [warn]  The resource https://discord.com/assets/7a6a566c2e88a35d.woff2 was preloaded using link preload but not used within a few seconds from the window's load event. Please make sure it has an appropriate `as` value and it is preloaded intentionally.
[2025-05-17 12:43:28.188] [warn]  The resource https://discord.com/assets/e52f0cba712e2fb4.woff2 was preloaded using link preload but not used within a few seconds from the window's load event. Please make sure it has an appropriate `as` value and it is preloaded intentionally.
[2025-05-17 12:43:28.188] [warn]  The resource https://discord.com/assets/dd24010f3cf7def7.woff2 was preloaded using link preload but not used within a few seconds from the window's load event. Please make sure it has an appropriate `as` value and it is preloaded intentionally.
[2025-05-17 12:43:30.172] [info]  [libdiscore] [BlockedDomainsStore] Successfully fetched blocked domains
[2025-05-17 12:43:34.905] [error] Uncaught (in promise) #<Object>
[2025-05-17 12:43:35.907] [info]  [DirectVideo] create video element for usb-0000:c1:00.4-1, readyState=0
[2025-05-17 12:43:35.908] [info]  [DirectVideo] attaching srcObject for usb-0000:c1:00.4-1
[2025-05-17 12:43:35.909] [info]  Subscribing to direct frames for streamId usb-0000:c1:00.4-1
[2025-05-17 12:43:37.937] [info]  [DirectVideo] handleReady for usb-0000:c1:00.4-1, have onReady callback = false
[2025-05-17 12:43:41.433] [warn]  The resource https://discord.com/assets/189422196a4f8b53.woff2 was preloaded using link preload but not used within a few seconds from the window's load event. Please make sure it has an appropriate `as` value and it is preloaded intentionally.
[2025-05-17 12:43:41.433] [warn]  The resource https://discord.com/assets/ce3b8055f5114434.woff2 was preloaded using link preload but not used within a few seconds from the window's load event. Please make sure it has an appropriate `as` value and it is preloaded intentionally.
[2025-05-17 12:43:41.434] [warn]  The resource https://discord.com/assets/cb2006dbced0e246.woff2 was preloaded using link preload but not used within a few seconds from the window's load event. Please make sure it has an appropriate `as` value and it is preloaded intentionally.
[2025-05-17 12:43:41.434] [warn]  The resource https://discord.com/assets/7a6a566c2e88a35d.woff2 was preloaded using link preload but not used within a few seconds from the window's load event. Please make sure it has an appropriate `as` value and it is preloaded intentionally.
[2025-05-17 12:43:41.434] [warn]  The resource https://discord.com/assets/e52f0cba712e2fb4.woff2 was preloaded using link preload but not used within a few seconds from the window's load event. Please make sure it has an appropriate `as` value and it is preloaded intentionally.
[2025-05-17 12:43:41.434] [warn]  The resource https://discord.com/assets/dd24010f3cf7def7.woff2 was preloaded using link preload but not used within a few seconds from the window's load event. Please make sure it has an appropriate `as` value and it is preloaded intentionally.
[2025-05-17 12:43:51.213] [warn]  The resource https://discord.com/assets/189422196a4f8b53.woff2 was preloaded using link preload but not used within a few seconds from the window's load event. Please make sure it has an appropriate `as` value and it is preloaded intentionally.
[2025-05-17 12:43:51.214] [warn]  The resource https://discord.com/assets/ce3b8055f5114434.woff2 was preloaded using link preload but not used within a few seconds from the window's load event. Please make sure it has an appropriate `as` value and it is preloaded intentionally.
[2025-05-17 12:43:51.214] [warn]  The resource https://discord.com/assets/cb2006dbced0e246.woff2 was preloaded using link preload but not used within a few seconds from the window's load event. Please make sure it has an appropriate `as` value and it is preloaded intentionally.
[2025-05-17 12:43:51.214] [warn]  The resource https://discord.com/assets/7a6a566c2e88a35d.woff2 was preloaded using link preload but not used within a few seconds from the window's load event. Please make sure it has an appropriate `as` value and it is preloaded intentionally.
[2025-05-17 12:43:51.214] [warn]  The resource https://discord.com/assets/e52f0cba712e2fb4.woff2 was preloaded using link preload but not used within a few seconds from the window's load event. Please make sure it has an appropriate `as` value and it is preloaded intentionally.
[2025-05-17 12:43:51.214] [warn]  The resource https://discord.com/assets/dd24010f3cf7def7.woff2 was preloaded using link preload but not used within a few seconds from the window's load event. Please make sure it has an appropriate `as` value and it is preloaded intentionally.
[2025-05-17 12:44:19.937] [warn]  The resource https://discord.com/assets/189422196a4f8b53.woff2 was preloaded using link preload but not used within a few seconds from the window's load event. Please make sure it has an appropriate `as` value and it is preloaded intentionally.
[2025-05-17 12:44:19.937] [warn]  The resource https://discord.com/assets/ce3b8055f5114434.woff2 was preloaded using link preload but not used within a few seconds from the window's load event. Please make sure it has an appropriate `as` value and it is preloaded intentionally.
[2025-05-17 12:44:19.938] [warn]  The resource https://discord.com/assets/cb2006dbced0e246.woff2 was preloaded using link preload but not used within a few seconds from the window's load event. Please make sure it has an appropriate `as` value and it is preloaded intentionally.
[2025-05-17 12:44:19.938] [warn]  The resource https://discord.com/assets/7a6a566c2e88a35d.woff2 was preloaded using link preload but not used within a few seconds from the window's load event. Please make sure it has an appropriate `as` value and it is preloaded intentionally.
[2025-05-17 12:44:19.938] [warn]  The resource https://discord.com/assets/e52f0cba712e2fb4.woff2 was preloaded using link preload but not used within a few seconds from the window's load event. Please make sure it has an appropriate `as` value and it is preloaded intentionally.
[2025-05-17 12:44:19.939] [warn]  The resource https://discord.com/assets/dd24010f3cf7def7.woff2 was preloaded using link preload but not used within a few seconds from the window's load event. Please make sure it has an appropriate `as` value and it is preloaded intentionally.
[2025-05-17 12:44:27.017] [warn]  The resource https://discord.com/assets/189422196a4f8b53.woff2 was preloaded using link preload but not used within a few seconds from the window's load event. Please make sure it has an appropriate `as` value and it is preloaded intentionally.
[2025-05-17 12:44:27.018] [warn]  The resource https://discord.com/assets/ce3b8055f5114434.woff2 was preloaded using link preload but not used within a few seconds from the window's load event. Please make sure it has an appropriate `as` value and it is preloaded intentionally.
[2025-05-17 12:44:27.018] [warn]  The resource https://discord.com/assets/cb2006dbced0e246.woff2 was preloaded using link preload but not used within a few seconds from the window's load event. Please make sure it has an appropriate `as` value and it is preloaded intentionally.
[2025-05-17 12:44:27.018] [warn]  The resource https://discord.com/assets/7a6a566c2e88a35d.woff2 was preloaded using link preload but not used within a few seconds from the window's load event. Please make sure it has an appropriate `as` value and it is preloaded intentionally.
[2025-05-17 12:44:27.018] [warn]  The resource https://discord.com/assets/e52f0cba712e2fb4.woff2 was preloaded using link preload but not used within a few seconds from the window's load event. Please make sure it has an appropriate `as` value and it is preloaded intentionally.
[2025-05-17 12:44:27.019] [warn]  The resource https://discord.com/assets/dd24010f3cf7def7.woff2 was preloaded using link preload but not used within a few seconds from the window's load event. Please make sure it has an appropriate `as` value and it is preloaded intentionally.
[2025-05-17 12:44:41.259] [warn]  The resource https://discord.com/assets/189422196a4f8b53.woff2 was preloaded using link preload but not used within a few seconds from the window's load event. Please make sure it has an appropriate `as` value and it is preloaded intentionally.
[2025-05-17 12:44:41.259] [warn]  The resource https://discord.com/assets/ce3b8055f5114434.woff2 was preloaded using link preload but not used within a few seconds from the window's load event. Please make sure it has an appropriate `as` value and it is preloaded intentionally.
[2025-05-17 12:44:41.259] [warn]  The resource https://discord.com/assets/cb2006dbced0e246.woff2 was preloaded using link preload but not used within a few seconds from the window's load event. Please make sure it has an appropriate `as` value and it is preloaded intentionally.
[2025-05-17 12:44:41.260] [warn]  The resource https://discord.com/assets/7a6a566c2e88a35d.woff2 was preloaded using link preload but not used within a few seconds from the window's load event. Please make sure it has an appropriate `as` value and it is preloaded intentionally.
[2025-05-17 12:44:41.260] [warn]  The resource https://discord.com/assets/e52f0cba712e2fb4.woff2 was preloaded using link preload but not used within a few seconds from the window's load event. Please make sure it has an appropriate `as` value and it is preloaded intentionally.
[2025-05-17 12:44:41.260] [warn]  The resource https://discord.com/assets/dd24010f3cf7def7.woff2 was preloaded using link preload but not used within a few seconds from the window's load event. Please make sure it has an appropriate `as` value and it is preloaded intentionally.
[2025-05-17 12:44:47.876] [warn]  The resource https://discord.com/assets/189422196a4f8b53.woff2 was preloaded using link preload but not used within a few seconds from the window's load event. Please make sure it has an appropriate `as` value and it is preloaded intentionally.
[2025-05-17 12:44:47.876] [warn]  The resource https://discord.com/assets/ce3b8055f5114434.woff2 was preloaded using link preload but not used within a few seconds from the window's load event. Please make sure it has an appropriate `as` value and it is preloaded intentionally.
[2025-05-17 12:44:47.876] [warn]  The resource https://discord.com/assets/cb2006dbced0e246.woff2 was preloaded using link preload but not used within a few seconds from the window's load event. Please make sure it has an appropriate `as` value and it is preloaded intentionally.
[2025-05-17 12:44:47.876] [warn]  The resource https://discord.com/assets/7a6a566c2e88a35d.woff2 was preloaded using link preload but not used within a few seconds from the window's load event. Please make sure it has an appropriate `as` value and it is preloaded intentionally.
[2025-05-17 12:44:47.876] [warn]  The resource https://discord.com/assets/e52f0cba712e2fb4.woff2 was preloaded using link preload but not used within a few seconds from the window's load event. Please make sure it has an appropriate `as` value and it is preloaded intentionally.
[2025-05-17 12:44:47.877] [warn]  The resource https://discord.com/assets/dd24010f3cf7def7.woff2 was preloaded using link preload but not used within a few seconds from the window's load event. Please make sure it has an appropriate `as` value and it is preloaded intentionally.
[2025-05-17 12:44:57.984] [warn]  The resource https://discord.com/assets/189422196a4f8b53.woff2 was preloaded using link preload but not used within a few seconds from the window's load event. Please make sure it has an appropriate `as` value and it is preloaded intentionally.
[2025-05-17 12:44:57.984] [warn]  The resource https://discord.com/assets/ce3b8055f5114434.woff2 was preloaded using link preload but not used within a few seconds from the window's load event. Please make sure it has an appropriate `as` value and it is preloaded intentionally.
[2025-05-17 12:44:57.984] [warn]  The resource https://discord.com/assets/cb2006dbced0e246.woff2 was preloaded using link preload but not used within a few seconds from the window's load event. Please make sure it has an appropriate `as` value and it is preloaded intentionally.
[2025-05-17 12:44:57.985] [warn]  The resource https://discord.com/assets/7a6a566c2e88a35d.woff2 was preloaded using link preload but not used within a few seconds from the window's load event. Please make sure it has an appropriate `as` value and it is preloaded intentionally.
[2025-05-17 12:44:57.985] [warn]  The resource https://discord.com/assets/e52f0cba712e2fb4.woff2 was preloaded using link preload but not used within a few seconds from the window's load event. Please make sure it has an appropriate `as` value and it is preloaded intentionally.
[2025-05-17 12:44:57.985] [warn]  The resource https://discord.com/assets/dd24010f3cf7def7.woff2 was preloaded using link preload but not used within a few seconds from the window's load event. Please make sure it has an appropriate `as` value and it is preloaded intentionally.
[2025-05-17 12:46:39.821] [warn]  The resource https://discord.com/assets/189422196a4f8b53.woff2 was preloaded using link preload but not used within a few seconds from the window's load event. Please make sure it has an appropriate `as` value and it is preloaded intentionally.
[2025-05-17 12:46:39.822] [warn]  The resource https://discord.com/assets/ce3b8055f5114434.woff2 was preloaded using link preload but not used within a few seconds from the window's load event. Please make sure it has an appropriate `as` value and it is preloaded intentionally.
[2025-05-17 12:46:39.822] [warn]  The resource https://discord.com/assets/cb2006dbced0e246.woff2 was preloaded using link preload but not used within a few seconds from the window's load event. Please make sure it has an appropriate `as` value and it is preloaded intentionally.
[2025-05-17 12:46:39.822] [warn]  The resource https://discord.com/assets/7a6a566c2e88a35d.woff2 was preloaded using link preload but not used within a few seconds from the window's load event. Please make sure it has an appropriate `as` value and it is preloaded intentionally.
[2025-05-17 12:46:39.822] [warn]  The resource https://discord.com/assets/e52f0cba712e2fb4.woff2 was preloaded using link preload but not used within a few seconds from the window's load event. Please make sure it has an appropriate `as` value and it is preloaded intentionally.
[2025-05-17 12:46:39.823] [warn]  The resource https://discord.com/assets/dd24010f3cf7def7.woff2 was preloaded using link preload but not used within a few seconds from the window's load event. Please make sure it has an appropriate `as` value and it is preloaded intentionally.
[2025-05-17 12:47:24.555] [info]  Unsubscribing from direct frames for streamId usb-0000:c1:00.4-1
[2025-05-17 12:47:26.581] [info]  [Routing/Utils] transitionTo - Transitioning to /channels/601526914544435390/601526914615738425
[2025-05-17 12:47:27.990] [error] ResizeObserver loop completed with undelivered notifications.
[2025-05-17 12:47:30.118] [info]  [MessageActionCreators] Fetching messages for 601534264730714112 between undefined and undefined. jump={"jumpType":"ANIMATED"}
[2025-05-17 12:47:30.215] [info]  [Routing/Utils] transitionTo - Transitioning to /channels/601526914544435390/601534264730714112
[2025-05-17 12:47:30.609] [info]  [MessageActionCreators] Fetched 50 messages for 601534264730714112 isBefore:false isAfter:false
[2025-05-17 12:47:30.615] [info]  [ChannelMessages] loadComplete: resetting state for channelId=601534264730714112, sending.length=0
[2025-05-17 12:47:31.531] [error] ResizeObserver loop completed with undelivered notifications.
[2025-05-17 12:47:32.102] [info]  [discord_protos.discord_users.v1.FrecencyUserSettings] Loading proto
[2025-05-17 12:47:34.925] [error] [KeyboardLayoutMapUtils] KeyboardMapper - Key code mismatch for key meta: 133 !== 91
[2025-05-17 12:47:38.269] [warn]  The resource https://discord.com/assets/189422196a4f8b53.woff2 was preloaded using link preload but not used within a few seconds from the window's load event. Please make sure it has an appropriate `as` value and it is preloaded intentionally.
[2025-05-17 12:47:38.270] [warn]  The resource https://discord.com/assets/ce3b8055f5114434.woff2 was preloaded using link preload but not used within a few seconds from the window's load event. Please make sure it has an appropriate `as` value and it is preloaded intentionally.
[2025-05-17 12:47:38.270] [warn]  The resource https://discord.com/assets/cb2006dbced0e246.woff2 was preloaded using link preload but not used within a few seconds from the window's load event. Please make sure it has an appropriate `as` value and it is preloaded intentionally.
[2025-05-17 12:47:38.270] [warn]  The resource https://discord.com/assets/7a6a566c2e88a35d.woff2 was preloaded using link preload but not used within a few seconds from the window's load event. Please make sure it has an appropriate `as` value and it is preloaded intentionally.
[2025-05-17 12:47:38.271] [warn]  The resource https://discord.com/assets/e52f0cba712e2fb4.woff2 was preloaded using link preload but not used within a few seconds from the window's load event. Please make sure it has an appropriate `as` value and it is preloaded intentionally.
[2025-05-17 12:47:38.271] [warn]  The resource https://discord.com/assets/dd24010f3cf7def7.woff2 was preloaded using link preload but not used within a few seconds from the window's load event. Please make sure it has an appropriate `as` value and it is preloaded intentionally.
[2025-05-17 12:48:05.971] [info]  [WindowVisibilityVideoManager] Incoming video enabled changed, incomingVideoEnabled = false
[2025-05-17 12:49:19.406] [warn]  The resource https://discord.com/assets/189422196a4f8b53.woff2 was preloaded using link preload but not used within a few seconds from the window's load event. Please make sure it has an appropriate `as` value and it is preloaded intentionally.
[2025-05-17 12:49:19.407] [warn]  The resource https://discord.com/assets/ce3b8055f5114434.woff2 was preloaded using link preload but not used within a few seconds from the window's load event. Please make sure it has an appropriate `as` value and it is preloaded intentionally.
[2025-05-17 12:49:19.407] [warn]  The resource https://discord.com/assets/cb2006dbced0e246.woff2 was preloaded using link preload but not used within a few seconds from the window's load event. Please make sure it has an appropriate `as` value and it is preloaded intentionally.
[2025-05-17 12:49:19.407] [warn]  The resource https://discord.com/assets/7a6a566c2e88a35d.woff2 was preloaded using link preload but not used within a few seconds from the window's load event. Please make sure it has an appropriate `as` value and it is preloaded intentionally.
[2025-05-17 12:49:19.408] [warn]  The resource https://discord.com/assets/e52f0cba712e2fb4.woff2 was preloaded using link preload but not used within a few seconds from the window's load event. Please make sure it has an appropriate `as` value and it is preloaded intentionally.
[2025-05-17 12:49:19.408] [warn]  The resource https://discord.com/assets/dd24010f3cf7def7.woff2 was preloaded using link preload but not used within a few seconds from the window's load event. Please make sure it has an appropriate `as` value and it is preloaded intentionally.
[2025-05-17 12:58:21.278] [warn]  The resource https://discord.com/assets/189422196a4f8b53.woff2 was preloaded using link preload but not used within a few seconds from the window's load event. Please make sure it has an appropriate `as` value and it is preloaded intentionally.
[2025-05-17 12:58:21.279] [warn]  The resource https://discord.com/assets/ce3b8055f5114434.woff2 was preloaded using link preload but not used within a few seconds from the window's load event. Please make sure it has an appropriate `as` value and it is preloaded intentionally.
[2025-05-17 12:58:21.279] [warn]  The resource https://discord.com/assets/cb2006dbced0e246.woff2 was preloaded using link preload but not used within a few seconds from the window's load event. Please make sure it has an appropriate `as` value and it is preloaded intentionally.
[2025-05-17 12:58:21.279] [warn]  The resource https://discord.com/assets/7a6a566c2e88a35d.woff2 was preloaded using link preload but not used within a few seconds from the window's load event. Please make sure it has an appropriate `as` value and it is preloaded intentionally.
[2025-05-17 12:58:21.280] [warn]  The resource https://discord.com/assets/e52f0cba712e2fb4.woff2 was preloaded using link preload but not used within a few seconds from the window's load event. Please make sure it has an appropriate `as` value and it is preloaded intentionally.
[2025-05-17 12:58:21.280] [warn]  The resource https://discord.com/assets/dd24010f3cf7def7.woff2 was preloaded using link preload but not used within a few seconds from the window's load event. Please make sure it has an appropriate `as` value and it is preloaded intentionally.
